2026-09-20 18:25:07 | INFO | matplotlib.font_manager | Failed to extract font properties from /usr/share/fonts/truetype/noto/NotoColorEmoji.ttf: In FT2Font: Can not load face (unknown file format; error code 0x2)
2026-09-20 18:25:07 | INFO | matplotlib.font_manager | Failed to extract font properties from /usr/share/fonts/truetype/noto/NotoColorEmoji.ttf: In FT2Font: Can not load face (unknown file format; error code 0x2)
2026-09-20 18:25:07 | INFO | matplotlib.font_manager | Failed to extract font properties from /usr/share/fonts/truetype/unifont/unifont_sample.ttf: In FT2Font: Could not set the fontsize (invalid pixel size; error code 0x17)
2026-09-20 18:25:07 | INFO | matplotlib.font_manager | Failed to extract font properties from /usr/share/fonts/truetype/unifont/unifont_sample.ttf: In FT2Font: Could not set the fontsize (invalid pixel size; error code 0x17)
2026-09-20 18:25:07 | INFO | matplotlib.font_manager | generated new fontManager
2026-09-20 18:25:07 | INFO | matplotlib.font_manager | generated new fontManager
2026-09-20 18:25:08 | INFO | __main__ | Start loading language model
2026-09-20 18:25:08 | INFO | __main__ | Finished loading language model
2026-09-20 18:25:08 | INFO | __main__ | Wandb is not enabled
git root error: Cmd('git') failed due to: exit code(128)
  cmdline: git rev-parse --show-toplevel
  stderr: 'fatal: detected dubious ownership in repository at '/root/agentboard'
To add an exception for this directory, call:

	git config --global --add safe.directory /root/agentboard'
git root error: Cmd('git') failed due to: exit code(128)
  cmdline: git rev-parse --show-toplevel
  stderr: 'fatal: detected dubious ownership in repository at '/root/agentboard'
To add an exception for this directory, call:

	git config --global --add safe.directory /root/agentboard'
2026-09-20 18:25:08 | INFO | __main__ | Tested tasks: 
2026-09-20 18:25:08 | INFO | __main__ | Start evaluating task scienceworld
2026-09-20 18:25:08 | INFO | py4j.java_gateway | Callback Server Starting
2026-09-20 18:25:08 | INFO | py4j.java_gateway | Callback Server Starting
2026-09-20 18:25:08 | INFO | py4j.java_gateway | Socket listening on ('127.0.0.1', 32777)
2026-09-20 18:25:08 | INFO | py4j.java_gateway | Socket listening on ('127.0.0.1', 32777)
--- Logging error ---
Traceback (most recent call last):
  File "/root/miniconda3/envs/agentboard/lib/python3.8/logging/__init__.py", line 1085, in emit
    msg = self.format(record)
  File "/root/miniconda3/envs/agentboard/lib/python3.8/logging/__init__.py", line 929, in format
    return fmt.format(record)
  File "/root/agentboard/agentboard/utils/logging/agent_logger.py", line 26, in format
    return logging.Formatter.format(self, record)
  File "/root/miniconda3/envs/agentboard/lib/python3.8/logging/__init__.py", line 668, in format
    record.message = record.getMessage()
  File "/root/miniconda3/envs/agentboard/lib/python3.8/logging/__init__.py", line 373, in getMessage
    msg = msg % self.args
TypeError: not all arguments converted during string formatting
Call stack:
  File "agentboard/eval_main.py", line 194, in <module>
    main()
  File "agentboard/eval_main.py", line 173, in main
    easy_sr, hard_sr, easy_pr, hard_pr = task.evaluate()
  File "/root/agentboard/agentboard/tasks/scienceworld.py", line 130, in evaluate
    self.env = load_environment("scienceworld", self.env_cfg)
  File "/root/agentboard/agentboard/environment/__init__.py", line 54, in load_environment
    env = registry.get_environment_class(name).from_config(config)
  File "/root/agentboard/agentboard/environment/scienceworld_env.py", line 146, in from_config
    env = cls(serverPath=serverPath,
  File "/root/agentboard/agentboard/environment/scienceworld_env.py", line 15, in __init__
    self.env = ScienceWorldEnv("", serverPath, envStepLimit=envStepLimit)
  File "/root/miniconda3/envs/agentboard/lib/python3.8/site-packages/scienceworld/scienceworld.py", line 51, in __init__
    logger.info("ScienceWorld server running on port", port)
  File "/root/miniconda3/envs/agentboard/lib/python3.8/logging/__init__.py", line 1446, in info
    self._log(INFO, msg, args, **kwargs)
  File "/root/miniconda3/envs/agentboard/lib/python3.8/logging/__init__.py", line 1589, in _log
    self.handle(record)
  File "/root/miniconda3/envs/agentboard/lib/python3.8/logging/__init__.py", line 1599, in handle
    self.callHandlers(record)
  File "/root/miniconda3/envs/agentboard/lib/python3.8/logging/__init__.py", line 1661, in callHandlers
    hdlr.handle(record)
  File "/root/miniconda3/envs/agentboard/lib/python3.8/logging/__init__.py", line 954, in handle
    self.emit(record)
  File "/root/agentboard/agentboard/utils/logging/agent_logger.py", line 44, in emit
    super().emit(record)
Message: 'ScienceWorld server running on port'
Arguments: (42705,)
2026-09-20 18:25:09 | GOAL | tasks.scienceworld | [1;34mExample 0 | Goal: task_name: lifespan-longest-lived, var: 5, Your task is to find the animal with the longest life span.  The animals are in the 'outside' location.  Focus on the animal with the longest life span.[0m
2026-09-20 18:25:09 | INFO | scienceworld.scienceworld | Loading: lifespan-longest-lived (variation: 5) (simplifications: selfWateringFlowerPots,openContainers,openDoors,noElectricalAction)
2026-09-20 18:25:09 | INFO | tasks.scienceworld | Step 00 - Observation: This room is called the workshop. In it, you see: 
	the agent
	a substance called air
	a table. On the table is: a battery, a black wire, a blue wire, a orange wire, a red light bulb, which is off, a switch, which is off, a violet light bulb, which is off, a yellow light bulb, which is off.
	a ultra low temperature freezer. The ultra low temperature freezer door is closed. 
You also see:
	A door to the hallway (that is open)
In your inventory, you see:
	an orange

Warning: model not found. Using cl100k_base encoding.
2026-09-20 18:25:42 | INFO | tasks.scienceworld | Step 00 - Action: go to hallway
2026-09-20 18:25:43 | INFO | tasks.scienceworld | Step 00 - Observation: You move to the hallway.
2026-09-20 18:25:43 | INFO | tasks.scienceworld | Step 00 - Progress Rate: 0.0

Warning: model not found. Using cl100k_base encoding.
2026-09-20 18:25:44 | INFO | tasks.scienceworld | Step 01 - Action: look around
2026-09-20 18:25:45 | INFO | tasks.scienceworld | Step 01 - Observation: This room is called the hallway. In it, you see: 
	the agent
	a substance called air
	a painting
You also see:
	A door to the art studio (that is open)
	A door to the bedroom (that is open)
	A door to the greenhouse (that is open)
	A door to the kitchen (that is open)
	A door to the living room (that is open)
	A door to the workshop (that is open)
2026-09-20 18:25:45 | INFO | tasks.scienceworld | Step 01 - Progress Rate: 0.0

Warning: model not found. Using cl100k_base encoding.
2026-09-20 18:25:45 | INFO | tasks.scienceworld | Step 02 - Action: go to kitchen
2026-09-20 18:25:45 | INFO | tasks.scienceworld | Step 02 - Observation: You move to the kitchen.
2026-09-20 18:25:45 | INFO | tasks.scienceworld | Step 02 - Progress Rate: 0.0

Warning: model not found. Using cl100k_base encoding.
2026-09-20 18:25:46 | INFO | tasks.scienceworld | Step 03 - Action: go to outside
2026-09-20 18:25:46 | INFO | tasks.scienceworld | Step 03 - Observation: You move to the outside.
2026-09-20 18:25:46 | INFO | tasks.scienceworld | Step 03 - Progress Rate: 0.5

Warning: model not found. Using cl100k_base encoding.
2026-09-20 18:25:47 | INFO | tasks.scienceworld | Step 04 - Action: look around
2026-09-20 18:25:47 | INFO | tasks.scienceworld | Step 04 - Observation: This outside location is called the outside. Here you see: 
	the agent
	a substance called air
	an axe
	a crocodile egg
	a fire pit (containing nothing)
	a fountain (containing a substance called water)
	the ground
	a baby mouse
	a baby rabbit
	a substance called wood
You also see:
	A door to the foundry (that is open)
	A door to the greenhouse (that is open)
	A door to the kitchen (that is open)
2026-09-20 18:25:47 | INFO | tasks.scienceworld | Step 04 - Progress Rate: 0.5

Warning: model not found. Using cl100k_base encoding.
2026-09-20 18:25:48 | INFO | tasks.scienceworld | Step 05 - Action: focus on baby mouse
2026-09-20 18:25:48 | INFO | tasks.scienceworld | Step 05 - Observation: You focus on the baby mouse.
2026-09-20 18:25:48 | INFO | tasks.scienceworld | Step 05 - Progress Rate: 0.5

Warning: model not found. Using cl100k_base encoding.
2026-09-20 18:25:50 | INFO | tasks.scienceworld | Step 06 - Action: look at baby mouse
2026-09-20 18:25:50 | INFO | tasks.scienceworld | Step 06 - Observation: a baby mouse
2026-09-20 18:25:50 | INFO | tasks.scienceworld | Step 06 - Progress Rate: 0.5

Warning: model not found. Using cl100k_base encoding.
2026-09-20 18:25:52 | INFO | tasks.scienceworld | Step 07 - Action: focus on crocodile egg
2026-09-20 18:25:52 | INFO | tasks.scienceworld | Step 07 - Observation: You focus on the crocodile egg.
2026-09-20 18:25:52 | INFO | tasks.scienceworld | Step 07 - Progress Rate: 1.0

2026-09-20 18:25:52 | FINISH | tasks.scienceworld | [1;33mExample 0 | Success: True , Progress Rate: 1.0 , Steps: 8
[0m
2026-09-20 18:25:52 | GOAL | tasks.scienceworld | [1;34mExample 1 | Goal: task_name: lifespan-longest-lived, var: 6, Your task is to find the animal with the longest life span.  The animals are in the 'outside' location.  Focus on the animal with the longest life span.[0m
2026-09-20 18:25:52 | INFO | scienceworld.scienceworld | Loading: lifespan-longest-lived (variation: 6) (simplifications: selfWateringFlowerPots,openContainers,openDoors,noElectricalAction)
2026-09-20 18:25:52 | INFO | tasks.scienceworld | Step 00 - Observation: This room is called the greenhouse. In it, you see: 
	the agent
	a substance called air
	a bee hive. The bee hive door is closed. 
	a jug (containing nothing)
	a shovel
	a sink, which is turned off. In the sink is: nothing.
You also see:
	A door to the hallway (that is open)
	A door to the outside (that is open)
In your inventory, you see:
	an orange

Warning: model not found. Using cl100k_base encoding.
2026-09-20 18:25:53 | INFO | tasks.scienceworld | Step 00 - Action: go to outside
2026-09-20 18:25:53 | INFO | tasks.scienceworld | Step 00 - Observation: You move to the outside.
2026-09-20 18:25:53 | INFO | tasks.scienceworld | Step 00 - Progress Rate: 0.5

Warning: model not found. Using cl100k_base encoding.
2026-09-20 18:25:54 | INFO | tasks.scienceworld | Step 01 - Action: look around
2026-09-20 18:25:54 | INFO | tasks.scienceworld | Step 01 - Observation: This outside location is called the outside. Here you see: 
	the agent
	a substance called air
	an axe
	a baby dragonfly
	a fire pit (containing nothing)
	a fountain (containing a substance called water)
	a giant tortoise egg
	the ground
	a baby wolf
	a substance called wood
You also see:
	A door to the foundry (that is open)
	A door to the greenhouse (that is open)
	A door to the kitchen (that is open)
2026-09-20 18:25:54 | INFO | tasks.scienceworld | Step 01 - Progress Rate: 0.5

Warning: model not found. Using cl100k_base encoding.
2026-09-20 18:25:55 | INFO | tasks.scienceworld | Step 02 - Action: focus on baby wolf
2026-09-20 18:25:55 | INFO | tasks.scienceworld | Step 02 - Observation: You focus on the baby wolf.
2026-09-20 18:25:55 | INFO | tasks.scienceworld | Step 02 - Progress Rate: 0.5

Warning: model not found. Using cl100k_base encoding.
2026-09-20 18:25:59 | INFO | tasks.scienceworld | Step 03 - Action: focus on giant tortoise egg
2026-09-20 18:25:59 | INFO | tasks.scienceworld | Step 03 - Observation: You focus on the giant tortoise egg.
2026-09-20 18:25:59 | INFO | tasks.scienceworld | Step 03 - Progress Rate: 1.0

2026-09-20 18:25:59 | FINISH | tasks.scienceworld | [1;33mExample 1 | Success: True , Progress Rate: 1.0 , Steps: 4
[0m
2026-09-20 18:25:59 | GOAL | tasks.scienceworld | [1;34mExample 2 | Goal: task_name: lifespan-longest-lived, var: 7, Your task is to find the animal with the longest life span.  The animals are in the 'outside' location.  Focus on the animal with the longest life span.[0m
2026-09-20 18:25:59 | INFO | scienceworld.scienceworld | Loading: lifespan-longest-lived (variation: 7) (simplifications: selfWateringFlowerPots,openContainers,openDoors,noElectricalAction)
2026-09-20 18:25:59 | INFO | tasks.scienceworld | Step 00 - Observation: This room is called the hallway. In it, you see: 
	the agent
	a substance called air
	a drawing
You also see:
	A door to the art studio (that is open)
	A door to the bedroom (that is open)
	A door to the greenhouse (that is open)
	A door to the kitchen (that is open)
	A door to the living room (that is open)
	A door to the workshop (that is open)
In your inventory, you see:
	an orange

Warning: model not found. Using cl100k_base encoding.
2026-09-20 18:26:00 | INFO | tasks.scienceworld | Step 00 - Action: go to kitchen
2026-09-20 18:26:00 | INFO | tasks.scienceworld | Step 00 - Observation: You move to the kitchen.
2026-09-20 18:26:00 | INFO | tasks.scienceworld | Step 00 - Progress Rate: 0.0

Warning: model not found. Using cl100k_base encoding.
2026-09-20 18:26:01 | INFO | tasks.scienceworld | Step 01 - Action: go to outside
2026-09-20 18:26:01 | INFO | tasks.scienceworld | Step 01 - Observation: You move to the outside.
2026-09-20 18:26:01 | INFO | tasks.scienceworld | Step 01 - Progress Rate: 0.5

Warning: model not found. Using cl100k_base encoding.
2026-09-20 18:26:02 | INFO | tasks.scienceworld | Step 02 - Action: look around
2026-09-20 18:26:02 | INFO | tasks.scienceworld | Step 02 - Observation: This outside location is called the outside. Here you see: 
	the agent
	a substance called air
	an axe
	a chameleon egg
	a frog egg
	a crocodile egg
	a fire pit (containing nothing)
	a fountain (containing a substance called water)
	the ground
	a substance called wood
You also see:
	A door to the foundry (that is open)
	A door to the greenhouse (that is open)
	A door to the kitchen (that is open)
2026-09-20 18:26:02 | INFO | tasks.scienceworld | Step 02 - Progress Rate: 0.5

Warning: model not found. Using cl100k_base encoding.
2026-09-20 18:26:04 | INFO | tasks.scienceworld | Step 03 - Action: look at crocodile egg
2026-09-20 18:26:04 | INFO | tasks.scienceworld | Step 03 - Observation: a crocodile egg
2026-09-20 18:26:04 | INFO | tasks.scienceworld | Step 03 - Progress Rate: 0.5

Warning: model not found. Using cl100k_base encoding.
2026-09-20 18:26:09 | INFO | tasks.scienceworld | Step 04 - Action: look at chameleon egg
2026-09-20 18:26:09 | INFO | tasks.scienceworld | Step 04 - Observation: a chameleon egg
2026-09-20 18:26:09 | INFO | tasks.scienceworld | Step 04 - Progress Rate: 0.5

Warning: model not found. Using cl100k_base encoding.
2026-09-20 18:26:12 | INFO | tasks.scienceworld | Step 05 - Action: focus on crocodile egg
2026-09-20 18:26:12 | INFO | tasks.scienceworld | Step 05 - Observation: You focus on the crocodile egg.
2026-09-20 18:26:12 | INFO | tasks.scienceworld | Step 05 - Progress Rate: 1.0

2026-09-20 18:26:12 | FINISH | tasks.scienceworld | [1;33mExample 2 | Success: True , Progress Rate: 1.0 , Steps: 6
[0m
2026-09-20 18:26:12 | GOAL | tasks.scienceworld | [1;34mExample 3 | Goal: task_name: lifespan-longest-lived-then-shortest-lived, var: 5, Your task is to find the animal with the longest life span, then the shortest life span. Focus on the animal with the longest life span.  You also need to focus on the animal with the shortest life span. The animals are in the 'outside' location.[0m
2026-09-20 18:26:12 | INFO | scienceworld.scienceworld | Loading: lifespan-longest-lived-then-shortest-lived (variation: 5) (simplifications: selfWateringFlowerPots,openContainers,openDoors,noElectricalAction)
2026-09-20 18:26:12 | INFO | tasks.scienceworld | Step 00 - Observation: This room is called the workshop. In it, you see: 
	the agent
	a substance called air
	a table. On the table is: a battery, a black wire, a blue wire, a orange wire, a red light bulb, which is off, a switch, which is off, a violet light bulb, which is off, a yellow light bulb, which is off.
	a ultra low temperature freezer. The ultra low temperature freezer door is closed. 
You also see:
	A door to the hallway (that is open)
In your inventory, you see:
	an orange

Warning: model not found. Using cl100k_base encoding.
2026-09-20 18:26:13 | INFO | tasks.scienceworld | Step 00 - Action: look around
2026-09-20 18:26:13 | INFO | tasks.scienceworld | Step 00 - Observation: This room is called the workshop. In it, you see: 
	the agent
	a substance called air
	a table. On the table is: a battery, a black wire, a blue wire, a orange wire, a red light bulb, which is off, a switch, which is off, a violet light bulb, which is off, a yellow light bulb, which is off.
	a ultra low temperature freezer. The ultra low temperature freezer door is closed. 
You also see:
	A door to the hallway (that is open)
2026-09-20 18:26:13 | INFO | tasks.scienceworld | Step 00 - Progress Rate: 0.0

Warning: model not found. Using cl100k_base encoding.
2026-09-20 18:26:14 | INFO | tasks.scienceworld | Step 01 - Action: go to hallway
2026-09-20 18:26:14 | INFO | tasks.scienceworld | Step 01 - Observation: You move to the hallway.
2026-09-20 18:26:14 | INFO | tasks.scienceworld | Step 01 - Progress Rate: 0.0

Warning: model not found. Using cl100k_base encoding.
2026-09-20 18:26:15 | INFO | tasks.scienceworld | Step 02 - Action: go to outside
2026-09-20 18:26:15 | INFO | tasks.scienceworld | Step 02 - Observation: No known action matches that input.
2026-09-20 18:26:15 | INFO | tasks.scienceworld | Step 02 - Progress Rate: 0.0

Warning: model not found. Using cl100k_base encoding.
2026-09-20 18:26:16 | INFO | tasks.scienceworld | Step 03 - Action: look around
2026-09-20 18:26:16 | INFO | tasks.scienceworld | Step 03 - Observation: This room is called the hallway. In it, you see: 
	the agent
	a substance called air
	a painting
You also see:
	A door to the art studio (that is open)
	A door to the bedroom (that is open)
	A door to the greenhouse (that is open)
	A door to the kitchen (that is open)
	A door to the living room (that is open)
	A door to the workshop (that is open)
2026-09-20 18:26:16 | INFO | tasks.scienceworld | Step 03 - Progress Rate: 0.0

Warning: model not found. Using cl100k_base encoding.
2026-09-20 18:26:17 | INFO | tasks.scienceworld | Step 04 - Action: go to kitchen
2026-09-20 18:26:18 | INFO | tasks.scienceworld | Step 04 - Observation: You move to the kitchen.
2026-09-20 18:26:18 | INFO | tasks.scienceworld | Step 04 - Progress Rate: 0.0

Warning: model not found. Using cl100k_base encoding.
2026-09-20 18:26:18 | INFO | tasks.scienceworld | Step 05 - Action: go to outside
2026-09-20 18:26:18 | INFO | tasks.scienceworld | Step 05 - Observation: You move to the outside.
2026-09-20 18:26:18 | INFO | tasks.scienceworld | Step 05 - Progress Rate: 0.3333333333333333

Warning: model not found. Using cl100k_base encoding.
2026-09-20 18:26:19 | INFO | tasks.scienceworld | Step 06 - Action: look around
2026-09-20 18:26:20 | INFO | tasks.scienceworld | Step 06 - Observation: This outside location is called the outside. Here you see: 
	the agent
	a substance called air
	an axe
	a crocodile egg
	a fire pit (containing nothing)
	a fountain (containing a substance called water)
	the ground
	a baby mouse
	a baby rabbit
	a substance called wood
You also see:
	A door to the foundry (that is open)
	A door to the greenhouse (that is open)
	A door to the kitchen (that is open)
2026-09-20 18:26:20 | INFO | tasks.scienceworld | Step 06 - Progress Rate: 0.3333333333333333

Warning: model not found. Using cl100k_base encoding.
2026-09-20 18:26:21 | INFO | tasks.scienceworld | Step 07 - Action: look at baby mouse
2026-09-20 18:26:21 | INFO | tasks.scienceworld | Step 07 - Observation: a baby mouse
2026-09-20 18:26:21 | INFO | tasks.scienceworld | Step 07 - Progress Rate: 0.3333333333333333

Warning: model not found. Using cl100k_base encoding.
2026-09-20 18:26:24 | INFO | tasks.scienceworld | Step 08 - Action: focus on baby mouse
2026-09-20 18:26:24 | INFO | tasks.scienceworld | Step 08 - Observation: You focus on the baby mouse.
2026-09-20 18:26:24 | INFO | tasks.scienceworld | Step 08 - Progress Rate: 0.6666666666666666

Warning: model not found. Using cl100k_base encoding.
2026-09-20 18:26:27 | INFO | tasks.scienceworld | Step 09 - Action: look at baby rabbit
2026-09-20 18:26:27 | INFO | tasks.scienceworld | Step 09 - Observation: a baby rabbit
2026-09-20 18:26:27 | INFO | tasks.scienceworld | Step 09 - Progress Rate: 0.6666666666666666

Warning: model not found. Using cl100k_base encoding.
2026-09-20 18:26:31 | INFO | tasks.scienceworld | Step 10 - Action: look at crocodile egg
2026-09-20 18:26:31 | INFO | tasks.scienceworld | Step 10 - Observation: a crocodile egg
2026-09-20 18:26:31 | INFO | tasks.scienceworld | Step 10 - Progress Rate: 0.6666666666666666

Warning: model not found. Using cl100k_base encoding.
2026-09-20 18:26:45 | INFO | tasks.scienceworld | Step 11 - Action: focus on crocodile egg
2026-09-20 18:26:45 | INFO | tasks.scienceworld | Step 11 - Observation: You focus on the crocodile egg.
2026-09-20 18:26:45 | INFO | tasks.scienceworld | Step 11 - Progress Rate: 1.0

2026-09-20 18:26:45 | FINISH | tasks.scienceworld | [1;33mExample 3 | Success: True , Progress Rate: 1.0 , Steps: 12
[0m
2026-09-20 18:26:45 | GOAL | tasks.scienceworld | [1;34mExample 4 | Goal: task_name: lifespan-longest-lived-then-shortest-lived, var: 6, Your task is to find the animal with the longest life span, then the shortest life span. Focus on the animal with the longest life span.  You also need to focus on the animal with the shortest life span. The animals are in the 'outside' location.[0m
2026-09-20 18:26:45 | INFO | scienceworld.scienceworld | Loading: lifespan-longest-lived-then-shortest-lived (variation: 6) (simplifications: selfWateringFlowerPots,openContainers,openDoors,noElectricalAction)
2026-09-20 18:26:45 | INFO | tasks.scienceworld | Step 00 - Observation: This room is called the greenhouse. In it, you see: 
	the agent
	a substance called air
	a bee hive. The bee hive door is closed. 
	a jug (containing nothing)
	a shovel
	a sink, which is turned off. In the sink is: nothing.
You also see:
	A door to the hallway (that is open)
	A door to the outside (that is open)
In your inventory, you see:
	an orange

Warning: model not found. Using cl100k_base encoding.
2026-09-20 18:26:46 | INFO | tasks.scienceworld | Step 00 - Action: go to outside
2026-09-20 18:26:46 | INFO | tasks.scienceworld | Step 00 - Observation: You move to the outside.
2026-09-20 18:26:46 | INFO | tasks.scienceworld | Step 00 - Progress Rate: 0.3333333333333333

Warning: model not found. Using cl100k_base encoding.
2026-09-20 18:26:47 | INFO | tasks.scienceworld | Step 01 - Action: look around
2026-09-20 18:26:47 | INFO | tasks.scienceworld | Step 01 - Observation: This outside location is called the outside. Here you see: 
	the agent
	a substance called air
	an axe
	a baby dragonfly
	a fire pit (containing nothing)
	a fountain (containing a substance called water)
	a giant tortoise egg
	the ground
	a baby wolf
	a substance called wood
You also see:
	A door to the foundry (that is open)
	A door to the greenhouse (that is open)
	A door to the kitchen (that is open)
2026-09-20 18:26:47 | INFO | tasks.scienceworld | Step 01 - Progress Rate: 0.3333333333333333

Warning: model not found. Using cl100k_base encoding.
2026-09-20 18:26:48 | INFO | tasks.scienceworld | Step 02 - Action: look at baby dragonfly
2026-09-20 18:26:48 | INFO | tasks.scienceworld | Step 02 - Observation: a baby dragonfly
2026-09-20 18:26:48 | INFO | tasks.scienceworld | Step 02 - Progress Rate: 0.3333333333333333

Warning: model not found. Using cl100k_base encoding.
2026-09-20 18:26:50 | INFO | tasks.scienceworld | Step 03 - Action: focus on baby dragonfly
2026-09-20 18:26:50 | INFO | tasks.scienceworld | Step 03 - Observation: You focus on the baby dragonfly.
2026-09-20 18:26:50 | INFO | tasks.scienceworld | Step 03 - Progress Rate: 0.6666666666666666

Warning: model not found. Using cl100k_base encoding.
2026-09-20 18:26:53 | INFO | tasks.scienceworld | Step 04 - Action: look at baby wolf
2026-09-20 18:26:53 | INFO | tasks.scienceworld | Step 04 - Observation: a baby wolf
2026-09-20 18:26:53 | INFO | tasks.scienceworld | Step 04 - Progress Rate: 0.6666666666666666

Warning: model not found. Using cl100k_base encoding.
2026-09-20 18:27:01 | INFO | tasks.scienceworld | Step 05 - Action: look at giant tortoise egg
2026-09-20 18:27:01 | INFO | tasks.scienceworld | Step 05 - Observation: a giant tortoise egg
2026-09-20 18:27:01 | INFO | tasks.scienceworld | Step 05 - Progress Rate: 0.6666666666666666

Warning: model not found. Using cl100k_base encoding.
2026-09-20 18:27:15 | INFO | tasks.scienceworld | Step 06 - Action: 
2026-09-20 18:27:15 | INFO | tasks.scienceworld | Step 06 - Observation: No known action matches that input.
2026-09-20 18:27:15 | INFO | tasks.scienceworld | Step 06 - Progress Rate: 0.6666666666666666

Warning: model not found. Using cl100k_base encoding.
2026-09-20 18:27:29 | INFO | tasks.scienceworld | Step 07 - Action: 
2026-09-20 18:27:29 | INFO | tasks.scienceworld | Step 07 - Observation: No known action matches that input.
2026-09-20 18:27:29 | INFO | tasks.scienceworld | Step 07 - Progress Rate: 0.6666666666666666

Warning: model not found. Using cl100k_base encoding.
2026-09-20 18:27:40 | INFO | tasks.scienceworld | Step 08 - Action: focus on giant tortoise egg
2026-09-20 18:27:40 | INFO | tasks.scienceworld | Step 08 - Observation: You focus on the giant tortoise egg.
2026-09-20 18:27:40 | INFO | tasks.scienceworld | Step 08 - Progress Rate: 1.0

2026-09-20 18:27:40 | FINISH | tasks.scienceworld | [1;33mExample 4 | Success: True , Progress Rate: 1.0 , Steps: 9
[0m
2026-09-20 18:27:40 | GOAL | tasks.scienceworld | [1;34mExample 5 | Goal: task_name: lifespan-longest-lived-then-shortest-lived, var: 7, Your task is to find the animal with the longest life span, then the shortest life span. Focus on the animal with the longest life span.  You also need to focus on the animal with the shortest life span. The animals are in the 'outside' location.[0m
2026-09-20 18:27:40 | INFO | scienceworld.scienceworld | Loading: lifespan-longest-lived-then-shortest-lived (variation: 7) (simplifications: selfWateringFlowerPots,openContainers,openDoors,noElectricalAction)
2026-09-20 18:27:40 | INFO | tasks.scienceworld | Step 00 - Observation: This room is called the hallway. In it, you see: 
	the agent
	a substance called air
	a drawing
You also see:
	A door to the art studio (that is open)
	A door to the bedroom (that is open)
	A door to the greenhouse (that is open)
	A door to the kitchen (that is open)
	A door to the living room (that is open)
	A door to the workshop (that is open)
In your inventory, you see:
	an orange

Warning: model not found. Using cl100k_base encoding.
2026-09-20 18:27:41 | INFO | tasks.scienceworld | Step 00 - Action: go to kitchen
2026-09-20 18:27:41 | INFO | tasks.scienceworld | Step 00 - Observation: You move to the kitchen.
2026-09-20 18:27:41 | INFO | tasks.scienceworld | Step 00 - Progress Rate: 0.0

Warning: model not found. Using cl100k_base encoding.
2026-09-20 18:27:42 | INFO | tasks.scienceworld | Step 01 - Action: go to outside
2026-09-20 18:27:42 | INFO | tasks.scienceworld | Step 01 - Observation: You move to the outside.
2026-09-20 18:27:42 | INFO | tasks.scienceworld | Step 01 - Progress Rate: 0.3333333333333333

Warning: model not found. Using cl100k_base encoding.
2026-09-20 18:27:43 | INFO | tasks.scienceworld | Step 02 - Action: look around
2026-09-20 18:27:43 | INFO | tasks.scienceworld | Step 02 - Observation: This outside location is called the outside. Here you see: 
	the agent
	a substance called air
	an axe
	a chameleon egg
	a frog egg
	a crocodile egg
	a fire pit (containing nothing)
	a fountain (containing a substance called water)
	the ground
	a substance called wood
You also see:
	A door to the foundry (that is open)
	A door to the greenhouse (that is open)
	A door to the kitchen (that is open)
2026-09-20 18:27:43 | INFO | tasks.scienceworld | Step 02 - Progress Rate: 0.3333333333333333

Warning: model not found. Using cl100k_base encoding.
2026-09-20 18:27:44 | INFO | tasks.scienceworld | Step 03 - Action: look at chameleon egg
2026-09-20 18:27:44 | INFO | tasks.scienceworld | Step 03 - Observation: a chameleon egg
2026-09-20 18:27:44 | INFO | tasks.scienceworld | Step 03 - Progress Rate: 0.3333333333333333

Warning: model not found. Using cl100k_base encoding.
2026-09-20 18:27:50 | INFO | tasks.scienceworld | Step 04 - Action: focus on chameleon egg
2026-09-20 18:27:50 | INFO | tasks.scienceworld | Step 04 - Observation: You focus on the chameleon egg.
2026-09-20 18:27:50 | INFO | tasks.scienceworld | Step 04 - Progress Rate: 0.6666666666666666

Warning: model not found. Using cl100k_base encoding.
2026-09-20 18:28:05 | INFO | tasks.scienceworld | Step 05 - Action: 
2026-09-20 18:28:05 | INFO | tasks.scienceworld | Step 05 - Observation: No known action matches that input.
2026-09-20 18:28:05 | INFO | tasks.scienceworld | Step 05 - Progress Rate: 0.6666666666666666

Warning: model not found. Using cl100k_base encoding.
2026-09-20 18:28:08 | INFO | tasks.scienceworld | Step 06 - Action: check valid actions
2026-09-20 18:28:08 | INFO | tasks.scienceworld | Step 06 - Observation: Choose an action from these valid actions: activate OBJ, close OBJ, deactivate OBJ, dunk OBJ in OBJ, eat OBJ, flush OBJ, focus on OBJ, go OBJ, inventory, look around, look at OBJ, look in OBJ, mix OBJ, move OBJ to OBJ, open OBJ, pick up OBJ, pour OBJ in OBJ, put down OBJ, read OBJ, task, use OBJ on OBJ, wait, wait1, check valid actions
2026-09-20 18:28:08 | INFO | tasks.scienceworld | Step 06 - Progress Rate: 0.6666666666666666

Warning: model not found. Using cl100k_base encoding.
2026-09-20 18:28:12 | INFO | tasks.scienceworld | Step 07 - Action: look at frog egg
2026-09-20 18:28:12 | INFO | tasks.scienceworld | Step 07 - Observation: a frog egg
2026-09-20 18:28:12 | INFO | tasks.scienceworld | Step 07 - Progress Rate: 0.6666666666666666

Warning: model not found. Using cl100k_base encoding.
2026-09-20 18:28:25 | INFO | tasks.scienceworld | Step 08 - Action: focus on frog egg
2026-09-20 18:28:25 | INFO | tasks.scienceworld | Step 08 - Observation: You focus on the frog egg.
2026-09-20 18:28:25 | INFO | tasks.scienceworld | Step 08 - Progress Rate: 0.6666666666666666

Warning: model not found. Using cl100k_base encoding.
2026-09-20 18:28:40 | INFO | tasks.scienceworld | Step 09 - Action: 
2026-09-20 18:28:40 | INFO | tasks.scienceworld | Step 09 - Observation: No known action matches that input.
2026-09-20 18:28:40 | INFO | tasks.scienceworld | Step 09 - Progress Rate: 0.6666666666666666

Warning: model not found. Using cl100k_base encoding.
2026-09-20 18:28:54 | INFO | tasks.scienceworld | Step 10 - Action: 
2026-09-20 18:28:54 | INFO | tasks.scienceworld | Step 10 - Observation: No known action matches that input.
2026-09-20 18:28:54 | INFO | tasks.scienceworld | Step 10 - Progress Rate: 0.6666666666666666

Warning: model not found. Using cl100k_base encoding.
2026-09-20 18:29:08 | INFO | tasks.scienceworld | Step 11 - Action: 
2026-09-20 18:29:08 | INFO | tasks.scienceworld | Step 11 - Observation: No known action matches that input.
2026-09-20 18:29:08 | INFO | tasks.scienceworld | Step 11 - Progress Rate: 0.6666666666666666

Warning: model not found. Using cl100k_base encoding.
2026-09-20 18:29:21 | INFO | tasks.scienceworld | Step 12 - Action: 
2026-09-20 18:29:21 | INFO | tasks.scienceworld | Step 12 - Observation: No known action matches that input.
2026-09-20 18:29:21 | INFO | tasks.scienceworld | Step 12 - Progress Rate: 0.6666666666666666

Warning: model not found. Using cl100k_base encoding.
2026-09-20 18:29:31 | INFO | tasks.scienceworld | Step 13 - Action: look at crocodile egg
2026-09-20 18:29:31 | INFO | tasks.scienceworld | Step 13 - Observation: a crocodile egg
2026-09-20 18:29:31 | INFO | tasks.scienceworld | Step 13 - Progress Rate: 0.6666666666666666

Warning: model not found. Using cl100k_base encoding.
2026-09-20 18:29:46 | INFO | tasks.scienceworld | Step 14 - Action: 
2026-09-20 18:29:46 | INFO | tasks.scienceworld | Step 14 - Observation: No known action matches that input.
2026-09-20 18:29:46 | INFO | tasks.scienceworld | Step 14 - Progress Rate: 0.6666666666666666

Warning: model not found. Using cl100k_base encoding.
2026-09-20 18:30:00 | INFO | tasks.scienceworld | Step 15 - Action: 
2026-09-20 18:30:00 | INFO | tasks.scienceworld | Step 15 - Observation: No known action matches that input.
2026-09-20 18:30:00 | INFO | tasks.scienceworld | Step 15 - Progress Rate: 0.6666666666666666

Warning: model not found. Using cl100k_base encoding.
2026-09-20 18:30:14 | INFO | tasks.scienceworld | Step 16 - Action: 
2026-09-20 18:30:14 | INFO | tasks.scienceworld | Step 16 - Observation: No known action matches that input.
2026-09-20 18:30:14 | INFO | tasks.scienceworld | Step 16 - Progress Rate: 0.6666666666666666

Warning: model not found. Using cl100k_base encoding.
2026-09-20 18:30:24 | INFO | tasks.scienceworld | Step 17 - Action: focus on crocodile egg
2026-09-20 18:30:25 | INFO | tasks.scienceworld | Step 17 - Observation: You focus on the crocodile egg.
2026-09-20 18:30:25 | INFO | tasks.scienceworld | Step 17 - Progress Rate: 1.0

2026-09-20 18:30:25 | FINISH | tasks.scienceworld | [1;33mExample 5 | Success: True , Progress Rate: 1.0 , Steps: 18
[0m
2026-09-20 18:30:25 | GOAL | tasks.scienceworld | [1;34mExample 6 | Goal: task_name: lifespan-shortest-lived, var: 5, Your task is to find the animal with the shortest life span.  The animals are in the 'outside' location.  Focus on the animal with the shortest life span.[0m
2026-09-20 18:30:25 | INFO | scienceworld.scienceworld | Loading: lifespan-shortest-lived (variation: 5) (simplifications: selfWateringFlowerPots,openContainers,openDoors,noElectricalAction)
2026-09-20 18:30:25 | INFO | tasks.scienceworld | Step 00 - Observation: This room is called the workshop. In it, you see: 
	the agent
	a substance called air
	a table. On the table is: a battery, a black wire, a blue wire, a orange wire, a red light bulb, which is off, a switch, which is off, a violet light bulb, which is off, a yellow light bulb, which is off.
	a ultra low temperature freezer. The ultra low temperature freezer door is closed. 
You also see:
	A door to the hallway (that is open)
In your inventory, you see:
	an orange

Warning: model not found. Using cl100k_base encoding.
2026-09-20 18:30:26 | INFO | tasks.scienceworld | Step 00 - Action: go to hallway
2026-09-20 18:30:26 | INFO | tasks.scienceworld | Step 00 - Observation: You move to the hallway.
2026-09-20 18:30:26 | INFO | tasks.scienceworld | Step 00 - Progress Rate: 0.0

Warning: model not found. Using cl100k_base encoding.
2026-09-20 18:30:27 | INFO | tasks.scienceworld | Step 01 - Action: look around
2026-09-20 18:30:27 | INFO | tasks.scienceworld | Step 01 - Observation: This room is called the hallway. In it, you see: 
	the agent
	a substance called air
	a painting
You also see:
	A door to the art studio (that is open)
	A door to the bedroom (that is open)
	A door to the greenhouse (that is open)
	A door to the kitchen (that is open)
	A door to the living room (that is open)
	A door to the workshop (that is open)
2026-09-20 18:30:27 | INFO | tasks.scienceworld | Step 01 - Progress Rate: 0.0

Warning: model not found. Using cl100k_base encoding.
2026-09-20 18:30:28 | INFO | tasks.scienceworld | Step 02 - Action: go to kitchen
2026-09-20 18:30:28 | INFO | tasks.scienceworld | Step 02 - Observation: You move to the kitchen.
2026-09-20 18:30:28 | INFO | tasks.scienceworld | Step 02 - Progress Rate: 0.0

Warning: model not found. Using cl100k_base encoding.
2026-09-20 18:30:29 | INFO | tasks.scienceworld | Step 03 - Action: go to outside
2026-09-20 18:30:29 | INFO | tasks.scienceworld | Step 03 - Observation: You move to the outside.
2026-09-20 18:30:29 | INFO | tasks.scienceworld | Step 03 - Progress Rate: 0.5

Warning: model not found. Using cl100k_base encoding.
2026-09-20 18:30:29 | INFO | tasks.scienceworld | Step 04 - Action: look around
2026-09-20 18:30:29 | INFO | tasks.scienceworld | Step 04 - Observation: This outside location is called the outside. Here you see: 
	the agent
	a substance called air
	an axe
	a crocodile egg
	a fire pit (containing nothing)
	a fountain (containing a substance called water)
	the ground
	a baby mouse
	a baby rabbit
	a substance called wood
You also see:
	A door to the foundry (that is open)
	A door to the greenhouse (that is open)
	A door to the kitchen (that is open)
2026-09-20 18:30:29 | INFO | tasks.scienceworld | Step 04 - Progress Rate: 0.5

Warning: model not found. Using cl100k_base encoding.
2026-09-20 18:30:30 | INFO | tasks.scienceworld | Step 05 - Action: focus on baby mouse
2026-09-20 18:30:30 | INFO | tasks.scienceworld | Step 05 - Observation: You focus on the baby mouse.
2026-09-20 18:30:30 | INFO | tasks.scienceworld | Step 05 - Progress Rate: 1.0

2026-09-20 18:30:31 | FINISH | tasks.scienceworld | [1;33mExample 6 | Success: True , Progress Rate: 1.0 , Steps: 6
[0m
2026-09-20 18:30:31 | GOAL | tasks.scienceworld | [1;34mExample 7 | Goal: task_name: lifespan-shortest-lived, var: 6, Your task is to find the animal with the shortest life span.  The animals are in the 'outside' location.  Focus on the animal with the shortest life span.[0m
2026-09-20 18:30:31 | INFO | scienceworld.scienceworld | Loading: lifespan-shortest-lived (variation: 6) (simplifications: selfWateringFlowerPots,openContainers,openDoors,noElectricalAction)
2026-09-20 18:30:31 | INFO | tasks.scienceworld | Step 00 - Observation: This room is called the greenhouse. In it, you see: 
	the agent
	a substance called air
	a bee hive. The bee hive door is closed. 
	a jug (containing nothing)
	a shovel
	a sink, which is turned off. In the sink is: nothing.
You also see:
	A door to the hallway (that is open)
	A door to the outside (that is open)
In your inventory, you see:
	an orange

Warning: model not found. Using cl100k_base encoding.
2026-09-20 18:30:31 | INFO | tasks.scienceworld | Step 00 - Action: go to outside
2026-09-20 18:30:31 | INFO | tasks.scienceworld | Step 00 - Observation: You move to the outside.
2026-09-20 18:30:31 | INFO | tasks.scienceworld | Step 00 - Progress Rate: 0.5

Warning: model not found. Using cl100k_base encoding.
2026-09-20 18:30:33 | INFO | tasks.scienceworld | Step 01 - Action: look around
2026-09-20 18:30:33 | INFO | tasks.scienceworld | Step 01 - Observation: This outside location is called the outside. Here you see: 
	the agent
	a substance called air
	an axe
	a baby dragonfly
	a fire pit (containing nothing)
	a fountain (containing a substance called water)
	a giant tortoise egg
	the ground
	a baby wolf
	a substance called wood
You also see:
	A door to the foundry (that is open)
	A door to the greenhouse (that is open)
	A door to the kitchen (that is open)
2026-09-20 18:30:33 | INFO | tasks.scienceworld | Step 01 - Progress Rate: 0.5

Warning: model not found. Using cl100k_base encoding.
2026-09-20 18:30:34 | INFO | tasks.scienceworld | Step 02 - Action: look at baby dragonfly
2026-09-20 18:30:34 | INFO | tasks.scienceworld | Step 02 - Observation: a baby dragonfly
2026-09-20 18:30:34 | INFO | tasks.scienceworld | Step 02 - Progress Rate: 0.5

Warning: model not found. Using cl100k_base encoding.
2026-09-20 18:30:35 | INFO | tasks.scienceworld | Step 03 - Action: look at baby wolf
2026-09-20 18:30:36 | INFO | tasks.scienceworld | Step 03 - Observation: a baby wolf
2026-09-20 18:30:36 | INFO | tasks.scienceworld | Step 03 - Progress Rate: 0.5

Warning: model not found. Using cl100k_base encoding.
2026-09-20 18:30:37 | INFO | tasks.scienceworld | Step 04 - Action: focus on baby dragonfly
2026-09-20 18:30:37 | INFO | tasks.scienceworld | Step 04 - Observation: You focus on the baby dragonfly.
2026-09-20 18:30:37 | INFO | tasks.scienceworld | Step 04 - Progress Rate: 1.0

2026-09-20 18:30:37 | FINISH | tasks.scienceworld | [1;33mExample 7 | Success: True , Progress Rate: 1.0 , Steps: 5
[0m
2026-09-20 18:30:37 | GOAL | tasks.scienceworld | [1;34mExample 8 | Goal: task_name: lifespan-shortest-lived, var: 7, Your task is to find the animal with the shortest life span.  The animals are in the 'outside' location.  Focus on the animal with the shortest life span.[0m
2026-09-20 18:30:37 | INFO | scienceworld.scienceworld | Loading: lifespan-shortest-lived (variation: 7) (simplifications: selfWateringFlowerPots,openContainers,openDoors,noElectricalAction)
2026-09-20 18:30:37 | INFO | tasks.scienceworld | Step 00 - Observation: This room is called the hallway. In it, you see: 
	the agent
	a substance called air
	a drawing
You also see:
	A door to the art studio (that is open)
	A door to the bedroom (that is open)
	A door to the greenhouse (that is open)
	A door to the kitchen (that is open)
	A door to the living room (that is open)
	A door to the workshop (that is open)
In your inventory, you see:
	an orange

Warning: model not found. Using cl100k_base encoding.
2026-09-20 18:30:38 | INFO | tasks.scienceworld | Step 00 - Action: go to kitchen
2026-09-20 18:30:38 | INFO | tasks.scienceworld | Step 00 - Observation: You move to the kitchen.
2026-09-20 18:30:38 | INFO | tasks.scienceworld | Step 00 - Progress Rate: 0.0

Warning: model not found. Using cl100k_base encoding.
2026-09-20 18:30:39 | INFO | tasks.scienceworld | Step 01 - Action: go to outside
2026-09-20 18:30:39 | INFO | tasks.scienceworld | Step 01 - Observation: You move to the outside.
2026-09-20 18:30:39 | INFO | tasks.scienceworld | Step 01 - Progress Rate: 0.5

Warning: model not found. Using cl100k_base encoding.
2026-09-20 18:30:40 | INFO | tasks.scienceworld | Step 02 - Action: look around
2026-09-20 18:30:40 | INFO | tasks.scienceworld | Step 02 - Observation: This outside location is called the outside. Here you see: 
	the agent
	a substance called air
	an axe
	a chameleon egg
	a frog egg
	a crocodile egg
	a fire pit (containing nothing)
	a fountain (containing a substance called water)
	the ground
	a substance called wood
You also see:
	A door to the foundry (that is open)
	A door to the greenhouse (that is open)
	A door to the kitchen (that is open)
2026-09-20 18:30:40 | INFO | tasks.scienceworld | Step 02 - Progress Rate: 0.5

Warning: model not found. Using cl100k_base encoding.
2026-09-20 18:30:41 | INFO | tasks.scienceworld | Step 03 - Action: look at chameleon egg
2026-09-20 18:30:41 | INFO | tasks.scienceworld | Step 03 - Observation: a chameleon egg
2026-09-20 18:30:41 | INFO | tasks.scienceworld | Step 03 - Progress Rate: 0.5

Warning: model not found. Using cl100k_base encoding.
2026-09-20 18:30:45 | INFO | tasks.scienceworld | Step 04 - Action: focus on chameleon egg
2026-09-20 18:30:45 | INFO | tasks.scienceworld | Step 04 - Observation: You focus on the chameleon egg.
2026-09-20 18:30:45 | INFO | tasks.scienceworld | Step 04 - Progress Rate: 1.0

2026-09-20 18:30:45 | FINISH | tasks.scienceworld | [1;33mExample 8 | Success: True , Progress Rate: 1.0 , Steps: 5
[0m
2026-09-20 18:30:45 | GOAL | tasks.scienceworld | [1;34mExample 9 | Goal: task_name: measure-melting-point-known-substance, var: 5, Your task is to measure the melting point of gallium, which is located around the kitchen. The objects you can use are thermometer, fridge, metal pot, stove. You should pick up a thermometer in the kitchen. After you melt the gallium, you should use thermometer to measure the temperature of it. If the melting point of gallium is above 150.0 degrees celsius, focus on the blue box. If the melting point of gallium is below 150.0 degrees celsius, focus on the orange box. The boxes are located around the kitchen.[0m
2026-09-20 18:30:45 | INFO | scienceworld.scienceworld | Loading: measure-melting-point-known-substance (variation: 5) (simplifications: selfWateringFlowerPots,openContainers,openDoors,noElectricalAction)
2026-09-20 18:30:45 | INFO | tasks.scienceworld | Step 00 - Observation: This room is called the workshop. In it, you see: 
	the agent
	a substance called air
	a table. On the table is: a battery, a black wire, a blue wire, a orange wire, a red light bulb, which is off, a switch, which is off, a violet light bulb, which is off, a yellow light bulb, which is off.
	a ultra low temperature freezer. The ultra low temperature freezer door is closed. 
You also see:
	A door to the hallway (that is open)
In your inventory, you see:
	an orange

Warning: model not found. Using cl100k_base encoding.
2026-09-20 18:30:46 | INFO | tasks.scienceworld | Step 00 - Action: go to kitchen
2026-09-20 18:30:46 | INFO | tasks.scienceworld | Step 00 - Observation: No known action matches that input.
2026-09-20 18:30:46 | INFO | tasks.scienceworld | Step 00 - Progress Rate: 0.0

Warning: model not found. Using cl100k_base encoding.
2026-09-20 18:30:47 | INFO | tasks.scienceworld | Step 01 - Action: go to hallway
2026-09-20 18:30:47 | INFO | tasks.scienceworld | Step 01 - Observation: You move to the hallway.
2026-09-20 18:30:47 | INFO | tasks.scienceworld | Step 01 - Progress Rate: 0.0

Warning: model not found. Using cl100k_base encoding.
2026-09-20 18:30:48 | INFO | tasks.scienceworld | Step 02 - Action: go to kitchen
2026-09-20 18:30:49 | INFO | tasks.scienceworld | Step 02 - Observation: You move to the kitchen.
2026-09-20 18:30:49 | INFO | tasks.scienceworld | Step 02 - Progress Rate: 0.14285714285714285

Warning: model not found. Using cl100k_base encoding.
2026-09-20 18:30:50 | INFO | tasks.scienceworld | Step 03 - Action: look around
2026-09-20 18:30:50 | INFO | tasks.scienceworld | Step 03 - Observation: This room is called the kitchen. In it, you see: 
	the agent
	a substance called air
	a blue box (containing nothing)
	a chair. On the chair is: nothing.
	a counter. On the counter is: a bowl (containing a red apple, a banana, an orange, a potato), a drawer.
	a cupboard. The cupboard door is closed. 
	a freezer. The freezer door is closed. 
	a fridge. The fridge door is closed. 
	a glass jar (containing a substance called sodium chloride)
	a jug (containing a substance called gallium)
	a lighter
	a orange box (containing nothing)
	a oven, which is turned off. The oven door is closed. 
	a painting
	a sink, which is turned off. In the sink is: nothing.
	a substance called soap
	a stopwatch, which is deactivated. 
	a stove, which is turned off. On the stove is: nothing.
	a table. On the table is: a glass cup (containing nothing).
	a thermometer, currently reading a temperature of 10 degrees celsius
You also see:
	A door to the bathroom (that is open)
	A door to the hallway (that is open)
	A door to the outside (that is open)
2026-09-20 18:30:50 | INFO | tasks.scienceworld | Step 03 - Progress Rate: 0.14285714285714285

Warning: model not found. Using cl100k_base encoding.
2026-09-20 18:30:52 | INFO | tasks.scienceworld | Step 04 - Action: pick up thermometer
2026-09-20 18:30:52 | INFO | tasks.scienceworld | Step 04 - Observation: You move the thermometer to the inventory.
2026-09-20 18:30:52 | INFO | tasks.scienceworld | Step 04 - Progress Rate: 0.2857142857142857

Warning: model not found. Using cl100k_base encoding.
2026-09-20 18:30:55 | INFO | tasks.scienceworld | Step 05 - Action: open cupboard
2026-09-20 18:30:55 | INFO | tasks.scienceworld | Step 05 - Observation: The cupboard is now open.
2026-09-20 18:30:55 | INFO | tasks.scienceworld | Step 05 - Progress Rate: 0.2857142857142857

Warning: model not found. Using cl100k_base encoding.
2026-09-20 18:30:56 | INFO | tasks.scienceworld | Step 06 - Action: look around
2026-09-20 18:30:57 | INFO | tasks.scienceworld | Step 06 - Observation: This room is called the kitchen. In it, you see: 
	the agent
	a substance called air
	a blue box (containing nothing)
	a chair. On the chair is: nothing.
	a counter. On the counter is: a bowl (containing a red apple, a banana, an orange, a potato), a drawer.
	a cupboard. The cupboard door is open. In the cupboard is: a ceramic cup (containing nothing), a drawer, a metal pot (containing nothing), a tin cup (containing nothing).
	a freezer. The freezer door is closed. 
	a fridge. The fridge door is closed. 
	a glass jar (containing a substance called sodium chloride)
	a jug (containing a substance called gallium)
	a lighter
	a orange box (containing nothing)
	a oven, which is turned off. The oven door is closed. 
	a painting
	a sink, which is turned off. In the sink is: nothing.
	a substance called soap
	a stopwatch, which is deactivated. 
	a stove, which is turned off. On the stove is: nothing.
	a table. On the table is: a glass cup (containing nothing).
You also see:
	A door to the bathroom (that is open)
	A door to the hallway (that is open)
	A door to the outside (that is open)
2026-09-20 18:30:57 | INFO | tasks.scienceworld | Step 06 - Progress Rate: 0.2857142857142857

Warning: model not found. Using cl100k_base encoding.
2026-09-20 18:30:59 | INFO | tasks.scienceworld | Step 07 - Action: pick up metal pot
2026-09-20 18:30:59 | INFO | tasks.scienceworld | Step 07 - Observation: You move the metal pot to the inventory.
2026-09-20 18:30:59 | INFO | tasks.scienceworld | Step 07 - Progress Rate: 0.2857142857142857

Warning: model not found. Using cl100k_base encoding.
2026-09-20 18:31:02 | INFO | tasks.scienceworld | Step 08 - Action: pour jug into metal pot
2026-09-20 18:31:02 | INFO | tasks.scienceworld | Step 08 - Observation: You pour the contents of the jug into the metal pot.
2026-09-20 18:31:02 | INFO | tasks.scienceworld | Step 08 - Progress Rate: 0.2857142857142857

Warning: model not found. Using cl100k_base encoding.
2026-09-20 18:31:04 | INFO | tasks.scienceworld | Step 09 - Action: move metal pot to stove
2026-09-20 18:31:04 | INFO | tasks.scienceworld | Step 09 - Observation: You move the metal pot to the stove.
2026-09-20 18:31:04 | INFO | tasks.scienceworld | Step 09 - Progress Rate: 0.42857142857142855

Warning: model not found. Using cl100k_base encoding.
2026-09-20 18:31:05 | INFO | tasks.scienceworld | Step 10 - Action: activate stove
2026-09-20 18:31:05 | INFO | tasks.scienceworld | Step 10 - Observation: The stove is now activated.
2026-09-20 18:31:05 | INFO | tasks.scienceworld | Step 10 - Progress Rate: 0.5714285714285714

Warning: model not found. Using cl100k_base encoding.
2026-09-20 18:31:08 | INFO | tasks.scienceworld | Step 11 - Action: focus on substance in metal pot
2026-09-20 18:31:08 | INFO | tasks.scienceworld | Step 11 - Observation: You focus on the gallium.
2026-09-20 18:31:08 | INFO | tasks.scienceworld | Step 11 - Progress Rate: 0.5714285714285714

Warning: model not found. Using cl100k_base encoding.
2026-09-20 18:31:10 | INFO | tasks.scienceworld | Step 12 - Action: look at substance in metal pot
2026-09-20 18:31:10 | INFO | tasks.scienceworld | Step 12 - Observation: a substance called gallium
2026-09-20 18:31:10 | INFO | tasks.scienceworld | Step 12 - Progress Rate: 0.5714285714285714

Warning: model not found. Using cl100k_base encoding.
2026-09-20 18:31:12 | INFO | tasks.scienceworld | Step 13 - Action: use thermometer on substance in metal pot
2026-09-20 18:31:12 | INFO | tasks.scienceworld | Step 13 - Observation: the thermometer measures a temperature of 21 degrees celsius
2026-09-20 18:31:12 | INFO | tasks.scienceworld | Step 13 - Progress Rate: 0.7142857142857143

Warning: model not found. Using cl100k_base encoding.
2026-09-20 18:31:13 | INFO | tasks.scienceworld | Step 14 - Action: wait1
2026-09-20 18:31:13 | INFO | tasks.scienceworld | Step 14 - Observation: You decide to wait for 1 iterations.
2026-09-20 18:31:13 | INFO | tasks.scienceworld | Step 14 - Progress Rate: 0.7142857142857143

Warning: model not found. Using cl100k_base encoding.
2026-09-20 18:31:18 | INFO | tasks.scienceworld | Step 15 - Action: use thermometer on substance in metal pot
2026-09-20 18:31:18 | INFO | tasks.scienceworld | Step 15 - Observation: the thermometer measures a temperature of 40 degrees celsius
2026-09-20 18:31:18 | INFO | tasks.scienceworld | Step 15 - Progress Rate: 0.7142857142857143

Warning: model not found. Using cl100k_base encoding.
2026-09-20 18:31:20 | INFO | tasks.scienceworld | Step 16 - Action: look at substance in metal pot
2026-09-20 18:31:20 | INFO | tasks.scienceworld | Step 16 - Observation: a substance called liquid gallium
2026-09-20 18:31:20 | INFO | tasks.scienceworld | Step 16 - Progress Rate: 0.7142857142857143

Warning: model not found. Using cl100k_base encoding.
2026-09-20 18:31:22 | INFO | tasks.scienceworld | Step 17 - Action: use thermometer on substance in metal pot
2026-09-20 18:31:22 | INFO | tasks.scienceworld | Step 17 - Observation: the thermometer measures a temperature of 54 degrees celsius
2026-09-20 18:31:22 | INFO | tasks.scienceworld | Step 17 - Progress Rate: 0.7142857142857143

Warning: model not found. Using cl100k_base encoding.
2026-09-20 18:31:24 | INFO | tasks.scienceworld | Step 18 - Action: focus on orange box
2026-09-20 18:31:24 | INFO | tasks.scienceworld | Step 18 - Observation: You focus on the orange box.
2026-09-20 18:31:24 | INFO | tasks.scienceworld | Step 18 - Progress Rate: 0.8571428571428571

Warning: model not found. Using cl100k_base encoding.
2026-09-20 18:31:30 | INFO | tasks.scienceworld | Step 19 - Action: focus on orange box
2026-09-20 18:31:30 | INFO | tasks.scienceworld | Step 19 - Observation: You focus on the orange box.
2026-09-20 18:31:30 | INFO | tasks.scienceworld | Step 19 - Progress Rate: 0.8571428571428571

Warning: model not found. Using cl100k_base encoding.
2026-09-20 18:31:40 | INFO | tasks.scienceworld | Step 20 - Action: focus on orange box
2026-09-20 18:31:40 | INFO | tasks.scienceworld | Step 20 - Observation: You focus on the orange box.
2026-09-20 18:31:40 | INFO | tasks.scienceworld | Step 20 - Progress Rate: 0.8571428571428571

Warning: model not found. Using cl100k_base encoding.
2026-09-20 18:31:42 | INFO | tasks.scienceworld | Step 21 - Action: focus on orange box
2026-09-20 18:31:42 | INFO | tasks.scienceworld | Step 21 - Observation: You focus on the orange box.
2026-09-20 18:31:42 | INFO | tasks.scienceworld | Step 21 - Progress Rate: 0.8571428571428571

Warning: model not found. Using cl100k_base encoding.
2026-09-20 18:31:45 | INFO | tasks.scienceworld | Step 22 - Action: focus on orange box
2026-09-20 18:31:45 | INFO | tasks.scienceworld | Step 22 - Observation: You focus on the orange box.
2026-09-20 18:31:45 | INFO | tasks.scienceworld | Step 22 - Progress Rate: 0.8571428571428571

Warning: model not found. Using cl100k_base encoding.
2026-09-20 18:31:50 | INFO | tasks.scienceworld | Step 23 - Action: focus on orange box
2026-09-20 18:31:50 | INFO | tasks.scienceworld | Step 23 - Observation: You focus on the orange box.
2026-09-20 18:31:50 | INFO | tasks.scienceworld | Step 23 - Progress Rate: 0.8571428571428571

Warning: model not found. Using cl100k_base encoding.
2026-09-20 18:31:51 | INFO | tasks.scienceworld | Step 24 - Action: focus on orange box
2026-09-20 18:31:51 | INFO | tasks.scienceworld | Step 24 - Observation: You focus on the orange box.
2026-09-20 18:31:51 | INFO | tasks.scienceworld | Step 24 - Progress Rate: 0.8571428571428571

Warning: model not found. Using cl100k_base encoding.
2026-09-20 18:32:00 | INFO | tasks.scienceworld | Step 25 - Action: focus on orange box
2026-09-20 18:32:00 | INFO | tasks.scienceworld | Step 25 - Observation: You focus on the orange box.
2026-09-20 18:32:00 | INFO | tasks.scienceworld | Step 25 - Progress Rate: 0.8571428571428571

Warning: model not found. Using cl100k_base encoding.
2026-09-20 18:32:01 | INFO | tasks.scienceworld | Step 26 - Action: focus on orange box
2026-09-20 18:32:02 | INFO | tasks.scienceworld | Step 26 - Observation: You focus on the orange box.
2026-09-20 18:32:02 | INFO | tasks.scienceworld | Step 26 - Progress Rate: 0.8571428571428571

Warning: model not found. Using cl100k_base encoding.
2026-09-20 18:32:05 | INFO | tasks.scienceworld | Step 27 - Action: focus on orange box
2026-09-20 18:32:05 | INFO | tasks.scienceworld | Step 27 - Observation: You focus on the orange box.
2026-09-20 18:32:05 | INFO | tasks.scienceworld | Step 27 - Progress Rate: 0.8571428571428571

Warning: model not found. Using cl100k_base encoding.
2026-09-20 18:32:17 | INFO | tasks.scienceworld | Step 28 - Action: focus on orange box
2026-09-20 18:32:18 | INFO | tasks.scienceworld | Step 28 - Observation: You focus on the orange box.
2026-09-20 18:32:18 | INFO | tasks.scienceworld | Step 28 - Progress Rate: 0.8571428571428571

Warning: model not found. Using cl100k_base encoding.
2026-09-20 18:32:31 | INFO | tasks.scienceworld | Step 29 - Action: 
2026-09-20 18:32:31 | INFO | tasks.scienceworld | Step 29 - Observation: No known action matches that input.
2026-09-20 18:32:31 | INFO | tasks.scienceworld | Step 29 - Progress Rate: 0.8571428571428571

2026-09-20 18:32:31 | FINISH | tasks.scienceworld | [1;33mExample 9 | Success: False , Progress Rate: 0.8571428571428571 , Steps: 30
[0m
2026-09-20 18:32:31 | GOAL | tasks.scienceworld | [1;34mExample 10 | Goal: task_name: measure-melting-point-known-substance, var: 6, Your task is to measure the melting point of gallium, which is located around the kitchen. The objects you can use are thermometer, fridge, metal pot, stove. You should pick up a temperature in the kitchen for temperature measurement. Finally, after you melt the gallium, you should use thermometer to measure the temperature of it. If the melting point of gallium is above 50.0 degrees celsius, focus on the orange box. If the melting point of gallium is below 50.0 degrees celsius, focus on the yellow box. The boxes are located around the kitchen.[0m
2026-09-20 18:32:31 | INFO | scienceworld.scienceworld | Loading: measure-melting-point-known-substance (variation: 6) (simplifications: selfWateringFlowerPots,openContainers,openDoors,noElectricalAction)
2026-09-20 18:32:31 | INFO | tasks.scienceworld | Step 00 - Observation: This room is called the greenhouse. In it, you see: 
	the agent
	a substance called air
	a bee hive. The bee hive door is closed. 
	a jug (containing nothing)
	a shovel
	a sink, which is turned off. In the sink is: nothing.
You also see:
	A door to the hallway (that is open)
	A door to the outside (that is open)
In your inventory, you see:
	an orange

Warning: model not found. Using cl100k_base encoding.
2026-09-20 18:32:33 | INFO | tasks.scienceworld | Step 00 - Action: go to hallway
2026-09-20 18:32:33 | INFO | tasks.scienceworld | Step 00 - Observation: You move to the hallway.
2026-09-20 18:32:33 | INFO | tasks.scienceworld | Step 00 - Progress Rate: 0.0

Warning: model not found. Using cl100k_base encoding.
2026-09-20 18:32:34 | INFO | tasks.scienceworld | Step 01 - Action: go to kitchen
2026-09-20 18:32:34 | INFO | tasks.scienceworld | Step 01 - Observation: You move to the kitchen.
2026-09-20 18:32:34 | INFO | tasks.scienceworld | Step 01 - Progress Rate: 0.14285714285714285

Warning: model not found. Using cl100k_base encoding.
2026-09-20 18:32:35 | INFO | tasks.scienceworld | Step 02 - Action: look around
2026-09-20 18:32:35 | INFO | tasks.scienceworld | Step 02 - Observation: This room is called the kitchen. In it, you see: 
	the agent
	a substance called air
	a chair. On the chair is: nothing.
	a counter. On the counter is: a bowl (containing a red apple, a banana, an orange, a potato), a drawer.
	a cupboard. The cupboard door is closed. 
	a freezer. The freezer door is closed. 
	a fridge. The fridge door is closed. 
	a glass jar (containing a substance called sodium chloride)
	a lighter
	a orange box (containing nothing)
	a oven, which is turned off. The oven door is closed. 
	a painting
	a plastic cup (containing a substance called gallium)
	a sink, which is turned off. In the sink is: nothing.
	a substance called soap
	a stopwatch, which is deactivated. 
	a stove, which is turned off. On the stove is: nothing.
	a table. On the table is: a glass cup (containing nothing).
	a thermometer, currently reading a temperature of 10 degrees celsius
	a yellow box (containing nothing)
You also see:
	A door to the bathroom (that is open)
	A door to the hallway (that is open)
	A door to the outside (that is open)
2026-09-20 18:32:35 | INFO | tasks.scienceworld | Step 02 - Progress Rate: 0.14285714285714285

Warning: model not found. Using cl100k_base encoding.
2026-09-20 18:32:36 | INFO | tasks.scienceworld | Step 03 - Action: pick up thermometer
2026-09-20 18:32:36 | INFO | tasks.scienceworld | Step 03 - Observation: You move the thermometer to the inventory.
2026-09-20 18:32:36 | INFO | tasks.scienceworld | Step 03 - Progress Rate: 0.2857142857142857

Warning: model not found. Using cl100k_base encoding.
2026-09-20 18:32:37 | INFO | tasks.scienceworld | Step 04 - Action: open cupboard
2026-09-20 18:32:37 | INFO | tasks.scienceworld | Step 04 - Observation: The cupboard is now open.
2026-09-20 18:32:37 | INFO | tasks.scienceworld | Step 04 - Progress Rate: 0.2857142857142857

Warning: model not found. Using cl100k_base encoding.
2026-09-20 18:32:40 | INFO | tasks.scienceworld | Step 05 - Action: look around
2026-09-20 18:32:40 | INFO | tasks.scienceworld | Step 05 - Observation: This room is called the kitchen. In it, you see: 
	the agent
	a substance called air
	a chair. On the chair is: nothing.
	a counter. On the counter is: a bowl (containing a red apple, a banana, an orange, a potato), a drawer.
	a cupboard. The cupboard door is open. In the cupboard is: a ceramic cup (containing nothing), a drawer, a metal pot (containing nothing), a tin cup (containing nothing).
	a freezer. The freezer door is closed. 
	a fridge. The fridge door is closed. 
	a glass jar (containing a substance called sodium chloride)
	a lighter
	a orange box (containing nothing)
	a oven, which is turned off. The oven door is closed. 
	a painting
	a plastic cup (containing a substance called gallium)
	a sink, which is turned off. In the sink is: nothing.
	a substance called soap
	a stopwatch, which is deactivated. 
	a stove, which is turned off. On the stove is: nothing.
	a table. On the table is: a glass cup (containing nothing).
	a yellow box (containing nothing)
You also see:
	A door to the bathroom (that is open)
	A door to the hallway (that is open)
	A door to the outside (that is open)
2026-09-20 18:32:40 | INFO | tasks.scienceworld | Step 05 - Progress Rate: 0.2857142857142857

Warning: model not found. Using cl100k_base encoding.
2026-09-20 18:32:42 | INFO | tasks.scienceworld | Step 06 - Action: pick up metal pot
2026-09-20 18:32:42 | INFO | tasks.scienceworld | Step 06 - Observation: You move the metal pot to the inventory.
2026-09-20 18:32:42 | INFO | tasks.scienceworld | Step 06 - Progress Rate: 0.2857142857142857

Warning: model not found. Using cl100k_base encoding.
2026-09-20 18:32:44 | INFO | tasks.scienceworld | Step 07 - Action: move metal pot to stove
2026-09-20 18:32:44 | INFO | tasks.scienceworld | Step 07 - Observation: You move the metal pot to the stove.
2026-09-20 18:32:44 | INFO | tasks.scienceworld | Step 07 - Progress Rate: 0.42857142857142855

Warning: model not found. Using cl100k_base encoding.
2026-09-20 18:32:46 | INFO | tasks.scienceworld | Step 08 - Action: pick up plastic cup
2026-09-20 18:32:47 | INFO | tasks.scienceworld | Step 08 - Observation: You move the plastic cup to the inventory.
2026-09-20 18:32:47 | INFO | tasks.scienceworld | Step 08 - Progress Rate: 0.42857142857142855

Warning: model not found. Using cl100k_base encoding.
2026-09-20 18:32:49 | INFO | tasks.scienceworld | Step 09 - Action: pour plastic cup into metal pot
2026-09-20 18:32:49 | INFO | tasks.scienceworld | Step 09 - Observation: You pour the contents of the plastic cup into the metal pot.
2026-09-20 18:32:49 | INFO | tasks.scienceworld | Step 09 - Progress Rate: 0.42857142857142855

Warning: model not found. Using cl100k_base encoding.
2026-09-20 18:32:51 | INFO | tasks.scienceworld | Step 10 - Action: look at substance in metal pot
2026-09-20 18:32:51 | INFO | tasks.scienceworld | Step 10 - Observation: a substance called gallium
2026-09-20 18:32:51 | INFO | tasks.scienceworld | Step 10 - Progress Rate: 0.42857142857142855

Warning: model not found. Using cl100k_base encoding.
2026-09-20 18:32:56 | INFO | tasks.scienceworld | Step 11 - Action: activate stove
2026-09-20 18:32:56 | INFO | tasks.scienceworld | Step 11 - Observation: The stove is now activated.
2026-09-20 18:32:56 | INFO | tasks.scienceworld | Step 11 - Progress Rate: 0.5714285714285714

Warning: model not found. Using cl100k_base encoding.
2026-09-20 18:32:57 | INFO | tasks.scienceworld | Step 12 - Action: look at substance in metal pot
2026-09-20 18:32:57 | INFO | tasks.scienceworld | Step 12 - Observation: a substance called gallium
2026-09-20 18:32:57 | INFO | tasks.scienceworld | Step 12 - Progress Rate: 0.5714285714285714

Warning: model not found. Using cl100k_base encoding.
2026-09-20 18:33:00 | INFO | tasks.scienceworld | Step 13 - Action: look at substance in metal pot
2026-09-20 18:33:00 | INFO | tasks.scienceworld | Step 13 - Observation: a substance called gallium
2026-09-20 18:33:00 | INFO | tasks.scienceworld | Step 13 - Progress Rate: 0.5714285714285714

Warning: model not found. Using cl100k_base encoding.
2026-09-20 18:33:04 | INFO | tasks.scienceworld | Step 14 - Action: use thermometer on substance in metal pot
2026-09-20 18:33:04 | INFO | tasks.scienceworld | Step 14 - Observation: the thermometer measures a temperature of 21 degrees celsius
2026-09-20 18:33:04 | INFO | tasks.scienceworld | Step 14 - Progress Rate: 0.7142857142857143

Warning: model not found. Using cl100k_base encoding.
2026-09-20 18:33:06 | INFO | tasks.scienceworld | Step 15 - Action: use thermometer on substance in metal pot
2026-09-20 18:33:06 | INFO | tasks.scienceworld | Step 15 - Observation: the thermometer measures a temperature of 27 degrees celsius
2026-09-20 18:33:06 | INFO | tasks.scienceworld | Step 15 - Progress Rate: 0.7142857142857143

Warning: model not found. Using cl100k_base encoding.
2026-09-20 18:33:08 | INFO | tasks.scienceworld | Step 16 - Action: look at substance in metal pot
2026-09-20 18:33:08 | INFO | tasks.scienceworld | Step 16 - Observation: a substance called liquid gallium
2026-09-20 18:33:08 | INFO | tasks.scienceworld | Step 16 - Progress Rate: 0.7142857142857143

Warning: model not found. Using cl100k_base encoding.
2026-09-20 18:33:09 | INFO | tasks.scienceworld | Step 17 - Action: use thermometer on substance in metal pot
2026-09-20 18:33:09 | INFO | tasks.scienceworld | Step 17 - Observation: the thermometer measures a temperature of 40 degrees celsius
2026-09-20 18:33:09 | INFO | tasks.scienceworld | Step 17 - Progress Rate: 0.7142857142857143

Warning: model not found. Using cl100k_base encoding.
2026-09-20 18:33:11 | INFO | tasks.scienceworld | Step 18 - Action: focus on yellow box
2026-09-20 18:33:11 | INFO | tasks.scienceworld | Step 18 - Observation: You focus on the yellow box.
2026-09-20 18:33:11 | INFO | tasks.scienceworld | Step 18 - Progress Rate: 0.8571428571428571

Warning: model not found. Using cl100k_base encoding.
2026-09-20 18:33:24 | INFO | tasks.scienceworld | Step 19 - Action: 
2026-09-20 18:33:24 | INFO | tasks.scienceworld | Step 19 - Observation: No known action matches that input.
2026-09-20 18:33:24 | INFO | tasks.scienceworld | Step 19 - Progress Rate: 0.8571428571428571

Warning: model not found. Using cl100k_base encoding.
2026-09-20 18:33:38 | INFO | tasks.scienceworld | Step 20 - Action: 
2026-09-20 18:33:39 | INFO | tasks.scienceworld | Step 20 - Observation: No known action matches that input.
2026-09-20 18:33:39 | INFO | tasks.scienceworld | Step 20 - Progress Rate: 0.8571428571428571

Warning: model not found. Using cl100k_base encoding.
2026-09-20 18:33:52 | INFO | tasks.scienceworld | Step 21 - Action: 
2026-09-20 18:33:52 | INFO | tasks.scienceworld | Step 21 - Observation: No known action matches that input.
2026-09-20 18:33:52 | INFO | tasks.scienceworld | Step 21 - Progress Rate: 0.8571428571428571

Warning: model not found. Using cl100k_base encoding.
2026-09-20 18:33:58 | INFO | tasks.scienceworld | Step 22 - Action: focus on yellow box
2026-09-20 18:33:58 | INFO | tasks.scienceworld | Step 22 - Observation: You focus on the yellow box.
2026-09-20 18:33:58 | INFO | tasks.scienceworld | Step 22 - Progress Rate: 0.8571428571428571

Warning: model not found. Using cl100k_base encoding.
2026-09-20 18:34:11 | INFO | tasks.scienceworld | Step 23 - Action: 
2026-09-20 18:34:12 | INFO | tasks.scienceworld | Step 23 - Observation: No known action matches that input.
2026-09-20 18:34:12 | INFO | tasks.scienceworld | Step 23 - Progress Rate: 0.8571428571428571

Warning: model not found. Using cl100k_base encoding.
2026-09-20 18:34:15 | INFO | tasks.scienceworld | Step 24 - Action: focus on yellow box
2026-09-20 18:34:16 | INFO | tasks.scienceworld | Step 24 - Observation: You focus on the yellow box.
2026-09-20 18:34:16 | INFO | tasks.scienceworld | Step 24 - Progress Rate: 0.8571428571428571

Warning: model not found. Using cl100k_base encoding.
2026-09-20 18:34:18 | INFO | tasks.scienceworld | Step 25 - Action: focus on yellow box
2026-09-20 18:34:18 | INFO | tasks.scienceworld | Step 25 - Observation: You focus on the yellow box.
2026-09-20 18:34:18 | INFO | tasks.scienceworld | Step 25 - Progress Rate: 0.8571428571428571

Warning: model not found. Using cl100k_base encoding.
2026-09-20 18:34:24 | INFO | tasks.scienceworld | Step 26 - Action: focus on yellow box
2026-09-20 18:34:24 | INFO | tasks.scienceworld | Step 26 - Observation: You focus on the yellow box.
2026-09-20 18:34:24 | INFO | tasks.scienceworld | Step 26 - Progress Rate: 0.8571428571428571

Warning: model not found. Using cl100k_base encoding.
2026-09-20 18:34:27 | INFO | tasks.scienceworld | Step 27 - Action: focus on yellow box
2026-09-20 18:34:27 | INFO | tasks.scienceworld | Step 27 - Observation: You focus on the yellow box.
2026-09-20 18:34:27 | INFO | tasks.scienceworld | Step 27 - Progress Rate: 0.8571428571428571

Warning: model not found. Using cl100k_base encoding.
2026-09-20 18:34:30 | INFO | tasks.scienceworld | Step 28 - Action: focus on yellow box
2026-09-20 18:34:30 | INFO | tasks.scienceworld | Step 28 - Observation: You focus on the yellow box.
2026-09-20 18:34:30 | INFO | tasks.scienceworld | Step 28 - Progress Rate: 0.8571428571428571

Warning: model not found. Using cl100k_base encoding.
2026-09-20 18:34:33 | INFO | tasks.scienceworld | Step 29 - Action: focus on yellow box
2026-09-20 18:34:33 | INFO | tasks.scienceworld | Step 29 - Observation: You focus on the yellow box.
2026-09-20 18:34:33 | INFO | tasks.scienceworld | Step 29 - Progress Rate: 0.8571428571428571

2026-09-20 18:34:33 | FINISH | tasks.scienceworld | [1;33mExample 10 | Success: False , Progress Rate: 0.8571428571428571 , Steps: 30
[0m
2026-09-20 18:34:33 | GOAL | tasks.scienceworld | [1;34mExample 11 | Goal: task_name: measure-melting-point-known-substance, var: 7, Your task is to measure the melting point of gallium, which is located around the kitchen. The objects you can use are thermometer, fridge, metal pot, stove. You should pick up a temperature in the kitchen for temperature measurement. Finally, after you melt the gallium, you should use thermometer to measure the temperature of it. If the melting point of gallium is above 10.0 degrees celsius, focus on the orange box. If the melting point of gallium is below 50.0 degrees celsius, focus on the yellow box. The boxes are located around the kitchen.[0m
2026-09-20 18:34:33 | INFO | scienceworld.scienceworld | Loading: measure-melting-point-known-substance (variation: 7) (simplifications: selfWateringFlowerPots,openContainers,openDoors,noElectricalAction)
2026-09-20 18:34:33 | INFO | tasks.scienceworld | Step 00 - Observation: This room is called the hallway. In it, you see: 
	the agent
	a substance called air
	a drawing
You also see:
	A door to the art studio (that is open)
	A door to the bedroom (that is open)
	A door to the greenhouse (that is open)
	A door to the kitchen (that is open)
	A door to the living room (that is open)
	A door to the workshop (that is open)
In your inventory, you see:
	an orange

Warning: model not found. Using cl100k_base encoding.
2026-09-20 18:34:35 | INFO | tasks.scienceworld | Step 00 - Action: go to kitchen
2026-09-20 18:34:35 | INFO | tasks.scienceworld | Step 00 - Observation: You move to the kitchen.
2026-09-20 18:34:35 | INFO | tasks.scienceworld | Step 00 - Progress Rate: 0.14285714285714285

Warning: model not found. Using cl100k_base encoding.
2026-09-20 18:34:37 | INFO | tasks.scienceworld | Step 01 - Action: look around
2026-09-20 18:34:37 | INFO | tasks.scienceworld | Step 01 - Observation: This room is called the kitchen. In it, you see: 
	the agent
	a substance called air
	a chair. On the chair is: nothing.
	a counter. On the counter is: a bowl (containing a red apple, a banana, an orange, a potato), a drawer.
	a cupboard. The cupboard door is closed. 
	a freezer. The freezer door is closed. 
	a fridge. The fridge door is closed. 
	a glass jar (containing a substance called sodium chloride)
	a lighter
	a orange box (containing nothing)
	a oven, which is turned off. The oven door is closed. 
	a painting
	a plastic cup (containing a substance called gallium)
	a sink, which is turned off. In the sink is: nothing.
	a substance called soap
	a stopwatch, which is deactivated. 
	a stove, which is turned off. On the stove is: nothing.
	a table. On the table is: a glass cup (containing nothing).
	a thermometer, currently reading a temperature of 10 degrees celsius
	a yellow box (containing nothing)
You also see:
	A door to the bathroom (that is open)
	A door to the hallway (that is open)
	A door to the outside (that is open)
2026-09-20 18:34:37 | INFO | tasks.scienceworld | Step 01 - Progress Rate: 0.14285714285714285

Warning: model not found. Using cl100k_base encoding.
2026-09-20 18:34:39 | INFO | tasks.scienceworld | Step 02 - Action: pick up thermometer
2026-09-20 18:34:39 | INFO | tasks.scienceworld | Step 02 - Observation: You move the thermometer to the inventory.
2026-09-20 18:34:39 | INFO | tasks.scienceworld | Step 02 - Progress Rate: 0.2857142857142857

Warning: model not found. Using cl100k_base encoding.
2026-09-20 18:34:42 | INFO | tasks.scienceworld | Step 03 - Action: open cupboard
2026-09-20 18:34:42 | INFO | tasks.scienceworld | Step 03 - Observation: The cupboard is now open.
2026-09-20 18:34:42 | INFO | tasks.scienceworld | Step 03 - Progress Rate: 0.2857142857142857

Warning: model not found. Using cl100k_base encoding.
2026-09-20 18:34:43 | INFO | tasks.scienceworld | Step 04 - Action: look at plastic cup
2026-09-20 18:34:44 | INFO | tasks.scienceworld | Step 04 - Observation: a plastic cup (containing a substance called gallium)
2026-09-20 18:34:44 | INFO | tasks.scienceworld | Step 04 - Progress Rate: 0.2857142857142857

Warning: model not found. Using cl100k_base encoding.
2026-09-20 18:34:47 | INFO | tasks.scienceworld | Step 05 - Action: look around
2026-09-20 18:34:47 | INFO | tasks.scienceworld | Step 05 - Observation: This room is called the kitchen. In it, you see: 
	the agent
	a substance called air
	a chair. On the chair is: nothing.
	a counter. On the counter is: a bowl (containing a red apple, a banana, an orange, a potato), a drawer.
	a cupboard. The cupboard door is open. In the cupboard is: a ceramic cup (containing nothing), a drawer, a metal pot (containing nothing), a tin cup (containing nothing).
	a freezer. The freezer door is closed. 
	a fridge. The fridge door is closed. 
	a glass jar (containing a substance called sodium chloride)
	a lighter
	a orange box (containing nothing)
	a oven, which is turned off. The oven door is closed. 
	a painting
	a plastic cup (containing a substance called gallium)
	a sink, which is turned off. In the sink is: nothing.
	a substance called soap
	a stopwatch, which is deactivated. 
	a stove, which is turned off. On the stove is: nothing.
	a table. On the table is: a glass cup (containing nothing).
	a yellow box (containing nothing)
You also see:
	A door to the bathroom (that is open)
	A door to the hallway (that is open)
	A door to the outside (that is open)
2026-09-20 18:34:47 | INFO | tasks.scienceworld | Step 05 - Progress Rate: 0.2857142857142857

Warning: model not found. Using cl100k_base encoding.
2026-09-20 18:34:52 | INFO | tasks.scienceworld | Step 06 - Action: pick up plastic cup
2026-09-20 18:34:52 | INFO | tasks.scienceworld | Step 06 - Observation: You move the plastic cup to the inventory.
2026-09-20 18:34:52 | INFO | tasks.scienceworld | Step 06 - Progress Rate: 0.2857142857142857

Warning: model not found. Using cl100k_base encoding.
2026-09-20 18:34:54 | INFO | tasks.scienceworld | Step 07 - Action: You've got the thermometer and the plastic cup with gallium. Let me set up the melting process using the metal pot and stove.
2026-09-20 18:34:54 | INFO | tasks.scienceworld | Step 07 - Observation: No known action matches that input.
2026-09-20 18:34:54 | INFO | tasks.scienceworld | Step 07 - Progress Rate: 0.2857142857142857

Warning: model not found. Using cl100k_base encoding.
2026-09-20 18:34:59 | INFO | tasks.scienceworld | Step 08 - Action: pick up metal pot
2026-09-20 18:34:59 | INFO | tasks.scienceworld | Step 08 - Observation: You move the metal pot to the inventory.
2026-09-20 18:34:59 | INFO | tasks.scienceworld | Step 08 - Progress Rate: 0.2857142857142857

Warning: model not found. Using cl100k_base encoding.
2026-09-20 18:35:03 | INFO | tasks.scienceworld | Step 09 - Action: pour plastic cup into metal pot
2026-09-20 18:35:03 | INFO | tasks.scienceworld | Step 09 - Observation: You pour the contents of the plastic cup into the metal pot.
2026-09-20 18:35:03 | INFO | tasks.scienceworld | Step 09 - Progress Rate: 0.2857142857142857

Warning: model not found. Using cl100k_base encoding.
2026-09-20 18:35:05 | INFO | tasks.scienceworld | Step 10 - Action: move metal pot to stove
2026-09-20 18:35:05 | INFO | tasks.scienceworld | Step 10 - Observation: You move the metal pot to the stove.
2026-09-20 18:35:05 | INFO | tasks.scienceworld | Step 10 - Progress Rate: 0.42857142857142855

Warning: model not found. Using cl100k_base encoding.
2026-09-20 18:35:07 | INFO | tasks.scienceworld | Step 11 - Action: activate stove
2026-09-20 18:35:07 | INFO | tasks.scienceworld | Step 11 - Observation: The stove is now activated.
2026-09-20 18:35:07 | INFO | tasks.scienceworld | Step 11 - Progress Rate: 0.5714285714285714

Warning: model not found. Using cl100k_base encoding.
2026-09-20 18:35:10 | INFO | tasks.scienceworld | Step 12 - Action: look at metal pot
2026-09-20 18:35:10 | INFO | tasks.scienceworld | Step 12 - Observation: a metal pot (containing a substance called gallium)
2026-09-20 18:35:10 | INFO | tasks.scienceworld | Step 12 - Progress Rate: 0.5714285714285714

Warning: model not found. Using cl100k_base encoding.
2026-09-20 18:35:11 | INFO | tasks.scienceworld | Step 13 - Action: use thermometer on metal pot
2026-09-20 18:35:11 | INFO | tasks.scienceworld | Step 13 - Observation: the thermometer measures a temperature of 51 degrees celsius
2026-09-20 18:35:11 | INFO | tasks.scienceworld | Step 13 - Progress Rate: 0.7142857142857143

Warning: model not found. Using cl100k_base encoding.
2026-09-20 18:35:14 | INFO | tasks.scienceworld | Step 14 - Action: look at metal pot
2026-09-20 18:35:14 | INFO | tasks.scienceworld | Step 14 - Observation: a metal pot (containing a substance called gallium)
2026-09-20 18:35:14 | INFO | tasks.scienceworld | Step 14 - Progress Rate: 0.7142857142857143

Warning: model not found. Using cl100k_base encoding.
2026-09-20 18:35:28 | INFO | tasks.scienceworld | Step 15 - Action: 
2026-09-20 18:35:28 | INFO | tasks.scienceworld | Step 15 - Observation: No known action matches that input.
2026-09-20 18:35:28 | INFO | tasks.scienceworld | Step 15 - Progress Rate: 0.7142857142857143

Warning: model not found. Using cl100k_base encoding.
2026-09-20 18:35:42 | INFO | tasks.scienceworld | Step 16 - Action: 
2026-09-20 18:35:42 | INFO | tasks.scienceworld | Step 16 - Observation: No known action matches that input.
2026-09-20 18:35:42 | INFO | tasks.scienceworld | Step 16 - Progress Rate: 0.7142857142857143

Warning: model not found. Using cl100k_base encoding.
2026-09-20 18:35:46 | INFO | tasks.scienceworld | Step 17 - Action: look at metal pot
2026-09-20 18:35:46 | INFO | tasks.scienceworld | Step 17 - Observation: a metal pot (containing a substance called gallium)
2026-09-20 18:35:46 | INFO | tasks.scienceworld | Step 17 - Progress Rate: 0.7142857142857143

Warning: model not found. Using cl100k_base encoding.
2026-09-20 18:35:58 | INFO | tasks.scienceworld | Step 18 - Action: focus on gallium
2026-09-20 18:35:59 | INFO | tasks.scienceworld | Step 18 - Observation: No known action matches that input.
2026-09-20 18:35:59 | INFO | tasks.scienceworld | Step 18 - Progress Rate: 0.7142857142857143

Warning: model not found. Using cl100k_base encoding.
2026-09-20 18:36:13 | INFO | tasks.scienceworld | Step 19 - Action: 
2026-09-20 18:36:13 | INFO | tasks.scienceworld | Step 19 - Observation: No known action matches that input.
2026-09-20 18:36:13 | INFO | tasks.scienceworld | Step 19 - Progress Rate: 0.7142857142857143

Warning: model not found. Using cl100k_base encoding.
2026-09-20 18:36:22 | INFO | tasks.scienceworld | Step 20 - Action: look at metal pot
2026-09-20 18:36:23 | INFO | tasks.scienceworld | Step 20 - Observation: a metal pot (containing a substance called liquid gallium)
2026-09-20 18:36:23 | INFO | tasks.scienceworld | Step 20 - Progress Rate: 0.7142857142857143

Warning: model not found. Using cl100k_base encoding.
2026-09-20 18:36:29 | INFO | tasks.scienceworld | Step 21 - Action: use thermometer on metal pot
2026-09-20 18:36:29 | INFO | tasks.scienceworld | Step 21 - Observation: the thermometer measures a temperature of 100 degrees celsius
2026-09-20 18:36:29 | INFO | tasks.scienceworld | Step 21 - Progress Rate: 0.7142857142857143

Warning: model not found. Using cl100k_base encoding.
2026-09-20 18:36:43 | INFO | tasks.scienceworld | Step 22 - Action: deactivate stove
2026-09-20 18:36:43 | INFO | tasks.scienceworld | Step 22 - Observation: The stove is now deactivated.
2026-09-20 18:36:43 | INFO | tasks.scienceworld | Step 22 - Progress Rate: 0.7142857142857143

Warning: model not found. Using cl100k_base encoding.
2026-09-20 18:36:58 | INFO | tasks.scienceworld | Step 23 - Action: 
2026-09-20 18:36:58 | INFO | tasks.scienceworld | Step 23 - Observation: No known action matches that input.
2026-09-20 18:36:58 | INFO | tasks.scienceworld | Step 23 - Progress Rate: 0.7142857142857143

Warning: model not found. Using cl100k_base encoding.
2026-09-20 18:37:11 | INFO | tasks.scienceworld | Step 24 - Action: 
2026-09-20 18:37:11 | INFO | tasks.scienceworld | Step 24 - Observation: No known action matches that input.
2026-09-20 18:37:11 | INFO | tasks.scienceworld | Step 24 - Progress Rate: 0.7142857142857143

Warning: model not found. Using cl100k_base encoding.
2026-09-20 18:37:17 | INFO | tasks.scienceworld | Step 25 - Action: focus on orange box
2026-09-20 18:37:18 | INFO | tasks.scienceworld | Step 25 - Observation: You focus on the orange box.
2026-09-20 18:37:18 | INFO | tasks.scienceworld | Step 25 - Progress Rate: 0.8571428571428571

Warning: model not found. Using cl100k_base encoding.
2026-09-20 18:37:21 | INFO | tasks.scienceworld | Step 26 - Action: focus on yellow box
2026-09-20 18:37:21 | INFO | tasks.scienceworld | Step 26 - Observation: You focus on the yellow box.
2026-09-20 18:37:21 | INFO | tasks.scienceworld | Step 26 - Progress Rate: 0.8571428571428571

Warning: model not found. Using cl100k_base encoding.
2026-09-20 18:37:30 | INFO | tasks.scienceworld | Step 27 - Action: task
2026-09-20 18:37:30 | INFO | tasks.scienceworld | Step 27 - Observation: Task description:
Your task is to measure the melting point of gallium, which is located around the kitchen. First, focus on the thermometer. Next, focus on the gallium. If the melting point of gallium is above 10.0 degrees celsius, focus on the orange box. If the melting point of gallium is below 10.0 degrees celsius, focus on the yellow box. The boxes are located around the kitchen.
2026-09-20 18:37:30 | INFO | tasks.scienceworld | Step 27 - Progress Rate: 0.8571428571428571

Warning: model not found. Using cl100k_base encoding.
2026-09-20 18:37:34 | INFO | tasks.scienceworld | Step 28 - Action: focus on thermometer
2026-09-20 18:37:34 | INFO | tasks.scienceworld | Step 28 - Observation: You focus on the thermometer.
2026-09-20 18:37:34 | INFO | tasks.scienceworld | Step 28 - Progress Rate: 0.8571428571428571

Warning: model not found. Using cl100k_base encoding.
2026-09-20 18:37:40 | INFO | tasks.scienceworld | Step 29 - Action: focus on gallium
2026-09-20 18:37:40 | INFO | tasks.scienceworld | Step 29 - Observation: No known action matches that input.
2026-09-20 18:37:40 | INFO | tasks.scienceworld | Step 29 - Progress Rate: 0.8571428571428571

2026-09-20 18:37:40 | FINISH | tasks.scienceworld | [1;33mExample 11 | Success: False , Progress Rate: 0.8571428571428571 , Steps: 30
[0m
2026-09-20 18:37:40 | GOAL | tasks.scienceworld | [1;34mExample 12 | Goal: task_name: measure-melting-point-unknown-substance, var: 5, Your task is to measure the melting point of liquid unknown substance D in the kitchen. The objects you can use are thermometer, freezer, metal pot in the kitchen. You should pick up a temperature in the kitchen for temperature measurement. You should monitor the temperature and examine the substance during the cooling process. You should use thermometer to measure its melting point. If the melting point of liquid unknown substance D is above 150.0 degrees celsius, focus on the yellow box. If the melting point of liquid unknown substance D is below 150.0 degrees celsius, focus on the purple box. The boxes are located around the kitchen[0m
2026-09-20 18:37:40 | INFO | scienceworld.scienceworld | Loading: measure-melting-point-unknown-substance (variation: 5) (simplifications: selfWateringFlowerPots,openContainers,openDoors,noElectricalAction)
2026-09-20 18:37:40 | INFO | tasks.scienceworld | Step 00 - Observation: This room is called the workshop. In it, you see: 
	the agent
	a substance called air
	a table. On the table is: a battery, a black wire, a blue wire, a orange wire, a red light bulb, which is off, a switch, which is off, a violet light bulb, which is off, a yellow light bulb, which is off.
	a ultra low temperature freezer. The ultra low temperature freezer door is closed. 
You also see:
	A door to the hallway (that is open)
In your inventory, you see:
	an orange

Warning: model not found. Using cl100k_base encoding.
2026-09-20 18:37:42 | INFO | tasks.scienceworld | Step 00 - Action: go to hallway
2026-09-20 18:37:42 | INFO | tasks.scienceworld | Step 00 - Observation: You move to the hallway.
2026-09-20 18:37:42 | INFO | tasks.scienceworld | Step 00 - Progress Rate: 0.0

Warning: model not found. Using cl100k_base encoding.
2026-09-20 18:37:42 | INFO | tasks.scienceworld | Step 01 - Action: go to kitchen
2026-09-20 18:37:42 | INFO | tasks.scienceworld | Step 01 - Observation: You move to the kitchen.
2026-09-20 18:37:42 | INFO | tasks.scienceworld | Step 01 - Progress Rate: 0.25

Warning: model not found. Using cl100k_base encoding.
2026-09-20 18:37:43 | INFO | tasks.scienceworld | Step 02 - Action: look around
2026-09-20 18:37:44 | INFO | tasks.scienceworld | Step 02 - Observation: This room is called the kitchen. In it, you see: 
	the agent
	a substance called air
	a chair. On the chair is: nothing.
	a counter. On the counter is: a bowl (containing a red apple, a banana, an orange, a potato), a drawer.
	a cupboard. The cupboard door is closed. 
	a freezer. The freezer door is closed. 
	a fridge. The fridge door is closed. 
	a glass jar (containing a substance called sodium chloride)
	a lighter
	a metal pot (containing liquid unknown substance D)
	a oven, which is turned off. The oven door is closed. 
	a painting
	a purple box (containing nothing)
	a sink, which is turned off. In the sink is: nothing.
	a substance called soap
	a stopwatch, which is deactivated. 
	a stove, which is turned off. On the stove is: nothing.
	a table. On the table is: a glass cup (containing nothing).
	a thermometer, currently reading a temperature of 10 degrees celsius
	a yellow box (containing nothing)
You also see:
	A door to the bathroom (that is open)
	A door to the hallway (that is open)
	A door to the outside (that is open)
2026-09-20 18:37:44 | INFO | tasks.scienceworld | Step 02 - Progress Rate: 0.25

Warning: model not found. Using cl100k_base encoding.
2026-09-20 18:37:45 | INFO | tasks.scienceworld | Step 03 - Action: pick up thermometer
2026-09-20 18:37:46 | INFO | tasks.scienceworld | Step 03 - Observation: You move the thermometer to the inventory.
2026-09-20 18:37:46 | INFO | tasks.scienceworld | Step 03 - Progress Rate: 0.5

Warning: model not found. Using cl100k_base encoding.
2026-09-20 18:37:53 | INFO | tasks.scienceworld | Step 04 - Action: check valid actions
2026-09-20 18:37:54 | INFO | tasks.scienceworld | Step 04 - Observation: Choose an action from these valid actions: activate OBJ, close OBJ, deactivate OBJ, dunk OBJ in OBJ, eat OBJ, flush OBJ, focus on OBJ, go OBJ, inventory, look around, look at OBJ, look in OBJ, mix OBJ, move OBJ to OBJ, open OBJ, pick up OBJ, pour OBJ in OBJ, put down OBJ, read OBJ, task, use OBJ on OBJ, wait, wait1, check valid actions
2026-09-20 18:37:54 | INFO | tasks.scienceworld | Step 04 - Progress Rate: 0.5

Warning: model not found. Using cl100k_base encoding.
2026-09-20 18:37:57 | INFO | tasks.scienceworld | Step 05 - Action: pick up metal pot
2026-09-20 18:37:58 | INFO | tasks.scienceworld | Step 05 - Observation: You move the metal pot to the inventory.
2026-09-20 18:37:58 | INFO | tasks.scienceworld | Step 05 - Progress Rate: 0.5

Warning: model not found. Using cl100k_base encoding.
2026-09-20 18:38:00 | INFO | tasks.scienceworld | Step 06 - Action: open freezer
2026-09-20 18:38:00 | INFO | tasks.scienceworld | Step 06 - Observation: The freezer is now open.
2026-09-20 18:38:00 | INFO | tasks.scienceworld | Step 06 - Progress Rate: 0.5

Warning: model not found. Using cl100k_base encoding.
2026-09-20 18:38:02 | INFO | tasks.scienceworld | Step 07 - Action: move metal pot to freezer
2026-09-20 18:38:02 | INFO | tasks.scienceworld | Step 07 - Observation: You move the metal pot to the freezer.
2026-09-20 18:38:02 | INFO | tasks.scienceworld | Step 07 - Progress Rate: 0.5

Warning: model not found. Using cl100k_base encoding.
2026-09-20 18:38:04 | INFO | tasks.scienceworld | Step 08 - Action: close freezer
2026-09-20 18:38:04 | INFO | tasks.scienceworld | Step 08 - Observation: The freezer is now closed.
2026-09-20 18:38:04 | INFO | tasks.scienceworld | Step 08 - Progress Rate: 0.5

Warning: model not found. Using cl100k_base encoding.
2026-09-20 18:38:06 | INFO | tasks.scienceworld | Step 09 - Action: wait1
2026-09-20 18:38:06 | INFO | tasks.scienceworld | Step 09 - Observation: You decide to wait for 1 iterations.
2026-09-20 18:38:06 | INFO | tasks.scienceworld | Step 09 - Progress Rate: 0.5

Warning: model not found. Using cl100k_base encoding.
2026-09-20 18:38:09 | INFO | tasks.scienceworld | Step 10 - Action: open freezer
2026-09-20 18:38:09 | INFO | tasks.scienceworld | Step 10 - Observation: The freezer is now open.
2026-09-20 18:38:09 | INFO | tasks.scienceworld | Step 10 - Progress Rate: 0.5

Warning: model not found. Using cl100k_base encoding.
2026-09-20 18:38:11 | INFO | tasks.scienceworld | Step 11 - Action: examine substance in metal pot
2026-09-20 18:38:11 | INFO | tasks.scienceworld | Step 11 - Observation: No known action matches that input.
2026-09-20 18:38:11 | INFO | tasks.scienceworld | Step 11 - Progress Rate: 0.5

Warning: model not found. Using cl100k_base encoding.
2026-09-20 18:38:12 | INFO | tasks.scienceworld | Step 12 - Action: look at metal pot
2026-09-20 18:38:12 | INFO | tasks.scienceworld | Step 12 - Observation: a metal pot (containing liquid unknown substance D)
2026-09-20 18:38:12 | INFO | tasks.scienceworld | Step 12 - Progress Rate: 0.5

Warning: model not found. Using cl100k_base encoding.
2026-09-20 18:38:14 | INFO | tasks.scienceworld | Step 13 - Action: use thermometer on substance in metal pot
2026-09-20 18:38:14 | INFO | tasks.scienceworld | Step 13 - Observation: No known action matches that input.
2026-09-20 18:38:14 | INFO | tasks.scienceworld | Step 13 - Progress Rate: 0.5

Warning: model not found. Using cl100k_base encoding.
2026-09-20 18:38:21 | INFO | tasks.scienceworld | Step 14 - Action: focus on substance in metal pot
2026-09-20 18:38:21 | INFO | tasks.scienceworld | Step 14 - Observation: No known action matches that input.
2026-09-20 18:38:21 | INFO | tasks.scienceworld | Step 14 - Progress Rate: 0.5

Warning: model not found. Using cl100k_base encoding.
2026-09-20 18:38:27 | INFO | tasks.scienceworld | Step 15 - Action: use thermometer in inventory on substance in metal pot
2026-09-20 18:38:27 | INFO | tasks.scienceworld | Step 15 - Observation: No known action matches that input.
2026-09-20 18:38:27 | INFO | tasks.scienceworld | Step 15 - Progress Rate: 0.5

Warning: model not found. Using cl100k_base encoding.
2026-09-20 18:38:40 | INFO | tasks.scienceworld | Step 16 - Action: 
2026-09-20 18:38:40 | INFO | tasks.scienceworld | Step 16 - Observation: No known action matches that input.
2026-09-20 18:38:40 | INFO | tasks.scienceworld | Step 16 - Progress Rate: 0.5

Warning: model not found. Using cl100k_base encoding.
2026-09-20 18:38:46 | INFO | tasks.scienceworld | Step 17 - Action: look around
2026-09-20 18:38:46 | INFO | tasks.scienceworld | Step 17 - Observation: This room is called the kitchen. In it, you see: 
	the agent
	a substance called air
	a chair. On the chair is: nothing.
	a counter. On the counter is: a bowl (containing a red apple, a banana, an orange, a potato), a drawer.
	a cupboard. The cupboard door is closed. 
	a freezer. The freezer door is open. In the freezer is: a metal pot (containing liquid unknown substance D).
	a fridge. The fridge door is closed. 
	a glass jar (containing a substance called sodium chloride)
	a lighter
	a oven, which is turned off. The oven door is closed. 
	a painting
	a purple box (containing nothing)
	a sink, which is turned off. In the sink is: nothing.
	a substance called soap
	a stopwatch, which is deactivated. 
	a stove, which is turned off. On the stove is: nothing.
	a table. On the table is: a glass cup (containing nothing).
	a yellow box (containing nothing)
You also see:
	A door to the bathroom (that is open)
	A door to the hallway (that is open)
	A door to the outside (that is open)
2026-09-20 18:38:46 | INFO | tasks.scienceworld | Step 17 - Progress Rate: 0.5

Warning: model not found. Using cl100k_base encoding.
2026-09-20 18:38:49 | INFO | tasks.scienceworld | Step 18 - Action: pick up metal pot
2026-09-20 18:38:50 | INFO | tasks.scienceworld | Step 18 - Observation: You move the metal pot to the inventory.
2026-09-20 18:38:50 | INFO | tasks.scienceworld | Step 18 - Progress Rate: 0.5

Warning: model not found. Using cl100k_base encoding.
2026-09-20 18:38:55 | INFO | tasks.scienceworld | Step 19 - Action: move metal pot to freezer
2026-09-20 18:38:56 | INFO | tasks.scienceworld | Step 19 - Observation: You move the metal pot to the freezer.
2026-09-20 18:38:56 | INFO | tasks.scienceworld | Step 19 - Progress Rate: 0.5

Warning: model not found. Using cl100k_base encoding.
2026-09-20 18:39:00 | INFO | tasks.scienceworld | Step 20 - Action: wait
2026-09-20 18:39:00 | INFO | tasks.scienceworld | Step 20 - Observation: You decide to wait for 10 iterations.
2026-09-20 18:39:00 | INFO | tasks.scienceworld | Step 20 - Progress Rate: 0.5

Warning: model not found. Using cl100k_base encoding.
2026-09-20 18:39:15 | INFO | tasks.scienceworld | Step 21 - Action: 
2026-09-20 18:39:15 | INFO | tasks.scienceworld | Step 21 - Observation: No known action matches that input.
2026-09-20 18:39:15 | INFO | tasks.scienceworld | Step 21 - Progress Rate: 0.5

Warning: model not found. Using cl100k_base encoding.
2026-09-20 18:39:18 | INFO | tasks.scienceworld | Step 22 - Action: look at metal pot
2026-09-20 18:39:18 | INFO | tasks.scienceworld | Step 22 - Observation: a metal pot (containing liquid unknown substance D)
2026-09-20 18:39:18 | INFO | tasks.scienceworld | Step 22 - Progress Rate: 0.5

Warning: model not found. Using cl100k_base encoding.
2026-09-20 18:39:21 | INFO | tasks.scienceworld | Step 23 - Action: focus on metal pot
2026-09-20 18:39:21 | INFO | tasks.scienceworld | Step 23 - Observation: You focus on the metal pot.
2026-09-20 18:39:21 | INFO | tasks.scienceworld | Step 23 - Progress Rate: 0.5

Warning: model not found. Using cl100k_base encoding.
2026-09-20 18:39:24 | INFO | tasks.scienceworld | Step 24 - Action: pick up metal pot
2026-09-20 18:39:24 | INFO | tasks.scienceworld | Step 24 - Observation: You move the metal pot to the inventory.
2026-09-20 18:39:24 | INFO | tasks.scienceworld | Step 24 - Progress Rate: 0.5

Warning: model not found. Using cl100k_base encoding.
2026-09-20 18:39:35 | INFO | tasks.scienceworld | Step 25 - Action: look around
2026-09-20 18:39:35 | INFO | tasks.scienceworld | Step 25 - Observation: This room is called the kitchen. In it, you see: 
	the agent
	a substance called air
	a chair. On the chair is: nothing.
	a counter. On the counter is: a bowl (containing a red apple, a banana, an orange, a potato), a drawer.
	a cupboard. The cupboard door is closed. 
	a freezer. The freezer door is open. In the freezer is: nothing.
	a fridge. The fridge door is closed. 
	a glass jar (containing a substance called sodium chloride)
	a lighter
	a oven, which is turned off. The oven door is closed. 
	a painting
	a purple box (containing nothing)
	a sink, which is turned off. In the sink is: nothing.
	a substance called soap
	a stopwatch, which is deactivated. 
	a stove, which is turned off. On the stove is: nothing.
	a table. On the table is: a glass cup (containing nothing).
	a yellow box (containing nothing)
You also see:
	A door to the bathroom (that is open)
	A door to the hallway (that is open)
	A door to the outside (that is open)
2026-09-20 18:39:35 | INFO | tasks.scienceworld | Step 25 - Progress Rate: 0.5

Warning: model not found. Using cl100k_base encoding.
2026-09-20 18:39:37 | INFO | tasks.scienceworld | Step 26 - Action: move metal pot to freezer
2026-09-20 18:39:37 | INFO | tasks.scienceworld | Step 26 - Observation: You move the metal pot to the freezer.
2026-09-20 18:39:37 | INFO | tasks.scienceworld | Step 26 - Progress Rate: 0.5

Warning: model not found. Using cl100k_base encoding.
2026-09-20 18:39:40 | INFO | tasks.scienceworld | Step 27 - Action: look at metal pot
2026-09-20 18:39:40 | INFO | tasks.scienceworld | Step 27 - Observation: a metal pot (containing liquid unknown substance D)
2026-09-20 18:39:40 | INFO | tasks.scienceworld | Step 27 - Progress Rate: 0.5

Warning: model not found. Using cl100k_base encoding.
2026-09-20 18:39:53 | INFO | tasks.scienceworld | Step 28 - Action: 
2026-09-20 18:39:54 | INFO | tasks.scienceworld | Step 28 - Observation: No known action matches that input.
2026-09-20 18:39:54 | INFO | tasks.scienceworld | Step 28 - Progress Rate: 0.5

Warning: model not found. Using cl100k_base encoding.
2026-09-20 18:40:08 | INFO | tasks.scienceworld | Step 29 - Action: 
2026-09-20 18:40:08 | INFO | tasks.scienceworld | Step 29 - Observation: No known action matches that input.
2026-09-20 18:40:08 | INFO | tasks.scienceworld | Step 29 - Progress Rate: 0.5

2026-09-20 18:40:08 | FINISH | tasks.scienceworld | [1;33mExample 12 | Success: False , Progress Rate: 0.5 , Steps: 30
[0m
2026-09-20 18:40:08 | GOAL | tasks.scienceworld | [1;34mExample 13 | Goal: task_name: measure-melting-point-unknown-substance, var: 6, Your task is to measure the melting point of solid unknown substance H in the kitchen. The objects you can use are thermometer, metal pot, stove in the kitchen. You should pick up a temperature in the kitchen for temperature measurement. You should monitor the temperature and examine the substance during the heating process. Once you melt the solid unknown substance H (transforming into liquid substance h), you should use thermometer to measure its the temperature. If the melting point of solid unknown substance H is above 150.0 degrees celsius, focus on the green box. If the melting point of unknown substance H is below 150.0 degrees celsius, focus on the blue box. The boxes are located around the kitchen.[0m
2026-09-20 18:40:08 | INFO | scienceworld.scienceworld | Loading: measure-melting-point-unknown-substance (variation: 6) (simplifications: selfWateringFlowerPots,openContainers,openDoors,noElectricalAction)
2026-09-20 18:40:08 | INFO | tasks.scienceworld | Step 00 - Observation: This room is called the greenhouse. In it, you see: 
	the agent
	a substance called air
	a bee hive. The bee hive door is closed. 
	a jug (containing nothing)
	a shovel
	a sink, which is turned off. In the sink is: nothing.
You also see:
	A door to the hallway (that is open)
	A door to the outside (that is open)
In your inventory, you see:
	an orange

Warning: model not found. Using cl100k_base encoding.
2026-09-20 18:40:10 | INFO | tasks.scienceworld | Step 00 - Action: go to hallway
2026-09-20 18:40:10 | INFO | tasks.scienceworld | Step 00 - Observation: You move to the hallway.
2026-09-20 18:40:10 | INFO | tasks.scienceworld | Step 00 - Progress Rate: 0.0

Warning: model not found. Using cl100k_base encoding.
2026-09-20 18:40:11 | INFO | tasks.scienceworld | Step 01 - Action: go to hallway
2026-09-20 18:40:11 | INFO | tasks.scienceworld | Step 01 - Observation: It's not clear how to get there from here.
2026-09-20 18:40:11 | INFO | tasks.scienceworld | Step 01 - Progress Rate: 0.0

Warning: model not found. Using cl100k_base encoding.
2026-09-20 18:40:12 | INFO | tasks.scienceworld | Step 02 - Action: look around
2026-09-20 18:40:12 | INFO | tasks.scienceworld | Step 02 - Observation: This room is called the hallway. In it, you see: 
	the agent
	a substance called air
	a painting
You also see:
	A door to the art studio (that is open)
	A door to the bedroom (that is open)
	A door to the greenhouse (that is open)
	A door to the kitchen (that is open)
	A door to the living room (that is open)
	A door to the workshop (that is open)
2026-09-20 18:40:12 | INFO | tasks.scienceworld | Step 02 - Progress Rate: 0.0

Warning: model not found. Using cl100k_base encoding.
2026-09-20 18:40:13 | INFO | tasks.scienceworld | Step 03 - Action: go to kitchen
2026-09-20 18:40:13 | INFO | tasks.scienceworld | Step 03 - Observation: You move to the kitchen.
2026-09-20 18:40:13 | INFO | tasks.scienceworld | Step 03 - Progress Rate: 0.14285714285714285

Warning: model not found. Using cl100k_base encoding.
2026-09-20 18:40:14 | INFO | tasks.scienceworld | Step 04 - Action: look around
2026-09-20 18:40:14 | INFO | tasks.scienceworld | Step 04 - Observation: This room is called the kitchen. In it, you see: 
	the agent
	a substance called air
	a blue box (containing nothing)
	a chair. On the chair is: nothing.
	a counter. On the counter is: a bowl (containing a red apple, a banana, an orange, a potato), a drawer.
	a cupboard. The cupboard door is closed. 
	a freezer. The freezer door is closed. 
	a fridge. The fridge door is closed. 
	a glass jar (containing a substance called sodium chloride)
	a green box (containing nothing)
	a lighter
	a oven, which is turned off. The oven door is closed. 
	a painting
	a sink, which is turned off. In the sink is: nothing.
	a substance called soap
	solid unknown substance H
	a stopwatch, which is deactivated. 
	a stove, which is turned off. On the stove is: nothing.
	a table. On the table is: a glass cup (containing nothing).
	a thermometer, currently reading a temperature of 10 degrees celsius
You also see:
	A door to the bathroom (that is open)
	A door to the hallway (that is open)
	A door to the outside (that is open)
2026-09-20 18:40:14 | INFO | tasks.scienceworld | Step 04 - Progress Rate: 0.14285714285714285

Warning: model not found. Using cl100k_base encoding.
2026-09-20 18:40:15 | INFO | tasks.scienceworld | Step 05 - Action: pick up thermometer
2026-09-20 18:40:16 | INFO | tasks.scienceworld | Step 05 - Observation: You move the thermometer to the inventory.
2026-09-20 18:40:16 | INFO | tasks.scienceworld | Step 05 - Progress Rate: 0.2857142857142857

Warning: model not found. Using cl100k_base encoding.
2026-09-20 18:40:17 | INFO | tasks.scienceworld | Step 06 - Action: open cupboard
2026-09-20 18:40:17 | INFO | tasks.scienceworld | Step 06 - Observation: The cupboard is now open.
2026-09-20 18:40:17 | INFO | tasks.scienceworld | Step 06 - Progress Rate: 0.2857142857142857

Warning: model not found. Using cl100k_base encoding.
2026-09-20 18:40:19 | INFO | tasks.scienceworld | Step 07 - Action: look around
2026-09-20 18:40:19 | INFO | tasks.scienceworld | Step 07 - Observation: This room is called the kitchen. In it, you see: 
	the agent
	a substance called air
	a blue box (containing nothing)
	a chair. On the chair is: nothing.
	a counter. On the counter is: a bowl (containing a red apple, a banana, an orange, a potato), a drawer.
	a cupboard. The cupboard door is open. In the cupboard is: a ceramic cup (containing nothing), a drawer, a metal pot (containing nothing), a tin cup (containing nothing).
	a freezer. The freezer door is closed. 
	a fridge. The fridge door is closed. 
	a glass jar (containing a substance called sodium chloride)
	a green box (containing nothing)
	a lighter
	a oven, which is turned off. The oven door is closed. 
	a painting
	a sink, which is turned off. In the sink is: nothing.
	a substance called soap
	solid unknown substance H
	a stopwatch, which is deactivated. 
	a stove, which is turned off. On the stove is: nothing.
	a table. On the table is: a glass cup (containing nothing).
You also see:
	A door to the bathroom (that is open)
	A door to the hallway (that is open)
	A door to the outside (that is open)
2026-09-20 18:40:19 | INFO | tasks.scienceworld | Step 07 - Progress Rate: 0.2857142857142857

Warning: model not found. Using cl100k_base encoding.
2026-09-20 18:40:20 | INFO | tasks.scienceworld | Step 08 - Action: pick up metal pot
2026-09-20 18:40:20 | INFO | tasks.scienceworld | Step 08 - Observation: You move the metal pot to the inventory.
2026-09-20 18:40:20 | INFO | tasks.scienceworld | Step 08 - Progress Rate: 0.2857142857142857

Warning: model not found. Using cl100k_base encoding.
2026-09-20 18:40:23 | INFO | tasks.scienceworld | Step 09 - Action: pick up solid unknown substance H
2026-09-20 18:40:23 | INFO | tasks.scienceworld | Step 09 - Observation: You move the solid unknown substance H to the inventory.
2026-09-20 18:40:23 | INFO | tasks.scienceworld | Step 09 - Progress Rate: 0.2857142857142857

Warning: model not found. Using cl100k_base encoding.
2026-09-20 18:40:24 | INFO | tasks.scienceworld | Step 10 - Action: move metal pot to stove
2026-09-20 18:40:24 | INFO | tasks.scienceworld | Step 10 - Observation: You move the metal pot to the stove.
2026-09-20 18:40:24 | INFO | tasks.scienceworld | Step 10 - Progress Rate: 0.42857142857142855

Warning: model not found. Using cl100k_base encoding.
2026-09-20 18:40:25 | INFO | tasks.scienceworld | Step 11 - Action: move solid unknown substance H to metal pot
2026-09-20 18:40:26 | INFO | tasks.scienceworld | Step 11 - Observation: You move the solid unknown substance H to the metal pot.
2026-09-20 18:40:26 | INFO | tasks.scienceworld | Step 11 - Progress Rate: 0.5714285714285714

Warning: model not found. Using cl100k_base encoding.
2026-09-20 18:40:27 | INFO | tasks.scienceworld | Step 12 - Action: activate stove
2026-09-20 18:40:27 | INFO | tasks.scienceworld | Step 12 - Observation: The stove is now activated.
2026-09-20 18:40:27 | INFO | tasks.scienceworld | Step 12 - Progress Rate: 0.7142857142857143

Warning: model not found. Using cl100k_base encoding.
2026-09-20 18:40:29 | INFO | tasks.scienceworld | Step 13 - Action: examine substance in metal pot
2026-09-20 18:40:29 | INFO | tasks.scienceworld | Step 13 - Observation: No known action matches that input.
2026-09-20 18:40:29 | INFO | tasks.scienceworld | Step 13 - Progress Rate: 0.7142857142857143

Warning: model not found. Using cl100k_base encoding.
2026-09-20 18:40:30 | INFO | tasks.scienceworld | Step 14 - Action: use thermometer on substance in metal pot
2026-09-20 18:40:31 | INFO | tasks.scienceworld | Step 14 - Observation: No known action matches that input.
2026-09-20 18:40:31 | INFO | tasks.scienceworld | Step 14 - Progress Rate: 0.7142857142857143

Warning: model not found. Using cl100k_base encoding.
2026-09-20 18:40:38 | INFO | tasks.scienceworld | Step 15 - Action: check valid actions
2026-09-20 18:40:38 | INFO | tasks.scienceworld | Step 15 - Observation: Choose an action from these valid actions: activate OBJ, close OBJ, deactivate OBJ, dunk OBJ in OBJ, eat OBJ, flush OBJ, focus on OBJ, go OBJ, inventory, look around, look at OBJ, look in OBJ, mix OBJ, move OBJ to OBJ, open OBJ, pick up OBJ, pour OBJ in OBJ, put down OBJ, read OBJ, task, use OBJ on OBJ, wait, wait1, check valid actions
2026-09-20 18:40:38 | INFO | tasks.scienceworld | Step 15 - Progress Rate: 0.7142857142857143

Warning: model not found. Using cl100k_base encoding.
2026-09-20 18:40:40 | INFO | tasks.scienceworld | Step 16 - Action: look at metal pot
2026-09-20 18:40:40 | INFO | tasks.scienceworld | Step 16 - Observation: a metal pot (containing solid unknown substance H)
2026-09-20 18:40:40 | INFO | tasks.scienceworld | Step 16 - Progress Rate: 0.7142857142857143

Warning: model not found. Using cl100k_base encoding.
2026-09-20 18:40:46 | INFO | tasks.scienceworld | Step 17 - Action: use thermometer on solid unknown substance H
2026-09-20 18:40:46 | INFO | tasks.scienceworld | Step 17 - Observation: the thermometer measures a temperature of 16 degrees celsius
2026-09-20 18:40:46 | INFO | tasks.scienceworld | Step 17 - Progress Rate: 0.7142857142857143

Warning: model not found. Using cl100k_base encoding.
2026-09-20 18:40:49 | INFO | tasks.scienceworld | Step 18 - Action: look at metal pot
2026-09-20 18:40:49 | INFO | tasks.scienceworld | Step 18 - Observation: a metal pot (containing solid unknown substance H)
2026-09-20 18:40:49 | INFO | tasks.scienceworld | Step 18 - Progress Rate: 0.7142857142857143

Warning: model not found. Using cl100k_base encoding.
2026-09-20 18:40:51 | INFO | tasks.scienceworld | Step 19 - Action: wait
2026-09-20 18:40:51 | INFO | tasks.scienceworld | Step 19 - Observation: You decide to wait for 10 iterations.
2026-09-20 18:40:51 | INFO | tasks.scienceworld | Step 19 - Progress Rate: 0.7142857142857143

Warning: model not found. Using cl100k_base encoding.
2026-09-20 18:40:53 | INFO | tasks.scienceworld | Step 20 - Action: look at metal pot
2026-09-20 18:40:53 | INFO | tasks.scienceworld | Step 20 - Observation: a metal pot (containing solid unknown substance H)
2026-09-20 18:40:53 | INFO | tasks.scienceworld | Step 20 - Progress Rate: 0.7142857142857143

Warning: model not found. Using cl100k_base encoding.
2026-09-20 18:40:55 | INFO | tasks.scienceworld | Step 21 - Action: wait
2026-09-20 18:40:55 | INFO | tasks.scienceworld | Step 21 - Observation: You decide to wait for 10 iterations.
2026-09-20 18:40:55 | INFO | tasks.scienceworld | Step 21 - Progress Rate: 0.7142857142857143

Warning: model not found. Using cl100k_base encoding.
2026-09-20 18:40:57 | INFO | tasks.scienceworld | Step 22 - Action: look at metal pot
2026-09-20 18:40:57 | INFO | tasks.scienceworld | Step 22 - Observation: a metal pot (containing solid unknown substance H)
2026-09-20 18:40:57 | INFO | tasks.scienceworld | Step 22 - Progress Rate: 0.7142857142857143

Warning: model not found. Using cl100k_base encoding.
2026-09-20 18:40:58 | INFO | tasks.scienceworld | Step 23 - Action: use thermometer on solid unknown substance H
2026-09-20 18:40:58 | INFO | tasks.scienceworld | Step 23 - Observation: the thermometer measures a temperature of 161 degrees celsius
2026-09-20 18:40:58 | INFO | tasks.scienceworld | Step 23 - Progress Rate: 0.8571428571428571

Warning: model not found. Using cl100k_base encoding.
2026-09-20 18:41:00 | INFO | tasks.scienceworld | Step 24 - Action: look at metal pot
2026-09-20 18:41:00 | INFO | tasks.scienceworld | Step 24 - Observation: a metal pot (containing solid unknown substance H)
2026-09-20 18:41:00 | INFO | tasks.scienceworld | Step 24 - Progress Rate: 0.8571428571428571

Warning: model not found. Using cl100k_base encoding.
2026-09-20 18:41:02 | INFO | tasks.scienceworld | Step 25 - Action: wait
2026-09-20 18:41:02 | INFO | tasks.scienceworld | Step 25 - Observation: You decide to wait for 10 iterations.
2026-09-20 18:41:02 | INFO | tasks.scienceworld | Step 25 - Progress Rate: 0.8571428571428571

Warning: model not found. Using cl100k_base encoding.
2026-09-20 18:41:05 | INFO | tasks.scienceworld | Step 26 - Action: look at metal pot
2026-09-20 18:41:05 | INFO | tasks.scienceworld | Step 26 - Observation: a metal pot (containing solid unknown substance H)
2026-09-20 18:41:05 | INFO | tasks.scienceworld | Step 26 - Progress Rate: 0.8571428571428571

Warning: model not found. Using cl100k_base encoding.
2026-09-20 18:41:07 | INFO | tasks.scienceworld | Step 27 - Action: wait
2026-09-20 18:41:07 | INFO | tasks.scienceworld | Step 27 - Observation: You decide to wait for 10 iterations.
2026-09-20 18:41:07 | INFO | tasks.scienceworld | Step 27 - Progress Rate: 0.8571428571428571

Warning: model not found. Using cl100k_base encoding.
2026-09-20 18:41:10 | INFO | tasks.scienceworld | Step 28 - Action: look at metal pot
2026-09-20 18:41:11 | INFO | tasks.scienceworld | Step 28 - Observation: a metal pot (containing solid unknown substance H)
2026-09-20 18:41:11 | INFO | tasks.scienceworld | Step 28 - Progress Rate: 0.8571428571428571

Warning: model not found. Using cl100k_base encoding.
2026-09-20 18:41:13 | INFO | tasks.scienceworld | Step 29 - Action: look at metal pot
2026-09-20 18:41:13 | INFO | tasks.scienceworld | Step 29 - Observation: a metal pot (containing solid unknown substance H)
2026-09-20 18:41:13 | INFO | tasks.scienceworld | Step 29 - Progress Rate: 0.8571428571428571

2026-09-20 18:41:13 | FINISH | tasks.scienceworld | [1;33mExample 13 | Success: False , Progress Rate: 0.8571428571428571 , Steps: 30
[0m
2026-09-20 18:41:13 | GOAL | tasks.scienceworld | [1;34mExample 14 | Goal: task_name: measure-melting-point-unknown-substance, var: 7, Your task is to measure the melting point of solid unknown substance H in the kitchen. The objects you can use are thermometer, metal pot, stove in the kitchen. You should monitor the temperature and examine the substance during the heating process. Once you melt the solid unknown substance H (transforming into liquid substance h), you should use thermometer to measure its the temperature. If the melting point of solid unknown substance H is above 10.0 degrees celsius, focus on the blue box. If the melting point of unknown substance H is below 10.0 degrees celsius, focus on the orange box. The boxes are located around the kitchen.[0m
2026-09-20 18:41:13 | INFO | scienceworld.scienceworld | Loading: measure-melting-point-unknown-substance (variation: 7) (simplifications: selfWateringFlowerPots,openContainers,openDoors,noElectricalAction)
2026-09-20 18:41:13 | INFO | tasks.scienceworld | Step 00 - Observation: This room is called the hallway. In it, you see: 
	the agent
	a substance called air
	a drawing
You also see:
	A door to the art studio (that is open)
	A door to the bedroom (that is open)
	A door to the greenhouse (that is open)
	A door to the kitchen (that is open)
	A door to the living room (that is open)
	A door to the workshop (that is open)
In your inventory, you see:
	an orange

Warning: model not found. Using cl100k_base encoding.
2026-09-20 18:41:14 | INFO | tasks.scienceworld | Step 00 - Action: go to kitchen
2026-09-20 18:41:15 | INFO | tasks.scienceworld | Step 00 - Observation: You move to the kitchen.
2026-09-20 18:41:15 | INFO | tasks.scienceworld | Step 00 - Progress Rate: 0.14285714285714285

Warning: model not found. Using cl100k_base encoding.
2026-09-20 18:41:15 | INFO | tasks.scienceworld | Step 01 - Action: look around
2026-09-20 18:41:16 | INFO | tasks.scienceworld | Step 01 - Observation: This room is called the kitchen. In it, you see: 
	the agent
	a substance called air
	a blue box (containing nothing)
	a chair. On the chair is: nothing.
	a counter. On the counter is: a bowl (containing a red apple, a banana, an orange, a potato), a drawer.
	a cupboard. The cupboard door is closed. 
	a freezer. The freezer door is closed. 
	a fridge. The fridge door is closed. 
	a glass jar (containing a substance called sodium chloride)
	a lighter
	a orange box (containing nothing)
	a oven, which is turned off. The oven door is closed. 
	a painting
	a sink, which is turned off. In the sink is: nothing.
	a substance called soap
	solid unknown substance H
	a stopwatch, which is deactivated. 
	a stove, which is turned off. On the stove is: nothing.
	a table. On the table is: a glass cup (containing nothing).
	a thermometer, currently reading a temperature of 10 degrees celsius
You also see:
	A door to the bathroom (that is open)
	A door to the hallway (that is open)
	A door to the outside (that is open)
2026-09-20 18:41:16 | INFO | tasks.scienceworld | Step 01 - Progress Rate: 0.14285714285714285

Warning: model not found. Using cl100k_base encoding.
2026-09-20 18:41:17 | INFO | tasks.scienceworld | Step 02 - Action: pick up thermometer
2026-09-20 18:41:18 | INFO | tasks.scienceworld | Step 02 - Observation: You move the thermometer to the inventory.
2026-09-20 18:41:18 | INFO | tasks.scienceworld | Step 02 - Progress Rate: 0.2857142857142857

Warning: model not found. Using cl100k_base encoding.
2026-09-20 18:41:20 | INFO | tasks.scienceworld | Step 03 - Action: open cupboard
2026-09-20 18:41:21 | INFO | tasks.scienceworld | Step 03 - Observation: The cupboard is now open.
2026-09-20 18:41:21 | INFO | tasks.scienceworld | Step 03 - Progress Rate: 0.2857142857142857

Warning: model not found. Using cl100k_base encoding.
2026-09-20 18:41:22 | INFO | tasks.scienceworld | Step 04 - Action: look in cupboard
2026-09-20 18:41:22 | INFO | tasks.scienceworld | Step 04 - Observation: Inside the cupboard is: 
	a ceramic cup (containing nothing)
	a drawer
	a metal pot (containing nothing)
	a tin cup (containing nothing)
2026-09-20 18:41:22 | INFO | tasks.scienceworld | Step 04 - Progress Rate: 0.2857142857142857

Warning: model not found. Using cl100k_base encoding.
2026-09-20 18:41:24 | INFO | tasks.scienceworld | Step 05 - Action: pick up metal pot
2026-09-20 18:41:25 | INFO | tasks.scienceworld | Step 05 - Observation: You move the metal pot to the inventory.
2026-09-20 18:41:25 | INFO | tasks.scienceworld | Step 05 - Progress Rate: 0.2857142857142857

Warning: model not found. Using cl100k_base encoding.
2026-09-20 18:41:26 | INFO | tasks.scienceworld | Step 06 - Action: pick up solid unknown substance H
2026-09-20 18:41:26 | INFO | tasks.scienceworld | Step 06 - Observation: You move the solid unknown substance H to the inventory.
2026-09-20 18:41:26 | INFO | tasks.scienceworld | Step 06 - Progress Rate: 0.2857142857142857

Warning: model not found. Using cl100k_base encoding.
2026-09-20 18:41:28 | INFO | tasks.scienceworld | Step 07 - Action: move metal pot to stove
2026-09-20 18:41:28 | INFO | tasks.scienceworld | Step 07 - Observation: You move the metal pot to the stove.
2026-09-20 18:41:28 | INFO | tasks.scienceworld | Step 07 - Progress Rate: 0.42857142857142855

Warning: model not found. Using cl100k_base encoding.
2026-09-20 18:41:29 | INFO | tasks.scienceworld | Step 08 - Action: move solid unknown substance H to metal pot
2026-09-20 18:41:30 | INFO | tasks.scienceworld | Step 08 - Observation: You move the solid unknown substance H to the metal pot.
2026-09-20 18:41:30 | INFO | tasks.scienceworld | Step 08 - Progress Rate: 0.5714285714285714

Warning: model not found. Using cl100k_base encoding.
2026-09-20 18:41:30 | INFO | tasks.scienceworld | Step 09 - Action: activate stove
2026-09-20 18:41:31 | INFO | tasks.scienceworld | Step 09 - Observation: The stove is now activated.
2026-09-20 18:41:31 | INFO | tasks.scienceworld | Step 09 - Progress Rate: 0.7142857142857143

Warning: model not found. Using cl100k_base encoding.
2026-09-20 18:41:32 | INFO | tasks.scienceworld | Step 10 - Action: examine substance in metal pot
2026-09-20 18:41:32 | INFO | tasks.scienceworld | Step 10 - Observation: No known action matches that input.
2026-09-20 18:41:32 | INFO | tasks.scienceworld | Step 10 - Progress Rate: 0.7142857142857143

Warning: model not found. Using cl100k_base encoding.
2026-09-20 18:41:36 | INFO | tasks.scienceworld | Step 11 - Action: look at metal pot
2026-09-20 18:41:37 | INFO | tasks.scienceworld | Step 11 - Observation: a metal pot (containing solid unknown substance H)
2026-09-20 18:41:37 | INFO | tasks.scienceworld | Step 11 - Progress Rate: 0.7142857142857143

Warning: model not found. Using cl100k_base encoding.
2026-09-20 18:41:39 | INFO | tasks.scienceworld | Step 12 - Action: use thermometer in inventory on substance in metal pot
2026-09-20 18:41:39 | INFO | tasks.scienceworld | Step 12 - Observation: No known action matches that input.
2026-09-20 18:41:39 | INFO | tasks.scienceworld | Step 12 - Progress Rate: 0.7142857142857143

Warning: model not found. Using cl100k_base encoding.
2026-09-20 18:41:42 | INFO | tasks.scienceworld | Step 13 - Action: look at metal pot
2026-09-20 18:41:42 | INFO | tasks.scienceworld | Step 13 - Observation: a metal pot (containing solid unknown substance H)
2026-09-20 18:41:42 | INFO | tasks.scienceworld | Step 13 - Progress Rate: 0.7142857142857143

Warning: model not found. Using cl100k_base encoding.
2026-09-20 18:41:45 | INFO | tasks.scienceworld | Step 14 - Action: check valid actions
2026-09-20 18:41:45 | INFO | tasks.scienceworld | Step 14 - Observation: Choose an action from these valid actions: activate OBJ, close OBJ, deactivate OBJ, dunk OBJ in OBJ, eat OBJ, flush OBJ, focus on OBJ, go OBJ, inventory, look around, look at OBJ, look in OBJ, mix OBJ, move OBJ to OBJ, open OBJ, pick up OBJ, pour OBJ in OBJ, put down OBJ, read OBJ, task, use OBJ on OBJ, wait, wait1, check valid actions
2026-09-20 18:41:45 | INFO | tasks.scienceworld | Step 14 - Progress Rate: 0.7142857142857143

Warning: model not found. Using cl100k_base encoding.
2026-09-20 18:41:47 | INFO | tasks.scienceworld | Step 15 - Action: focus on solid unknown substance H
2026-09-20 18:41:47 | INFO | tasks.scienceworld | Step 15 - Observation: You focus on the solid unknown substance H.
2026-09-20 18:41:47 | INFO | tasks.scienceworld | Step 15 - Progress Rate: 0.7142857142857143

Warning: model not found. Using cl100k_base encoding.
2026-09-20 18:41:49 | INFO | tasks.scienceworld | Step 16 - Action: look at metal pot
2026-09-20 18:41:50 | INFO | tasks.scienceworld | Step 16 - Observation: a metal pot (containing solid unknown substance H)
2026-09-20 18:41:50 | INFO | tasks.scienceworld | Step 16 - Progress Rate: 0.7142857142857143

Warning: model not found. Using cl100k_base encoding.
2026-09-20 18:41:52 | INFO | tasks.scienceworld | Step 17 - Action: use thermometer on solid unknown substance H
2026-09-20 18:41:52 | INFO | tasks.scienceworld | Step 17 - Observation: the thermometer measures a temperature of 33 degrees celsius
2026-09-20 18:41:52 | INFO | tasks.scienceworld | Step 17 - Progress Rate: 0.8571428571428571

Warning: model not found. Using cl100k_base encoding.
2026-09-20 18:41:53 | INFO | tasks.scienceworld | Step 18 - Action: look at metal pot
2026-09-20 18:41:53 | INFO | tasks.scienceworld | Step 18 - Observation: a metal pot (containing solid unknown substance H)
2026-09-20 18:41:53 | INFO | tasks.scienceworld | Step 18 - Progress Rate: 0.8571428571428571

Warning: model not found. Using cl100k_base encoding.
2026-09-20 18:41:55 | INFO | tasks.scienceworld | Step 19 - Action: use thermometer on solid unknown substance H
2026-09-20 18:41:55 | INFO | tasks.scienceworld | Step 19 - Observation: the thermometer measures a temperature of 47 degrees celsius
2026-09-20 18:41:55 | INFO | tasks.scienceworld | Step 19 - Progress Rate: 0.8571428571428571

Warning: model not found. Using cl100k_base encoding.
2026-09-20 18:41:56 | INFO | tasks.scienceworld | Step 20 - Action: use thermometer on solid unknown substance H
2026-09-20 18:41:57 | INFO | tasks.scienceworld | Step 20 - Observation: the thermometer measures a temperature of 54 degrees celsius
2026-09-20 18:41:57 | INFO | tasks.scienceworld | Step 20 - Progress Rate: 0.8571428571428571

Warning: model not found. Using cl100k_base encoding.
2026-09-20 18:41:58 | INFO | tasks.scienceworld | Step 21 - Action: use thermometer on solid unknown substance H
2026-09-20 18:41:58 | INFO | tasks.scienceworld | Step 21 - Observation: the thermometer measures a temperature of 61 degrees celsius
2026-09-20 18:41:58 | INFO | tasks.scienceworld | Step 21 - Progress Rate: 0.8571428571428571

Warning: model not found. Using cl100k_base encoding.
2026-09-20 18:42:00 | INFO | tasks.scienceworld | Step 22 - Action: look at metal pot
2026-09-20 18:42:00 | INFO | tasks.scienceworld | Step 22 - Observation: a metal pot (containing solid unknown substance H)
2026-09-20 18:42:00 | INFO | tasks.scienceworld | Step 22 - Progress Rate: 0.8571428571428571

Warning: model not found. Using cl100k_base encoding.
2026-09-20 18:42:02 | INFO | tasks.scienceworld | Step 23 - Action: use thermometer on solid unknown substance H
2026-09-20 18:42:02 | INFO | tasks.scienceworld | Step 23 - Observation: the thermometer measures a temperature of 74 degrees celsius
2026-09-20 18:42:02 | INFO | tasks.scienceworld | Step 23 - Progress Rate: 0.8571428571428571

Warning: model not found. Using cl100k_base encoding.
2026-09-20 18:42:04 | INFO | tasks.scienceworld | Step 24 - Action: use thermometer on solid unknown substance H
2026-09-20 18:42:04 | INFO | tasks.scienceworld | Step 24 - Observation: the thermometer measures a temperature of 81 degrees celsius
2026-09-20 18:42:04 | INFO | tasks.scienceworld | Step 24 - Progress Rate: 0.8571428571428571

Warning: model not found. Using cl100k_base encoding.
2026-09-20 18:42:05 | INFO | tasks.scienceworld | Step 25 - Action: look at metal pot
2026-09-20 18:42:05 | INFO | tasks.scienceworld | Step 25 - Observation: a metal pot (containing solid unknown substance H)
2026-09-20 18:42:05 | INFO | tasks.scienceworld | Step 25 - Progress Rate: 0.8571428571428571

Warning: model not found. Using cl100k_base encoding.
2026-09-20 18:42:08 | INFO | tasks.scienceworld | Step 26 - Action: use thermometer on solid unknown substance H
2026-09-20 18:42:08 | INFO | tasks.scienceworld | Step 26 - Observation: the thermometer measures a temperature of 93 degrees celsius
2026-09-20 18:42:08 | INFO | tasks.scienceworld | Step 26 - Progress Rate: 0.8571428571428571

Warning: model not found. Using cl100k_base encoding.
2026-09-20 18:42:09 | INFO | tasks.scienceworld | Step 27 - Action: use thermometer on solid unknown substance H
2026-09-20 18:42:09 | INFO | tasks.scienceworld | Step 27 - Observation: the thermometer measures a temperature of 99 degrees celsius
2026-09-20 18:42:09 | INFO | tasks.scienceworld | Step 27 - Progress Rate: 0.8571428571428571

Warning: model not found. Using cl100k_base encoding.
2026-09-20 18:42:11 | INFO | tasks.scienceworld | Step 28 - Action: look at metal pot
2026-09-20 18:42:11 | INFO | tasks.scienceworld | Step 28 - Observation: a metal pot (containing solid unknown substance H)
2026-09-20 18:42:11 | INFO | tasks.scienceworld | Step 28 - Progress Rate: 0.8571428571428571

Warning: model not found. Using cl100k_base encoding.
2026-09-20 18:42:13 | INFO | tasks.scienceworld | Step 29 - Action: look at metal pot
2026-09-20 18:42:13 | INFO | tasks.scienceworld | Step 29 - Observation: a metal pot (containing solid unknown substance H)
2026-09-20 18:42:13 | INFO | tasks.scienceworld | Step 29 - Progress Rate: 0.8571428571428571

2026-09-20 18:42:13 | FINISH | tasks.scienceworld | [1;33mExample 14 | Success: False , Progress Rate: 0.8571428571428571 , Steps: 30
[0m
2026-09-20 18:42:13 | GOAL | tasks.scienceworld | [1;34mExample 15 | Goal: task_name: use-thermometer, var: 5, Your task is to measure the temperature of sodium chloride, which is located around the bathroom. You should pick up a temperature and sodium chloride for temperature measurement. If the sodium chloride temperature is above 100.0 degrees celsius, place it in the green box. If the sodium chloride temperature is below 100.0 degrees celsius, place it in the blue box. The boxes are located around the bedroom.[0m
2026-09-20 18:42:13 | INFO | scienceworld.scienceworld | Loading: use-thermometer (variation: 5) (simplifications: selfWateringFlowerPots,openContainers,openDoors,noElectricalAction)
2026-09-20 18:42:13 | INFO | tasks.scienceworld | Step 00 - Observation: This room is called the workshop. In it, you see: 
	the agent
	a substance called air
	a table. On the table is: a battery, a black wire, a blue wire, a orange wire, a red light bulb, which is off, a switch, which is off, a violet light bulb, which is off, a yellow light bulb, which is off.
	a ultra low temperature freezer. The ultra low temperature freezer door is closed. 
You also see:
	A door to the hallway (that is open)
In your inventory, you see:
	an orange

Warning: model not found. Using cl100k_base encoding.
2026-09-20 18:42:15 | INFO | tasks.scienceworld | Step 00 - Action: go to hallway
2026-09-20 18:42:15 | INFO | tasks.scienceworld | Step 00 - Observation: You move to the hallway.
2026-09-20 18:42:15 | INFO | tasks.scienceworld | Step 00 - Progress Rate: 0.0

Warning: model not found. Using cl100k_base encoding.
2026-09-20 18:42:16 | INFO | tasks.scienceworld | Step 01 - Action: go to bathroom
2026-09-20 18:42:16 | INFO | tasks.scienceworld | Step 01 - Observation: No known action matches that input.
2026-09-20 18:42:16 | INFO | tasks.scienceworld | Step 01 - Progress Rate: 0.0

Warning: model not found. Using cl100k_base encoding.
2026-09-20 18:42:17 | INFO | tasks.scienceworld | Step 02 - Action: look around
2026-09-20 18:42:17 | INFO | tasks.scienceworld | Step 02 - Observation: This room is called the hallway. In it, you see: 
	the agent
	a substance called air
	a painting
You also see:
	A door to the art studio (that is open)
	A door to the bedroom (that is open)
	A door to the greenhouse (that is open)
	A door to the kitchen (that is open)
	A door to the living room (that is open)
	A door to the workshop (that is open)
2026-09-20 18:42:17 | INFO | tasks.scienceworld | Step 02 - Progress Rate: 0.0

Warning: model not found. Using cl100k_base encoding.
2026-09-20 18:42:18 | INFO | tasks.scienceworld | Step 03 - Action: go to kitchen
2026-09-20 18:42:18 | INFO | tasks.scienceworld | Step 03 - Observation: You move to the kitchen.
2026-09-20 18:42:18 | INFO | tasks.scienceworld | Step 03 - Progress Rate: 0.0

Warning: model not found. Using cl100k_base encoding.
2026-09-20 18:42:19 | INFO | tasks.scienceworld | Step 04 - Action: look around
2026-09-20 18:42:20 | INFO | tasks.scienceworld | Step 04 - Observation: This room is called the kitchen. In it, you see: 
	the agent
	a substance called air
	a chair. On the chair is: nothing.
	a counter. On the counter is: a bowl (containing a red apple, a banana, an orange, a potato), a drawer.
	a cupboard. The cupboard door is closed. 
	a freezer. The freezer door is closed. 
	a fridge. The fridge door is closed. 
	a glass jar (containing a substance called sodium chloride)
	a lighter
	a oven, which is turned off. The oven door is closed. 
	a painting
	a sink, which is turned off. In the sink is: nothing.
	a substance called soap
	a stopwatch, which is deactivated. 
	a stove, which is turned off. On the stove is: nothing.
	a table. On the table is: a glass cup (containing nothing).
	a thermometer, currently reading a temperature of 10 degrees celsius
You also see:
	A door to the bathroom (that is open)
	A door to the hallway (that is open)
	A door to the outside (that is open)
2026-09-20 18:42:20 | INFO | tasks.scienceworld | Step 04 - Progress Rate: 0.0

Warning: model not found. Using cl100k_base encoding.
2026-09-20 18:42:21 | INFO | tasks.scienceworld | Step 05 - Action: pick up thermometer
2026-09-20 18:42:22 | INFO | tasks.scienceworld | Step 05 - Observation: You move the thermometer to the inventory.
2026-09-20 18:42:22 | INFO | tasks.scienceworld | Step 05 - Progress Rate: 0.16666666666666666

Warning: model not found. Using cl100k_base encoding.
2026-09-20 18:42:24 | INFO | tasks.scienceworld | Step 06 - Action: go to bathroom
2026-09-20 18:42:24 | INFO | tasks.scienceworld | Step 06 - Observation: You move to the bathroom.
2026-09-20 18:42:24 | INFO | tasks.scienceworld | Step 06 - Progress Rate: 0.3333333333333333

Warning: model not found. Using cl100k_base encoding.
2026-09-20 18:42:25 | INFO | tasks.scienceworld | Step 07 - Action: look around
2026-09-20 18:42:25 | INFO | tasks.scienceworld | Step 07 - Observation: This room is called the bathroom. In it, you see: 
	the agent
	a substance called air
	a bathtub, which is turned off. In the bathtub is: nothing.
	a finger painting
	a glass cup (containing nothing)
	a sink, which is turned off. In the sink is: nothing.
	a substance called sodium chloride
	a toilet. In the toilet is: A drain, which is closed, a substance called water.
You also see:
	A door to the kitchen (that is open)
2026-09-20 18:42:25 | INFO | tasks.scienceworld | Step 07 - Progress Rate: 0.3333333333333333

Warning: model not found. Using cl100k_base encoding.
2026-09-20 18:42:27 | INFO | tasks.scienceworld | Step 08 - Action: pick up sodium chloride
2026-09-20 18:42:27 | INFO | tasks.scienceworld | Step 08 - Observation: You move the sodium chloride to the inventory.
2026-09-20 18:42:27 | INFO | tasks.scienceworld | Step 08 - Progress Rate: 0.5

Warning: model not found. Using cl100k_base encoding.
2026-09-20 18:42:30 | INFO | tasks.scienceworld | Step 09 - Action: use thermometer on sodium chloride
2026-09-20 18:42:30 | INFO | tasks.scienceworld | Step 09 - Observation: the thermometer measures a temperature of 248 degrees celsius
2026-09-20 18:42:30 | INFO | tasks.scienceworld | Step 09 - Progress Rate: 0.6666666666666666

Warning: model not found. Using cl100k_base encoding.
2026-09-20 18:42:32 | INFO | tasks.scienceworld | Step 10 - Action: go to kitchen
2026-09-20 18:42:32 | INFO | tasks.scienceworld | Step 10 - Observation: You move to the kitchen.
2026-09-20 18:42:32 | INFO | tasks.scienceworld | Step 10 - Progress Rate: 0.6666666666666666

Warning: model not found. Using cl100k_base encoding.
2026-09-20 18:42:33 | INFO | tasks.scienceworld | Step 11 - Action: go to hallway
2026-09-20 18:42:33 | INFO | tasks.scienceworld | Step 11 - Observation: You move to the hallway.
2026-09-20 18:42:33 | INFO | tasks.scienceworld | Step 11 - Progress Rate: 0.6666666666666666

Warning: model not found. Using cl100k_base encoding.
2026-09-20 18:42:34 | INFO | tasks.scienceworld | Step 12 - Action: go to bedroom
2026-09-20 18:42:34 | INFO | tasks.scienceworld | Step 12 - Observation: You move to the bedroom.
2026-09-20 18:42:34 | INFO | tasks.scienceworld | Step 12 - Progress Rate: 0.8333333333333334

Warning: model not found. Using cl100k_base encoding.
2026-09-20 18:42:36 | INFO | tasks.scienceworld | Step 13 - Action: look around
2026-09-20 18:42:36 | INFO | tasks.scienceworld | Step 13 - Observation: This room is called the bedroom. In it, you see: 
	the agent
	a substance called air
	a bed. On the bed is: a mattress. On the mattress is: a white pillow..
	a blue box (containing nothing)
	a closet. The closet door is closed. 
	a green box (containing nothing)
	a painting
	a table. On the table is: nothing.
You also see:
	A door to the hallway (that is open)
2026-09-20 18:42:36 | INFO | tasks.scienceworld | Step 13 - Progress Rate: 0.8333333333333334

Warning: model not found. Using cl100k_base encoding.
2026-09-20 18:42:37 | INFO | tasks.scienceworld | Step 14 - Action: move sodium chloride to green box
2026-09-20 18:42:37 | INFO | tasks.scienceworld | Step 14 - Observation: You move the sodium chloride to the green box.
2026-09-20 18:42:37 | INFO | tasks.scienceworld | Step 14 - Progress Rate: 1.0

2026-09-20 18:42:37 | FINISH | tasks.scienceworld | [1;33mExample 15 | Success: True , Progress Rate: 1.0 , Steps: 15
[0m
2026-09-20 18:42:37 | GOAL | tasks.scienceworld | [1;34mExample 16 | Goal: task_name: use-thermometer, var: 6, Your task is to measure the temperature of unknown substance B, which is located around the living room. You should pick up a temperature and the unknown substance B for temperature measurement. If the unknown substance B temperature is above -50.0 degrees celsius, place it in the orange box. If the unknown substance B temperature is below -50.0 degrees celsius, place it in the yellow box. The boxes are located around the living room.[0m
2026-09-20 18:42:37 | INFO | scienceworld.scienceworld | Loading: use-thermometer (variation: 6) (simplifications: selfWateringFlowerPots,openContainers,openDoors,noElectricalAction)
2026-09-20 18:42:37 | INFO | tasks.scienceworld | Step 00 - Observation: This room is called the greenhouse. In it, you see: 
	the agent
	a substance called air
	a bee hive. The bee hive door is closed. 
	a jug (containing nothing)
	a shovel
	a sink, which is turned off. In the sink is: nothing.
You also see:
	A door to the hallway (that is open)
	A door to the outside (that is open)
In your inventory, you see:
	an orange

Warning: model not found. Using cl100k_base encoding.
2026-09-20 18:42:38 | INFO | tasks.scienceworld | Step 00 - Action: go to hallway
2026-09-20 18:42:38 | INFO | tasks.scienceworld | Step 00 - Observation: You move to the hallway.
2026-09-20 18:42:38 | INFO | tasks.scienceworld | Step 00 - Progress Rate: 0.0

Warning: model not found. Using cl100k_base encoding.
2026-09-20 18:42:39 | INFO | tasks.scienceworld | Step 01 - Action: go to living room
2026-09-20 18:42:39 | INFO | tasks.scienceworld | Step 01 - Observation: You move to the living room.
2026-09-20 18:42:39 | INFO | tasks.scienceworld | Step 01 - Progress Rate: 0.25

Warning: model not found. Using cl100k_base encoding.
2026-09-20 18:42:40 | INFO | tasks.scienceworld | Step 02 - Action: look around
2026-09-20 18:42:40 | INFO | tasks.scienceworld | Step 02 - Observation: This room is called the living room. In it, you see: 
	the agent
	a substance called air
	a chair. On the chair is: nothing.
	a couch. On the couch is: a white pillow.
	a finger painting
	a orange box (containing nothing)
	a table. On the table is: nothing.
	unknown substance B
	a yellow box (containing nothing)
You also see:
	A door to the hallway (that is open)
2026-09-20 18:42:40 | INFO | tasks.scienceworld | Step 02 - Progress Rate: 0.25

Warning: model not found. Using cl100k_base encoding.
2026-09-20 18:42:42 | INFO | tasks.scienceworld | Step 03 - Action: pick up unknown substance B
2026-09-20 18:42:42 | INFO | tasks.scienceworld | Step 03 - Observation: You move the unknown substance B to the inventory.
2026-09-20 18:42:42 | INFO | tasks.scienceworld | Step 03 - Progress Rate: 0.25

Warning: model not found. Using cl100k_base encoding.
2026-09-20 18:42:43 | INFO | tasks.scienceworld | Step 04 - Action: go to hallway
2026-09-20 18:42:43 | INFO | tasks.scienceworld | Step 04 - Observation: You move to the hallway.
2026-09-20 18:42:43 | INFO | tasks.scienceworld | Step 04 - Progress Rate: 0.25

Warning: model not found. Using cl100k_base encoding.
2026-09-20 18:42:45 | INFO | tasks.scienceworld | Step 05 - Action: go to kitchen
2026-09-20 18:42:45 | INFO | tasks.scienceworld | Step 05 - Observation: You move to the kitchen.
2026-09-20 18:42:45 | INFO | tasks.scienceworld | Step 05 - Progress Rate: 0.25

Warning: model not found. Using cl100k_base encoding.
2026-09-20 18:42:46 | INFO | tasks.scienceworld | Step 06 - Action: look around
2026-09-20 18:42:46 | INFO | tasks.scienceworld | Step 06 - Observation: This room is called the kitchen. In it, you see: 
	the agent
	a substance called air
	a chair. On the chair is: nothing.
	a counter. On the counter is: a bowl (containing a red apple, a banana, an orange, a potato), a drawer.
	a cupboard. The cupboard door is closed. 
	a freezer. The freezer door is closed. 
	a fridge. The fridge door is closed. 
	a glass jar (containing a substance called sodium chloride)
	a lighter
	a oven, which is turned off. The oven door is closed. 
	a painting
	a sink, which is turned off. In the sink is: nothing.
	a substance called soap
	a stopwatch, which is deactivated. 
	a stove, which is turned off. On the stove is: nothing.
	a table. On the table is: a glass cup (containing nothing).
	a thermometer, currently reading a temperature of 10 degrees celsius
You also see:
	A door to the bathroom (that is open)
	A door to the hallway (that is open)
	A door to the outside (that is open)
2026-09-20 18:42:46 | INFO | tasks.scienceworld | Step 06 - Progress Rate: 0.25

Warning: model not found. Using cl100k_base encoding.
2026-09-20 18:42:48 | INFO | tasks.scienceworld | Step 07 - Action: pick up thermometer
2026-09-20 18:42:48 | INFO | tasks.scienceworld | Step 07 - Observation: You move the thermometer to the inventory.
2026-09-20 18:42:48 | INFO | tasks.scienceworld | Step 07 - Progress Rate: 0.5

Warning: model not found. Using cl100k_base encoding.
2026-09-20 18:42:49 | INFO | tasks.scienceworld | Step 08 - Action: use thermometer on unknown substance B
2026-09-20 18:42:49 | INFO | tasks.scienceworld | Step 08 - Observation: the thermometer measures a temperature of -4 degrees celsius
2026-09-20 18:42:49 | INFO | tasks.scienceworld | Step 08 - Progress Rate: 0.75

Warning: model not found. Using cl100k_base encoding.
2026-09-20 18:42:50 | INFO | tasks.scienceworld | Step 09 - Action: go to hallway
2026-09-20 18:42:50 | INFO | tasks.scienceworld | Step 09 - Observation: You move to the hallway.
2026-09-20 18:42:50 | INFO | tasks.scienceworld | Step 09 - Progress Rate: 0.75

Warning: model not found. Using cl100k_base encoding.
2026-09-20 18:42:51 | INFO | tasks.scienceworld | Step 10 - Action: go to living room
2026-09-20 18:42:51 | INFO | tasks.scienceworld | Step 10 - Observation: You move to the living room.
2026-09-20 18:42:51 | INFO | tasks.scienceworld | Step 10 - Progress Rate: 0.75

Warning: model not found. Using cl100k_base encoding.
2026-09-20 18:42:53 | INFO | tasks.scienceworld | Step 11 - Action: move unknown substance B to orange box
2026-09-20 18:42:53 | INFO | tasks.scienceworld | Step 11 - Observation: You move the unknown substance B to the orange box.
2026-09-20 18:42:53 | INFO | tasks.scienceworld | Step 11 - Progress Rate: 1.0

2026-09-20 18:42:53 | FINISH | tasks.scienceworld | [1;33mExample 16 | Success: True , Progress Rate: 1.0 , Steps: 12
[0m
2026-09-20 18:42:53 | GOAL | tasks.scienceworld | [1;34mExample 17 | Goal: task_name: use-thermometer, var: 7, Your task is to measure the temperature of unknown substance B, which is located around the bedroom. You should pick up a temperature and the unknown substance B for temperature measurement. If the unknown substance B temperature is above 200.0 degrees celsius, place it in the orange box. If the unknown substance B temperature is below 200.0 degrees celsius, place it in the yellow box. The boxes are located around the living room.[0m
2026-09-20 18:42:53 | INFO | scienceworld.scienceworld | Loading: use-thermometer (variation: 7) (simplifications: selfWateringFlowerPots,openContainers,openDoors,noElectricalAction)
2026-09-20 18:42:53 | INFO | tasks.scienceworld | Step 00 - Observation: This room is called the hallway. In it, you see: 
	the agent
	a substance called air
	a drawing
You also see:
	A door to the art studio (that is open)
	A door to the bedroom (that is open)
	A door to the greenhouse (that is open)
	A door to the kitchen (that is open)
	A door to the living room (that is open)
	A door to the workshop (that is open)
In your inventory, you see:
	an orange

Warning: model not found. Using cl100k_base encoding.
2026-09-20 18:42:54 | INFO | tasks.scienceworld | Step 00 - Action: go to bedroom
2026-09-20 18:42:54 | INFO | tasks.scienceworld | Step 00 - Observation: You move to the bedroom.
2026-09-20 18:42:54 | INFO | tasks.scienceworld | Step 00 - Progress Rate: 0.2

Warning: model not found. Using cl100k_base encoding.
2026-09-20 18:42:55 | INFO | tasks.scienceworld | Step 01 - Action: look around
2026-09-20 18:42:55 | INFO | tasks.scienceworld | Step 01 - Observation: This room is called the bedroom. In it, you see: 
	the agent
	a substance called air
	a bed. On the bed is: a mattress. On the mattress is: a white pillow..
	a book shelf (containing A book (Frankenstein) titled Frankenstein by Mary Wollstonecraft Shelley, A book (Sherlock Holmes) titled Sherlock Holmes by Arthur Conan Doyle)
	a closet. The closet door is closed. 
	a finger painting
	a table. On the table is: nothing.
	unknown substance B
You also see:
	A door to the hallway (that is open)
2026-09-20 18:42:55 | INFO | tasks.scienceworld | Step 01 - Progress Rate: 0.2

Warning: model not found. Using cl100k_base encoding.
2026-09-20 18:42:56 | INFO | tasks.scienceworld | Step 02 - Action: pick up unknown substance B
2026-09-20 18:42:56 | INFO | tasks.scienceworld | Step 02 - Observation: You move the unknown substance B to the inventory.
2026-09-20 18:42:56 | INFO | tasks.scienceworld | Step 02 - Progress Rate: 0.4

Warning: model not found. Using cl100k_base encoding.
2026-09-20 18:42:58 | INFO | tasks.scienceworld | Step 03 - Action: go to hallway
2026-09-20 18:42:58 | INFO | tasks.scienceworld | Step 03 - Observation: You move to the hallway.
2026-09-20 18:42:58 | INFO | tasks.scienceworld | Step 03 - Progress Rate: 0.4

Warning: model not found. Using cl100k_base encoding.
2026-09-20 18:43:00 | INFO | tasks.scienceworld | Step 04 - Action: go to kitchen
2026-09-20 18:43:00 | INFO | tasks.scienceworld | Step 04 - Observation: You move to the kitchen.
2026-09-20 18:43:00 | INFO | tasks.scienceworld | Step 04 - Progress Rate: 0.4

Warning: model not found. Using cl100k_base encoding.
2026-09-20 18:43:02 | INFO | tasks.scienceworld | Step 05 - Action: look around
2026-09-20 18:43:02 | INFO | tasks.scienceworld | Step 05 - Observation: This room is called the kitchen. In it, you see: 
	the agent
	a substance called air
	a chair. On the chair is: nothing.
	a counter. On the counter is: a bowl (containing a red apple, a banana, an orange, a potato), a drawer.
	a cupboard. The cupboard door is closed. 
	a freezer. The freezer door is closed. 
	a fridge. The fridge door is closed. 
	a glass jar (containing a substance called sodium chloride)
	a lighter
	a oven, which is turned off. The oven door is closed. 
	a painting
	a sink, which is turned off. In the sink is: nothing.
	a substance called soap
	a stopwatch, which is deactivated. 
	a stove, which is turned off. On the stove is: nothing.
	a table. On the table is: a glass cup (containing nothing).
	a thermometer, currently reading a temperature of 10 degrees celsius
You also see:
	A door to the bathroom (that is open)
	A door to the hallway (that is open)
	A door to the outside (that is open)
2026-09-20 18:43:02 | INFO | tasks.scienceworld | Step 05 - Progress Rate: 0.4

Warning: model not found. Using cl100k_base encoding.
2026-09-20 18:43:03 | INFO | tasks.scienceworld | Step 06 - Action: pick up thermometer
2026-09-20 18:43:03 | INFO | tasks.scienceworld | Step 06 - Observation: You move the thermometer to the inventory.
2026-09-20 18:43:03 | INFO | tasks.scienceworld | Step 06 - Progress Rate: 0.4

Warning: model not found. Using cl100k_base encoding.
2026-09-20 18:43:05 | INFO | tasks.scienceworld | Step 07 - Action: use thermometer on unknown substance B
2026-09-20 18:43:05 | INFO | tasks.scienceworld | Step 07 - Observation: the thermometer measures a temperature of 48 degrees celsius
2026-09-20 18:43:05 | INFO | tasks.scienceworld | Step 07 - Progress Rate: 0.6

Warning: model not found. Using cl100k_base encoding.
2026-09-20 18:43:06 | INFO | tasks.scienceworld | Step 08 - Action: go to hallway
2026-09-20 18:43:06 | INFO | tasks.scienceworld | Step 08 - Observation: You move to the hallway.
2026-09-20 18:43:06 | INFO | tasks.scienceworld | Step 08 - Progress Rate: 0.6

Warning: model not found. Using cl100k_base encoding.
2026-09-20 18:43:07 | INFO | tasks.scienceworld | Step 09 - Action: go to living room
2026-09-20 18:43:07 | INFO | tasks.scienceworld | Step 09 - Observation: You move to the living room.
2026-09-20 18:43:07 | INFO | tasks.scienceworld | Step 09 - Progress Rate: 0.8

Warning: model not found. Using cl100k_base encoding.
2026-09-20 18:43:08 | INFO | tasks.scienceworld | Step 10 - Action: look around
2026-09-20 18:43:08 | INFO | tasks.scienceworld | Step 10 - Observation: This room is called the living room. In it, you see: 
	the agent
	a substance called air
	a book shelf (containing A book (Beowulf) titled Beowulf by Beowulf poet, A book (Moby Dick) titled Moby Dick by Herman Melville)
	a chair. On the chair is: nothing.
	a couch. On the couch is: a white pillow.
	a drawing
	a orange box (containing nothing)
	a table. On the table is: nothing.
	a yellow box (containing nothing)
You also see:
	A door to the hallway (that is open)
2026-09-20 18:43:08 | INFO | tasks.scienceworld | Step 10 - Progress Rate: 0.8

Warning: model not found. Using cl100k_base encoding.
2026-09-20 18:43:09 | INFO | tasks.scienceworld | Step 11 - Action: move unknown substance B to yellow box
2026-09-20 18:43:09 | INFO | tasks.scienceworld | Step 11 - Observation: You move the unknown substance B to the yellow box.
2026-09-20 18:43:09 | INFO | tasks.scienceworld | Step 11 - Progress Rate: 1.0

2026-09-20 18:43:09 | FINISH | tasks.scienceworld | [1;33mExample 17 | Success: True , Progress Rate: 1.0 , Steps: 12
[0m
2026-09-20 18:43:09 | GOAL | tasks.scienceworld | [1;34mExample 18 | Goal: task_name: freeze, var: 6, Your task is to freeze orange juice in the kitchen. The objects you can use are a metal pot, a freezer, a thermometer, and a fridge. You should pick up thermometer for temperature measurement. Take actions that will cause it to change its state of matter to a solid state. Finally, examine its altered state. You should use the thermometer to measure the temperature of the orange juice while it changes state.[0m
2026-09-20 18:43:09 | INFO | scienceworld.scienceworld | Loading: freeze (variation: 6) (simplifications: selfWateringFlowerPots,openContainers,openDoors,noElectricalAction)
2026-09-20 18:43:09 | INFO | tasks.scienceworld | Step 00 - Observation: This room is called the greenhouse. In it, you see: 
	the agent
	a substance called air
	a bee hive. The bee hive door is closed. 
	a jug (containing nothing)
	a shovel
	a sink, which is turned off. In the sink is: nothing.
You also see:
	A door to the hallway (that is open)
	A door to the outside (that is open)
In your inventory, you see:
	an orange

Warning: model not found. Using cl100k_base encoding.
2026-09-20 18:43:10 | INFO | tasks.scienceworld | Step 00 - Action: go to kitchen
2026-09-20 18:43:10 | INFO | tasks.scienceworld | Step 00 - Observation: No known action matches that input.
2026-09-20 18:43:10 | INFO | tasks.scienceworld | Step 00 - Progress Rate: 0.0

Warning: model not found. Using cl100k_base encoding.
2026-09-20 18:43:11 | INFO | tasks.scienceworld | Step 01 - Action: go to hallway
2026-09-20 18:43:11 | INFO | tasks.scienceworld | Step 01 - Observation: You move to the hallway.
2026-09-20 18:43:11 | INFO | tasks.scienceworld | Step 01 - Progress Rate: 0.0

Warning: model not found. Using cl100k_base encoding.
2026-09-20 18:43:14 | INFO | tasks.scienceworld | Step 02 - Action: go to kitchen
2026-09-20 18:43:14 | INFO | tasks.scienceworld | Step 02 - Observation: You move to the kitchen.
2026-09-20 18:43:14 | INFO | tasks.scienceworld | Step 02 - Progress Rate: 0.16666666666666666

Warning: model not found. Using cl100k_base encoding.
2026-09-20 18:43:14 | INFO | tasks.scienceworld | Step 03 - Action: look around
2026-09-20 18:43:15 | INFO | tasks.scienceworld | Step 03 - Observation: This room is called the kitchen. In it, you see: 
	the agent
	a substance called air
	a chair. On the chair is: nothing.
	a counter. On the counter is: a bowl (containing a red apple, a banana, an orange, a potato), a drawer.
	a cupboard. The cupboard door is closed. 
	a freezer. The freezer door is closed. 
	a fridge. The fridge door is closed. 
	a glass jar (containing a substance called sodium chloride)
	a lighter
	a oven, which is turned off. The oven door is closed. 
	a painting
	a sink, which is turned off. In the sink is: nothing.
	a substance called soap
	a stopwatch, which is deactivated. 
	a stove, which is turned off. On the stove is: nothing.
	a table. On the table is: a glass cup (containing nothing).
	a thermometer, currently reading a temperature of 10 degrees celsius
You also see:
	A door to the bathroom (that is open)
	A door to the hallway (that is open)
	A door to the outside (that is open)
2026-09-20 18:43:15 | INFO | tasks.scienceworld | Step 03 - Progress Rate: 0.16666666666666666

Warning: model not found. Using cl100k_base encoding.
2026-09-20 18:43:16 | INFO | tasks.scienceworld | Step 04 - Action: pick up thermometer
2026-09-20 18:43:16 | INFO | tasks.scienceworld | Step 04 - Observation: You move the thermometer to the inventory.
2026-09-20 18:43:16 | INFO | tasks.scienceworld | Step 04 - Progress Rate: 0.3333333333333333

Warning: model not found. Using cl100k_base encoding.
2026-09-20 18:43:18 | INFO | tasks.scienceworld | Step 05 - Action: check valid actions
2026-09-20 18:43:18 | INFO | tasks.scienceworld | Step 05 - Observation: Choose an action from these valid actions: activate OBJ, close OBJ, deactivate OBJ, dunk OBJ in OBJ, eat OBJ, flush OBJ, focus on OBJ, go OBJ, inventory, look around, look at OBJ, look in OBJ, mix OBJ, move OBJ to OBJ, open OBJ, pick up OBJ, pour OBJ in OBJ, put down OBJ, read OBJ, task, use OBJ on OBJ, wait, wait1, check valid actions
2026-09-20 18:43:18 | INFO | tasks.scienceworld | Step 05 - Progress Rate: 0.3333333333333333

Warning: model not found. Using cl100k_base encoding.
2026-09-20 18:43:22 | INFO | tasks.scienceworld | Step 06 - Action: open fridge
2026-09-20 18:43:22 | INFO | tasks.scienceworld | Step 06 - Observation: The fridge is now open.
2026-09-20 18:43:22 | INFO | tasks.scienceworld | Step 06 - Progress Rate: 0.5

Warning: model not found. Using cl100k_base encoding.
2026-09-20 18:43:23 | INFO | tasks.scienceworld | Step 07 - Action: look in fridge
2026-09-20 18:43:23 | INFO | tasks.scienceworld | Step 07 - Observation: Inside the fridge is: 
	a wood cup (containing orange juice)
2026-09-20 18:43:23 | INFO | tasks.scienceworld | Step 07 - Progress Rate: 0.5

Warning: model not found. Using cl100k_base encoding.
2026-09-20 18:43:24 | INFO | tasks.scienceworld | Step 08 - Action: pick up wood cup containing orange juice
2026-09-20 18:43:24 | INFO | tasks.scienceworld | Step 08 - Observation: You move the wood cup to the inventory.
2026-09-20 18:43:24 | INFO | tasks.scienceworld | Step 08 - Progress Rate: 0.5

Warning: model not found. Using cl100k_base encoding.
2026-09-20 18:43:26 | INFO | tasks.scienceworld | Step 09 - Action: open cupboard
2026-09-20 18:43:27 | INFO | tasks.scienceworld | Step 09 - Observation: The cupboard is now open.
2026-09-20 18:43:27 | INFO | tasks.scienceworld | Step 09 - Progress Rate: 0.5

Warning: model not found. Using cl100k_base encoding.
2026-09-20 18:43:33 | INFO | tasks.scienceworld | Step 10 - Action: look in cupboard
2026-09-20 18:43:33 | INFO | tasks.scienceworld | Step 10 - Observation: Inside the cupboard is: 
	a ceramic cup (containing nothing)
	a drawer
	a metal pot (containing nothing)
	a tin cup (containing nothing)
2026-09-20 18:43:33 | INFO | tasks.scienceworld | Step 10 - Progress Rate: 0.5

Warning: model not found. Using cl100k_base encoding.
2026-09-20 18:43:40 | INFO | tasks.scienceworld | Step 11 - Action: pick up metal pot
2026-09-20 18:43:40 | INFO | tasks.scienceworld | Step 11 - Observation: You move the metal pot to the inventory.
2026-09-20 18:43:40 | INFO | tasks.scienceworld | Step 11 - Progress Rate: 0.5

Warning: model not found. Using cl100k_base encoding.
2026-09-20 18:43:42 | INFO | tasks.scienceworld | Step 12 - Action: pour wood cup into metal pot
2026-09-20 18:43:42 | INFO | tasks.scienceworld | Step 12 - Observation: You pour the contents of the wood cup into the metal pot.
2026-09-20 18:43:42 | INFO | tasks.scienceworld | Step 12 - Progress Rate: 0.5

Warning: model not found. Using cl100k_base encoding.
2026-09-20 18:43:44 | INFO | tasks.scienceworld | Step 13 - Action: look around
2026-09-20 18:43:44 | INFO | tasks.scienceworld | Step 13 - Observation: This room is called the kitchen. In it, you see: 
	the agent
	a substance called air
	a chair. On the chair is: nothing.
	a counter. On the counter is: a bowl (containing a red apple, a banana, an orange, a potato), a drawer.
	a cupboard. The cupboard door is open. In the cupboard is: a ceramic cup (containing nothing), a drawer, a tin cup (containing nothing).
	a freezer. The freezer door is closed. 
	a fridge. The fridge door is open. In the fridge is: nothing.
	a glass jar (containing a substance called sodium chloride)
	a lighter
	a oven, which is turned off. The oven door is closed. 
	a painting
	a sink, which is turned off. In the sink is: nothing.
	a substance called soap
	a stopwatch, which is deactivated. 
	a stove, which is turned off. On the stove is: nothing.
	a table. On the table is: a glass cup (containing nothing).
You also see:
	A door to the bathroom (that is open)
	A door to the hallway (that is open)
	A door to the outside (that is open)
2026-09-20 18:43:44 | INFO | tasks.scienceworld | Step 13 - Progress Rate: 0.5

Warning: model not found. Using cl100k_base encoding.
2026-09-20 18:43:45 | INFO | tasks.scienceworld | Step 14 - Action: open freezer
2026-09-20 18:43:45 | INFO | tasks.scienceworld | Step 14 - Observation: The freezer is now open.
2026-09-20 18:43:45 | INFO | tasks.scienceworld | Step 14 - Progress Rate: 0.6666666666666666

Warning: model not found. Using cl100k_base encoding.
2026-09-20 18:43:46 | INFO | tasks.scienceworld | Step 15 - Action: move metal pot to freezer
2026-09-20 18:43:46 | INFO | tasks.scienceworld | Step 15 - Observation: You move the metal pot to the freezer.
2026-09-20 18:43:46 | INFO | tasks.scienceworld | Step 15 - Progress Rate: 0.6666666666666666

Warning: model not found. Using cl100k_base encoding.
2026-09-20 18:43:47 | INFO | tasks.scienceworld | Step 16 - Action: look around
2026-09-20 18:43:47 | INFO | tasks.scienceworld | Step 16 - Observation: This room is called the kitchen. In it, you see: 
	the agent
	a substance called air
	a chair. On the chair is: nothing.
	a counter. On the counter is: a bowl (containing a red apple, a banana, an orange, a potato), a drawer.
	a cupboard. The cupboard door is open. In the cupboard is: a ceramic cup (containing nothing), a drawer, a tin cup (containing nothing).
	a freezer. The freezer door is open. In the freezer is: a metal pot (containing orange juice).
	a fridge. The fridge door is open. In the fridge is: nothing.
	a glass jar (containing a substance called sodium chloride)
	a lighter
	a oven, which is turned off. The oven door is closed. 
	a painting
	a sink, which is turned off. In the sink is: nothing.
	a substance called soap
	a stopwatch, which is deactivated. 
	a stove, which is turned off. On the stove is: nothing.
	a table. On the table is: a glass cup (containing nothing).
You also see:
	A door to the bathroom (that is open)
	A door to the hallway (that is open)
	A door to the outside (that is open)
2026-09-20 18:43:47 | INFO | tasks.scienceworld | Step 16 - Progress Rate: 0.6666666666666666

Warning: model not found. Using cl100k_base encoding.
2026-09-20 18:43:48 | INFO | tasks.scienceworld | Step 17 - Action: use thermometer on metal pot
2026-09-20 18:43:49 | INFO | tasks.scienceworld | Step 17 - Observation: the thermometer measures a temperature of 7 degrees celsius
2026-09-20 18:43:49 | INFO | tasks.scienceworld | Step 17 - Progress Rate: 0.8333333333333334

Warning: model not found. Using cl100k_base encoding.
2026-09-20 18:43:50 | INFO | tasks.scienceworld | Step 18 - Action: wait
2026-09-20 18:43:50 | INFO | tasks.scienceworld | Step 18 - Observation: You decide to wait for 10 iterations.
2026-09-20 18:43:50 | INFO | tasks.scienceworld | Step 18 - Progress Rate: 0.8333333333333334

Warning: model not found. Using cl100k_base encoding.
2026-09-20 18:43:52 | INFO | tasks.scienceworld | Step 19 - Action: close freezer
2026-09-20 18:43:52 | INFO | tasks.scienceworld | Step 19 - Observation: The freezer is now closed.
2026-09-20 18:43:52 | INFO | tasks.scienceworld | Step 19 - Progress Rate: 0.8333333333333334

Warning: model not found. Using cl100k_base encoding.
2026-09-20 18:43:54 | INFO | tasks.scienceworld | Step 20 - Action: wait
2026-09-20 18:43:54 | INFO | tasks.scienceworld | Step 20 - Observation: You decide to wait for 10 iterations.
2026-09-20 18:43:54 | INFO | tasks.scienceworld | Step 20 - Progress Rate: 0.8333333333333334

Warning: model not found. Using cl100k_base encoding.
2026-09-20 18:43:56 | INFO | tasks.scienceworld | Step 21 - Action: look around
2026-09-20 18:43:56 | INFO | tasks.scienceworld | Step 21 - Observation: This room is called the kitchen. In it, you see: 
	the agent
	a substance called air
	a chair. On the chair is: nothing.
	a counter. On the counter is: a bowl (containing a red apple, a banana, an orange, a potato), a drawer.
	a cupboard. The cupboard door is open. In the cupboard is: a ceramic cup (containing nothing), a drawer, a tin cup (containing nothing).
	a freezer. The freezer door is closed. 
	a fridge. The fridge door is open. In the fridge is: nothing.
	a glass jar (containing a substance called sodium chloride)
	a lighter
	a oven, which is turned off. The oven door is closed. 
	a painting
	a sink, which is turned off. In the sink is: nothing.
	a substance called soap
	a stopwatch, which is deactivated. 
	a stove, which is turned off. On the stove is: nothing.
	a table. On the table is: a glass cup (containing nothing).
You also see:
	A door to the bathroom (that is open)
	A door to the hallway (that is open)
	A door to the outside (that is open)
2026-09-20 18:43:56 | INFO | tasks.scienceworld | Step 21 - Progress Rate: 0.8333333333333334

Warning: model not found. Using cl100k_base encoding.
2026-09-20 18:43:58 | INFO | tasks.scienceworld | Step 22 - Action: open freezer
2026-09-20 18:43:58 | INFO | tasks.scienceworld | Step 22 - Observation: The freezer is now open.
2026-09-20 18:43:58 | INFO | tasks.scienceworld | Step 22 - Progress Rate: 0.8333333333333334

Warning: model not found. Using cl100k_base encoding.
2026-09-20 18:43:59 | INFO | tasks.scienceworld | Step 23 - Action: look in freezer
2026-09-20 18:43:59 | INFO | tasks.scienceworld | Step 23 - Observation: Inside the freezer is: 
	a metal pot (containing solid orange juice)
2026-09-20 18:43:59 | INFO | tasks.scienceworld | Step 23 - Progress Rate: 1.0

2026-09-20 18:43:59 | FINISH | tasks.scienceworld | [1;33mExample 18 | Success: True , Progress Rate: 1.0 , Steps: 24
[0m
2026-09-20 18:43:59 | GOAL | tasks.scienceworld | [1;34mExample 19 | Goal: task_name: identify-life-stages-1, var: 6, Your task is to focus on the four life stages of the moth in the outside, starting from the earliest to the latest. You should repeat the wait action for some iterations until it moving on to the next stage, then focus on it. Continue this process until you have covered all four stages.[0m
2026-09-20 18:43:59 | INFO | scienceworld.scienceworld | Loading: identify-life-stages-1 (variation: 6) (simplifications: selfWateringFlowerPots,openContainers,openDoors,noElectricalAction)
2026-09-20 18:43:59 | INFO | tasks.scienceworld | Step 00 - Observation: This room is called the greenhouse. In it, you see: 
	the agent
	a substance called air
	a bee hive. The bee hive door is closed. 
	a jug (containing nothing)
	a shovel
	a sink, which is turned off. In the sink is: nothing.
You also see:
	A door to the hallway (that is open)
	A door to the outside (that is open)
In your inventory, you see:
	an orange

Warning: model not found. Using cl100k_base encoding.
2026-09-20 18:44:00 | INFO | tasks.scienceworld | Step 00 - Action: go to outside
2026-09-20 18:44:00 | INFO | tasks.scienceworld | Step 00 - Observation: You move to the outside.
2026-09-20 18:44:00 | INFO | tasks.scienceworld | Step 00 - Progress Rate: 0.2

Warning: model not found. Using cl100k_base encoding.
2026-09-20 18:44:01 | INFO | tasks.scienceworld | Step 01 - Action: look around
2026-09-20 18:44:01 | INFO | tasks.scienceworld | Step 01 - Observation: This outside location is called the outside. Here you see: 
	the agent
	a substance called air
	an axe
	a baby beaver
	a frog egg
	a crocodile egg
	a fire pit (containing nothing)
	a fountain (containing a substance called water)
	the ground
	a butterfly egg
	a turtle egg
	a baby wolf
	a substance called wood
You also see:
	A door to the foundry (that is open)
	A door to the greenhouse (that is open)
	A door to the kitchen (that is open)
2026-09-20 18:44:01 | INFO | tasks.scienceworld | Step 01 - Progress Rate: 0.2

Warning: model not found. Using cl100k_base encoding.
2026-09-20 18:44:05 | INFO | tasks.scienceworld | Step 02 - Action: look at butterfly egg
2026-09-20 18:44:05 | INFO | tasks.scienceworld | Step 02 - Observation: a butterfly egg
2026-09-20 18:44:05 | INFO | tasks.scienceworld | Step 02 - Progress Rate: 0.2

Warning: model not found. Using cl100k_base encoding.
2026-09-20 18:44:15 | INFO | tasks.scienceworld | Step 03 - Action: check valid actions
2026-09-20 18:44:15 | INFO | tasks.scienceworld | Step 03 - Observation: Choose an action from these valid actions: activate OBJ, close OBJ, deactivate OBJ, dunk OBJ in OBJ, eat OBJ, flush OBJ, focus on OBJ, go OBJ, inventory, look around, look at OBJ, look in OBJ, mix OBJ, move OBJ to OBJ, open OBJ, pick up OBJ, pour OBJ in OBJ, put down OBJ, read OBJ, task, use OBJ on OBJ, wait, wait1, check valid actions
2026-09-20 18:44:15 | INFO | tasks.scienceworld | Step 03 - Progress Rate: 0.2

Warning: model not found. Using cl100k_base encoding.
2026-09-20 18:44:20 | INFO | tasks.scienceworld | Step 04 - Action: focus on butterfly egg
2026-09-20 18:44:20 | INFO | tasks.scienceworld | Step 04 - Observation: You focus on the butterfly egg.
2026-09-20 18:44:20 | INFO | tasks.scienceworld | Step 04 - Progress Rate: 0.4

Warning: model not found. Using cl100k_base encoding.
2026-09-20 18:44:27 | INFO | tasks.scienceworld | Step 05 - Action: wait
2026-09-20 18:44:27 | INFO | tasks.scienceworld | Step 05 - Observation: You decide to wait for 10 iterations.
2026-09-20 18:44:27 | INFO | tasks.scienceworld | Step 05 - Progress Rate: 0.4

Warning: model not found. Using cl100k_base encoding.
2026-09-20 18:44:31 | INFO | tasks.scienceworld | Step 06 - Action: look around
2026-09-20 18:44:31 | INFO | tasks.scienceworld | Step 06 - Observation: This outside location is called the outside. Here you see: 
	the agent
	a substance called air
	an axe
	a baby beaver
	a frog egg
	a crocodile egg
	a fire pit (containing nothing)
	a fountain (containing a substance called water)
	the ground
	a butterfly egg
	a turtle egg
	a baby wolf
	a substance called wood
You also see:
	A door to the foundry (that is open)
	A door to the greenhouse (that is open)
	A door to the kitchen (that is open)
2026-09-20 18:44:31 | INFO | tasks.scienceworld | Step 06 - Progress Rate: 0.4

Warning: model not found. Using cl100k_base encoding.
2026-09-20 18:44:46 | INFO | tasks.scienceworld | Step 07 - Action: 
2026-09-20 18:44:46 | INFO | tasks.scienceworld | Step 07 - Observation: No known action matches that input.
2026-09-20 18:44:46 | INFO | tasks.scienceworld | Step 07 - Progress Rate: 0.4

Warning: model not found. Using cl100k_base encoding.
2026-09-20 18:44:56 | INFO | tasks.scienceworld | Step 08 - Action: wait
2026-09-20 18:44:56 | INFO | tasks.scienceworld | Step 08 - Observation: You decide to wait for 10 iterations.
2026-09-20 18:44:56 | INFO | tasks.scienceworld | Step 08 - Progress Rate: 0.4

Warning: model not found. Using cl100k_base encoding.
2026-09-20 18:45:00 | INFO | tasks.scienceworld | Step 09 - Action: look at butterfly egg
2026-09-20 18:45:00 | INFO | tasks.scienceworld | Step 09 - Observation: No known action matches that input.
2026-09-20 18:45:00 | INFO | tasks.scienceworld | Step 09 - Progress Rate: 0.4

Warning: model not found. Using cl100k_base encoding.
2026-09-20 18:45:10 | INFO | tasks.scienceworld | Step 10 - Action: look around
2026-09-20 18:45:10 | INFO | tasks.scienceworld | Step 10 - Observation: This outside location is called the outside. Here you see: 
	the agent
	a substance called air
	an axe
	a juvenile beaver
	a tadpole
	a hatchling crocodile
	a fire pit (containing nothing)
	a fountain (containing a substance called water)
	the ground
	a caterpillar
	a hatchling turtle
	a juvenile wolf
	a substance called wood
You also see:
	A door to the foundry (that is open)
	A door to the greenhouse (that is open)
	A door to the kitchen (that is open)
2026-09-20 18:45:10 | INFO | tasks.scienceworld | Step 10 - Progress Rate: 0.4

Warning: model not found. Using cl100k_base encoding.
2026-09-20 18:45:19 | INFO | tasks.scienceworld | Step 11 - Action: focus on caterpillar
2026-09-20 18:45:19 | INFO | tasks.scienceworld | Step 11 - Observation: You focus on the caterpillar.
2026-09-20 18:45:19 | INFO | tasks.scienceworld | Step 11 - Progress Rate: 0.6

Warning: model not found. Using cl100k_base encoding.
2026-09-20 18:45:23 | INFO | tasks.scienceworld | Step 12 - Action: wait
2026-09-20 18:45:23 | INFO | tasks.scienceworld | Step 12 - Observation: You decide to wait for 10 iterations.
2026-09-20 18:45:23 | INFO | tasks.scienceworld | Step 12 - Progress Rate: 0.6

Warning: model not found. Using cl100k_base encoding.
2026-09-20 18:45:26 | INFO | tasks.scienceworld | Step 13 - Action: wait
2026-09-20 18:45:26 | INFO | tasks.scienceworld | Step 13 - Observation: You decide to wait for 10 iterations.
2026-09-20 18:45:26 | INFO | tasks.scienceworld | Step 13 - Progress Rate: 0.6

Warning: model not found. Using cl100k_base encoding.
2026-09-20 18:45:28 | INFO | tasks.scienceworld | Step 14 - Action: look around
2026-09-20 18:45:28 | INFO | tasks.scienceworld | Step 14 - Observation: This outside location is called the outside. Here you see: 
	the agent
	a substance called air
	an axe
	a adult beaver
	a adult frog
	a juvenile crocodile
	a fire pit (containing nothing)
	a fountain (containing a substance called water)
	the ground
	a butterfly pupa
	a juvenile turtle
	a adult wolf
	a substance called wood
You also see:
	A door to the foundry (that is open)
	A door to the greenhouse (that is open)
	A door to the kitchen (that is open)
2026-09-20 18:45:28 | INFO | tasks.scienceworld | Step 14 - Progress Rate: 0.6

Warning: model not found. Using cl100k_base encoding.
2026-09-20 18:45:31 | INFO | tasks.scienceworld | Step 15 - Action: focus on butterfly pupa
2026-09-20 18:45:31 | INFO | tasks.scienceworld | Step 15 - Observation: You focus on the butterfly pupa.
2026-09-20 18:45:31 | INFO | tasks.scienceworld | Step 15 - Progress Rate: 0.8

Warning: model not found. Using cl100k_base encoding.
2026-09-20 18:45:33 | INFO | tasks.scienceworld | Step 16 - Action: wait
2026-09-20 18:45:34 | INFO | tasks.scienceworld | Step 16 - Observation: You decide to wait for 10 iterations.
2026-09-20 18:45:34 | INFO | tasks.scienceworld | Step 16 - Progress Rate: 0.8

Warning: model not found. Using cl100k_base encoding.
2026-09-20 18:45:39 | INFO | tasks.scienceworld | Step 17 - Action: look around
2026-09-20 18:45:39 | INFO | tasks.scienceworld | Step 17 - Observation: This outside location is called the outside. Here you see: 
	the agent
	a substance called air
	an axe
	a adult beaver
	a adult frog
	a adult crocodile
	a fire pit (containing nothing)
	a fountain (containing a substance called water)
	the ground
	a adult butterfly
	a adult turtle
	a adult wolf
	a substance called wood
You also see:
	A door to the foundry (that is open)
	A door to the greenhouse (that is open)
	A door to the kitchen (that is open)
2026-09-20 18:45:39 | INFO | tasks.scienceworld | Step 17 - Progress Rate: 0.8

Warning: model not found. Using cl100k_base encoding.
2026-09-20 18:45:43 | INFO | tasks.scienceworld | Step 18 - Action: focus on adult butterfly
2026-09-20 18:45:43 | INFO | tasks.scienceworld | Step 18 - Observation: You focus on the adult butterfly.
2026-09-20 18:45:43 | INFO | tasks.scienceworld | Step 18 - Progress Rate: 1.0

2026-09-20 18:45:43 | FINISH | tasks.scienceworld | [1;33mExample 19 | Success: True , Progress Rate: 1.0 , Steps: 19
[0m
2026-09-20 18:45:43 | GOAL | tasks.scienceworld | [1;34mExample 20 | Goal: task_name: identify-life-stages-1, var: 7, Your task is to focus on the three life stages of the frog in the outside, starting from the earliest to the latest. You should repeat the wait action for some iterations until it moving on to the next stage, then focus on it. Continue this process until you have covered all three stages.[0m
2026-09-20 18:45:43 | INFO | scienceworld.scienceworld | Loading: identify-life-stages-1 (variation: 7) (simplifications: selfWateringFlowerPots,openContainers,openDoors,noElectricalAction)
2026-09-20 18:45:43 | INFO | tasks.scienceworld | Step 00 - Observation: This room is called the hallway. In it, you see: 
	the agent
	a substance called air
	a drawing
You also see:
	A door to the art studio (that is open)
	A door to the bedroom (that is open)
	A door to the greenhouse (that is open)
	A door to the kitchen (that is open)
	A door to the living room (that is open)
	A door to the workshop (that is open)
In your inventory, you see:
	an orange

Warning: model not found. Using cl100k_base encoding.
2026-09-20 18:45:44 | INFO | tasks.scienceworld | Step 00 - Action: go to kitchen
2026-09-20 18:45:44 | INFO | tasks.scienceworld | Step 00 - Observation: You move to the kitchen.
2026-09-20 18:45:44 | INFO | tasks.scienceworld | Step 00 - Progress Rate: 0.0

Warning: model not found. Using cl100k_base encoding.
2026-09-20 18:45:46 | INFO | tasks.scienceworld | Step 01 - Action: look around
2026-09-20 18:45:46 | INFO | tasks.scienceworld | Step 01 - Observation: This room is called the kitchen. In it, you see: 
	the agent
	a substance called air
	a chair. On the chair is: nothing.
	a counter. On the counter is: a bowl (containing a red apple, a banana, an orange, a potato), a drawer.
	a cupboard. The cupboard door is closed. 
	a freezer. The freezer door is closed. 
	a fridge. The fridge door is closed. 
	a glass jar (containing a substance called sodium chloride)
	a lighter
	a oven, which is turned off. The oven door is closed. 
	a painting
	a sink, which is turned off. In the sink is: nothing.
	a substance called soap
	a stopwatch, which is deactivated. 
	a stove, which is turned off. On the stove is: nothing.
	a table. On the table is: a glass cup (containing nothing).
	a thermometer, currently reading a temperature of 10 degrees celsius
You also see:
	A door to the bathroom (that is open)
	A door to the hallway (that is open)
	A door to the outside (that is open)
2026-09-20 18:45:46 | INFO | tasks.scienceworld | Step 01 - Progress Rate: 0.0

Warning: model not found. Using cl100k_base encoding.
2026-09-20 18:45:47 | INFO | tasks.scienceworld | Step 02 - Action: go to outside
2026-09-20 18:45:47 | INFO | tasks.scienceworld | Step 02 - Observation: You move to the outside.
2026-09-20 18:45:47 | INFO | tasks.scienceworld | Step 02 - Progress Rate: 0.25

Warning: model not found. Using cl100k_base encoding.
2026-09-20 18:45:48 | INFO | tasks.scienceworld | Step 03 - Action: look around
2026-09-20 18:45:48 | INFO | tasks.scienceworld | Step 03 - Observation: This outside location is called the outside. Here you see: 
	the agent
	a substance called air
	an axe
	a butterfly egg
	a baby elephant
	a fire pit (containing nothing)
	a fountain (containing a substance called water)
	a frog egg
	a giant tortoise egg
	the ground
	a turtle egg
	a substance called wood
You also see:
	A door to the foundry (that is open)
	A door to the greenhouse (that is open)
	A door to the kitchen (that is open)
2026-09-20 18:45:48 | INFO | tasks.scienceworld | Step 03 - Progress Rate: 0.25

Warning: model not found. Using cl100k_base encoding.
2026-09-20 18:45:50 | INFO | tasks.scienceworld | Step 04 - Action: focus on frog egg
2026-09-20 18:45:50 | INFO | tasks.scienceworld | Step 04 - Observation: You focus on the frog egg.
2026-09-20 18:45:50 | INFO | tasks.scienceworld | Step 04 - Progress Rate: 0.5

Warning: model not found. Using cl100k_base encoding.
2026-09-20 18:45:51 | INFO | tasks.scienceworld | Step 05 - Action: wait
2026-09-20 18:45:51 | INFO | tasks.scienceworld | Step 05 - Observation: You decide to wait for 10 iterations.
2026-09-20 18:45:51 | INFO | tasks.scienceworld | Step 05 - Progress Rate: 0.5

Warning: model not found. Using cl100k_base encoding.
2026-09-20 18:45:52 | INFO | tasks.scienceworld | Step 06 - Action: look around
2026-09-20 18:45:52 | INFO | tasks.scienceworld | Step 06 - Observation: This outside location is called the outside. Here you see: 
	the agent
	a substance called air
	an axe
	a butterfly egg
	a baby elephant
	a fire pit (containing nothing)
	a fountain (containing a substance called water)
	a frog egg
	a giant tortoise egg
	the ground
	a turtle egg
	a substance called wood
You also see:
	A door to the foundry (that is open)
	A door to the greenhouse (that is open)
	A door to the kitchen (that is open)
2026-09-20 18:45:52 | INFO | tasks.scienceworld | Step 06 - Progress Rate: 0.5

Warning: model not found. Using cl100k_base encoding.
2026-09-20 18:45:53 | INFO | tasks.scienceworld | Step 07 - Action: wait
2026-09-20 18:45:53 | INFO | tasks.scienceworld | Step 07 - Observation: You decide to wait for 10 iterations.
2026-09-20 18:45:53 | INFO | tasks.scienceworld | Step 07 - Progress Rate: 0.5

Warning: model not found. Using cl100k_base encoding.
2026-09-20 18:45:55 | INFO | tasks.scienceworld | Step 08 - Action: wait
2026-09-20 18:45:55 | INFO | tasks.scienceworld | Step 08 - Observation: You decide to wait for 10 iterations.
2026-09-20 18:45:55 | INFO | tasks.scienceworld | Step 08 - Progress Rate: 0.5

Warning: model not found. Using cl100k_base encoding.
2026-09-20 18:45:56 | INFO | tasks.scienceworld | Step 09 - Action: wait
2026-09-20 18:45:56 | INFO | tasks.scienceworld | Step 09 - Observation: You decide to wait for 10 iterations.
2026-09-20 18:45:56 | INFO | tasks.scienceworld | Step 09 - Progress Rate: 0.5

Warning: model not found. Using cl100k_base encoding.
2026-09-20 18:45:58 | INFO | tasks.scienceworld | Step 10 - Action: look around
2026-09-20 18:45:58 | INFO | tasks.scienceworld | Step 10 - Observation: This outside location is called the outside. Here you see: 
	the agent
	a substance called air
	an axe
	a butterfly pupa
	a adult elephant
	a fire pit (containing nothing)
	a fountain (containing a substance called water)
	a adult frog
	a juvenile giant tortoise
	the ground
	a juvenile turtle
	a substance called wood
You also see:
	A door to the foundry (that is open)
	A door to the greenhouse (that is open)
	A door to the kitchen (that is open)
2026-09-20 18:45:58 | INFO | tasks.scienceworld | Step 10 - Progress Rate: 0.5

Warning: model not found. Using cl100k_base encoding.
2026-09-20 18:46:12 | INFO | tasks.scienceworld | Step 11 - Action: 
2026-09-20 18:46:12 | INFO | tasks.scienceworld | Step 11 - Observation: No known action matches that input.
2026-09-20 18:46:12 | INFO | tasks.scienceworld | Step 11 - Progress Rate: 0.5

Warning: model not found. Using cl100k_base encoding.
2026-09-20 18:46:26 | INFO | tasks.scienceworld | Step 12 - Action: 
2026-09-20 18:46:26 | INFO | tasks.scienceworld | Step 12 - Observation: No known action matches that input.
2026-09-20 18:46:26 | INFO | tasks.scienceworld | Step 12 - Progress Rate: 0.5

Warning: model not found. Using cl100k_base encoding.
2026-09-20 18:46:42 | INFO | tasks.scienceworld | Step 13 - Action: 
2026-09-20 18:46:42 | INFO | tasks.scienceworld | Step 13 - Observation: No known action matches that input.
2026-09-20 18:46:42 | INFO | tasks.scienceworld | Step 13 - Progress Rate: 0.5

Warning: model not found. Using cl100k_base encoding.
2026-09-20 18:46:47 | INFO | tasks.scienceworld | Step 14 - Action: focus on adult frog
2026-09-20 18:46:47 | INFO | tasks.scienceworld | Step 14 - Observation: You focus on the adult frog.
2026-09-20 18:46:47 | INFO | tasks.scienceworld | Step 14 - Progress Rate: 0.75

Warning: model not found. Using cl100k_base encoding.
2026-09-20 18:47:01 | INFO | tasks.scienceworld | Step 15 - Action: 
2026-09-20 18:47:01 | INFO | tasks.scienceworld | Step 15 - Observation: No known action matches that input.
2026-09-20 18:47:01 | INFO | tasks.scienceworld | Step 15 - Progress Rate: 0.75

Warning: model not found. Using cl100k_base encoding.
2026-09-20 18:47:16 | INFO | tasks.scienceworld | Step 16 - Action: 
2026-09-20 18:47:16 | INFO | tasks.scienceworld | Step 16 - Observation: No known action matches that input.
2026-09-20 18:47:16 | INFO | tasks.scienceworld | Step 16 - Progress Rate: 0.75

Warning: model not found. Using cl100k_base encoding.
2026-09-20 18:47:30 | INFO | tasks.scienceworld | Step 17 - Action: 
2026-09-20 18:47:31 | INFO | tasks.scienceworld | Step 17 - Observation: No known action matches that input.
2026-09-20 18:47:31 | INFO | tasks.scienceworld | Step 17 - Progress Rate: 0.75

Warning: model not found. Using cl100k_base encoding.
2026-09-20 18:47:45 | INFO | tasks.scienceworld | Step 18 - Action: 
2026-09-20 18:47:45 | INFO | tasks.scienceworld | Step 18 - Observation: No known action matches that input.
2026-09-20 18:47:45 | INFO | tasks.scienceworld | Step 18 - Progress Rate: 0.75

Warning: model not found. Using cl100k_base encoding.
2026-09-20 18:48:00 | INFO | tasks.scienceworld | Step 19 - Action: 
2026-09-20 18:48:00 | INFO | tasks.scienceworld | Step 19 - Observation: No known action matches that input.
2026-09-20 18:48:00 | INFO | tasks.scienceworld | Step 19 - Progress Rate: 0.75

Warning: model not found. Using cl100k_base encoding.
2026-09-20 18:48:14 | INFO | tasks.scienceworld | Step 20 - Action: 
2026-09-20 18:48:14 | INFO | tasks.scienceworld | Step 20 - Observation: No known action matches that input.
2026-09-20 18:48:14 | INFO | tasks.scienceworld | Step 20 - Progress Rate: 0.75

Warning: model not found. Using cl100k_base encoding.
2026-09-20 18:48:28 | INFO | tasks.scienceworld | Step 21 - Action: 
2026-09-20 18:48:28 | INFO | tasks.scienceworld | Step 21 - Observation: No known action matches that input.
2026-09-20 18:48:28 | INFO | tasks.scienceworld | Step 21 - Progress Rate: 0.75

Warning: model not found. Using cl100k_base encoding.
2026-09-20 18:48:42 | INFO | tasks.scienceworld | Step 22 - Action: 
2026-09-20 18:48:42 | INFO | tasks.scienceworld | Step 22 - Observation: No known action matches that input.
2026-09-20 18:48:42 | INFO | tasks.scienceworld | Step 22 - Progress Rate: 0.75

Warning: model not found. Using cl100k_base encoding.
2026-09-20 18:48:57 | INFO | tasks.scienceworld | Step 23 - Action: 
2026-09-20 18:48:57 | INFO | tasks.scienceworld | Step 23 - Observation: No known action matches that input.
2026-09-20 18:48:57 | INFO | tasks.scienceworld | Step 23 - Progress Rate: 0.75

Warning: model not found. Using cl100k_base encoding.
2026-09-20 18:49:11 | INFO | tasks.scienceworld | Step 24 - Action: 
2026-09-20 18:49:11 | INFO | tasks.scienceworld | Step 24 - Observation: No known action matches that input.
2026-09-20 18:49:11 | INFO | tasks.scienceworld | Step 24 - Progress Rate: 0.75

Warning: model not found. Using cl100k_base encoding.
2026-09-20 18:49:24 | INFO | tasks.scienceworld | Step 25 - Action: 
2026-09-20 18:49:25 | INFO | tasks.scienceworld | Step 25 - Observation: No known action matches that input.
2026-09-20 18:49:25 | INFO | tasks.scienceworld | Step 25 - Progress Rate: 0.75

Warning: model not found. Using cl100k_base encoding.
2026-09-20 18:49:39 | INFO | tasks.scienceworld | Step 26 - Action: 
2026-09-20 18:49:39 | INFO | tasks.scienceworld | Step 26 - Observation: No known action matches that input.
2026-09-20 18:49:39 | INFO | tasks.scienceworld | Step 26 - Progress Rate: 0.75

Warning: model not found. Using cl100k_base encoding.
2026-09-20 18:49:53 | INFO | tasks.scienceworld | Step 27 - Action: 
2026-09-20 18:49:53 | INFO | tasks.scienceworld | Step 27 - Observation: No known action matches that input.
2026-09-20 18:49:53 | INFO | tasks.scienceworld | Step 27 - Progress Rate: 0.75

Warning: model not found. Using cl100k_base encoding.
2026-09-20 18:50:07 | INFO | tasks.scienceworld | Step 28 - Action: 
2026-09-20 18:50:07 | INFO | tasks.scienceworld | Step 28 - Observation: No known action matches that input.
2026-09-20 18:50:07 | INFO | tasks.scienceworld | Step 28 - Progress Rate: 0.75

Warning: model not found. Using cl100k_base encoding.
2026-09-20 18:50:16 | INFO | tasks.scienceworld | Step 29 - Action: look around
2026-09-20 18:50:16 | INFO | tasks.scienceworld | Step 29 - Observation: This outside location is called the outside. Here you see: 
	the agent
	a substance called air
	an axe
	a butterfly pupa
	a adult elephant
	a fire pit (containing nothing)
	a fountain (containing a substance called water)
	a adult frog
	a juvenile giant tortoise
	the ground
	a juvenile turtle
	a substance called wood
You also see:
	A door to the foundry (that is open)
	A door to the greenhouse (that is open)
	A door to the kitchen (that is open)
2026-09-20 18:50:16 | INFO | tasks.scienceworld | Step 29 - Progress Rate: 0.75

2026-09-20 18:50:16 | FINISH | tasks.scienceworld | [1;33mExample 20 | Success: False , Progress Rate: 0.75 , Steps: 30
[0m
2026-09-20 18:50:16 | GOAL | tasks.scienceworld | [1;34mExample 21 | Goal: task_name: chemistry-mix-paint-tertiary-color, var: 5, Your task is to use chemistry to create green-blue paint. You should create green paint in a bowl in the workshop firstly. Then you should create green-blue paint in a bowl in the art studio. The objects you can use are a bowl, tin cups in the workshop and the wood cups in the art studio.[0m
2026-09-20 18:50:16 | INFO | scienceworld.scienceworld | Loading: chemistry-mix-paint-tertiary-color (variation: 5) (simplifications: selfWateringFlowerPots,openContainers,openDoors,noElectricalAction)
2026-09-20 18:50:16 | INFO | tasks.scienceworld | Step 00 - Observation: This room is called the workshop. In it, you see: 
	the agent
	a substance called air
	a bowl (containing nothing)
	a desk. On the desk is: a drawer, a tin cup (containing blue paint), a tin cup (containing yellow paint), a tin cup (containing red paint).
	a table. On the table is: a battery, a black wire, a blue wire, a orange wire, a red light bulb, which is off, a switch, which is off, a violet light bulb, which is off, a yellow light bulb, which is off.
	a ultra low temperature freezer. The ultra low temperature freezer door is closed. 
You also see:
	A door to the hallway (that is open)
In your inventory, you see:
	an orange

Warning: model not found. Using cl100k_base encoding.
2026-09-20 18:50:22 | INFO | tasks.scienceworld | Step 00 - Action: pick up bowl
2026-09-20 18:50:22 | INFO | tasks.scienceworld | Step 00 - Observation: You move the bowl to the inventory.
2026-09-20 18:50:22 | INFO | tasks.scienceworld | Step 00 - Progress Rate: 0.0

Warning: model not found. Using cl100k_base encoding.
2026-09-20 18:50:24 | INFO | tasks.scienceworld | Step 01 - Action: pour tin cup containing blue paint into bowl
2026-09-20 18:50:24 | INFO | tasks.scienceworld | Step 01 - Observation: You pour the contents of the tin cup into the bowl.
2026-09-20 18:50:24 | INFO | tasks.scienceworld | Step 01 - Progress Rate: 0.2

Warning: model not found. Using cl100k_base encoding.
2026-09-20 18:50:26 | INFO | tasks.scienceworld | Step 02 - Action: look around
2026-09-20 18:50:26 | INFO | tasks.scienceworld | Step 02 - Observation: This room is called the workshop. In it, you see: 
	the agent
	a substance called air
	a desk. On the desk is: a drawer, a tin cup (containing nothing), a tin cup (containing yellow paint), a tin cup (containing red paint).
	a table. On the table is: a battery, a black wire, a blue wire, a orange wire, a red light bulb, which is off, a switch, which is off, a violet light bulb, which is off, a yellow light bulb, which is off.
	a ultra low temperature freezer. The ultra low temperature freezer door is closed. 
You also see:
	A door to the hallway (that is open)
2026-09-20 18:50:26 | INFO | tasks.scienceworld | Step 02 - Progress Rate: 0.2

Warning: model not found. Using cl100k_base encoding.
2026-09-20 18:50:29 | INFO | tasks.scienceworld | Step 03 - Action: pour tin cup containing yellow paint into bowl
2026-09-20 18:50:29 | INFO | tasks.scienceworld | Step 03 - Observation: You pour the contents of the tin cup into the bowl.
2026-09-20 18:50:29 | INFO | tasks.scienceworld | Step 03 - Progress Rate: 0.2

Warning: model not found. Using cl100k_base encoding.
2026-09-20 18:50:30 | INFO | tasks.scienceworld | Step 04 - Action: mix bowl
2026-09-20 18:50:31 | INFO | tasks.scienceworld | Step 04 - Observation: Blue and yellow paint mix to produce green paint.
2026-09-20 18:50:31 | INFO | tasks.scienceworld | Step 04 - Progress Rate: 0.4

Warning: model not found. Using cl100k_base encoding.
2026-09-20 18:50:32 | INFO | tasks.scienceworld | Step 05 - Action: pick up bowl
2026-09-20 18:50:32 | INFO | tasks.scienceworld | Step 05 - Observation: You move the bowl to the inventory.
2026-09-20 18:50:32 | INFO | tasks.scienceworld | Step 05 - Progress Rate: 0.4

Warning: model not found. Using cl100k_base encoding.
2026-09-20 18:50:34 | INFO | tasks.scienceworld | Step 06 - Action: go to hallway
2026-09-20 18:50:34 | INFO | tasks.scienceworld | Step 06 - Observation: You move to the hallway.
2026-09-20 18:50:34 | INFO | tasks.scienceworld | Step 06 - Progress Rate: 0.4

Warning: model not found. Using cl100k_base encoding.
2026-09-20 18:50:36 | INFO | tasks.scienceworld | Step 07 - Action: look around
2026-09-20 18:50:36 | INFO | tasks.scienceworld | Step 07 - Observation: This room is called the hallway. In it, you see: 
	the agent
	a substance called air
	a painting
You also see:
	A door to the art studio (that is open)
	A door to the bedroom (that is open)
	A door to the greenhouse (that is open)
	A door to the kitchen (that is open)
	A door to the living room (that is open)
	A door to the workshop (that is open)
2026-09-20 18:50:36 | INFO | tasks.scienceworld | Step 07 - Progress Rate: 0.4

Warning: model not found. Using cl100k_base encoding.
2026-09-20 18:50:37 | INFO | tasks.scienceworld | Step 08 - Action: go to art studio
2026-09-20 18:50:37 | INFO | tasks.scienceworld | Step 08 - Observation: You move to the art studio.
2026-09-20 18:50:37 | INFO | tasks.scienceworld | Step 08 - Progress Rate: 0.6

Warning: model not found. Using cl100k_base encoding.
2026-09-20 18:50:39 | INFO | tasks.scienceworld | Step 09 - Action: look around
2026-09-20 18:50:39 | INFO | tasks.scienceworld | Step 09 - Observation: This room is called the art studio. In it, you see: 
	the agent
	a substance called air
	a large cupboard. The large cupboard door is closed. 
	a table. On the table is: a bowl (containing nothing).
	a wood cup (containing red paint)
	a wood cup (containing yellow paint)
	a wood cup (containing blue paint)
You also see:
	A door to the hallway (that is open)
2026-09-20 18:50:39 | INFO | tasks.scienceworld | Step 09 - Progress Rate: 0.6

Warning: model not found. Using cl100k_base encoding.
2026-09-20 18:50:43 | INFO | tasks.scienceworld | Step 10 - Action: pour wood cup containing blue paint into bowl
2026-09-20 18:50:43 | INFO | tasks.scienceworld | Step 10 - Observation: Ambiguous request: Please enter the number for the action you intended (or blank to cancel):
0:	pour wood cup (in art studio) in bowl (in table, in art studio)
1:	pour wood cup (in art studio) in bowl (in inventory, in agent, in art studio)

2026-09-20 18:50:43 | INFO | tasks.scienceworld | Step 10 - Progress Rate: 0.6

Warning: model not found. Using cl100k_base encoding.
2026-09-20 18:50:48 | INFO | tasks.scienceworld | Step 11 - Action: 1
2026-09-20 18:50:48 | INFO | tasks.scienceworld | Step 11 - Observation: You pour the contents of the wood cup into the bowl.
2026-09-20 18:50:48 | INFO | tasks.scienceworld | Step 11 - Progress Rate: 0.8

Warning: model not found. Using cl100k_base encoding.
2026-09-20 18:50:55 | INFO | tasks.scienceworld | Step 12 - Action: mix bowl
2026-09-20 18:50:55 | INFO | tasks.scienceworld | Step 12 - Observation: Ambiguous request: Please enter the number for the action you intended (or blank to cancel):
0:	mix bowl (in table, in art studio)
1:	mix bowl (in inventory, in agent, in art studio)

2026-09-20 18:50:55 | INFO | tasks.scienceworld | Step 12 - Progress Rate: 0.8

Warning: model not found. Using cl100k_base encoding.
2026-09-20 18:51:09 | INFO | tasks.scienceworld | Step 13 - Action: 
2026-09-20 18:51:09 | INFO | tasks.scienceworld | Step 13 - Observation: Unknown action.  Type 'help' for a list of actions, and 'objects' for a list of possible object referents. 
2026-09-20 18:51:09 | INFO | tasks.scienceworld | Step 13 - Progress Rate: 0.8

Warning: model not found. Using cl100k_base encoding.
2026-09-20 18:51:12 | INFO | tasks.scienceworld | Step 14 - Action: mix bowl in inventory
2026-09-20 18:51:12 | INFO | tasks.scienceworld | Step 14 - Observation: Blue and green paint mix to produce blue green paint.
2026-09-20 18:51:12 | INFO | tasks.scienceworld | Step 14 - Progress Rate: 1.0

2026-09-20 18:51:12 | FINISH | tasks.scienceworld | [1;33mExample 21 | Success: True , Progress Rate: 1.0 , Steps: 15
[0m
2026-09-20 18:51:12 | GOAL | tasks.scienceworld | [1;34mExample 22 | Goal: task_name: chemistry-mix-paint-tertiary-color, var: 6, Your task is to use chemistry to create yellow-green paint. You should create green paint in a jug in the art studio firstly. Then you should create yellow-green paint in a jug in the art studio. The objects you can use are a jug, wood cups in the art studio.[0m
2026-09-20 18:51:12 | INFO | scienceworld.scienceworld | Loading: chemistry-mix-paint-tertiary-color (variation: 6) (simplifications: selfWateringFlowerPots,openContainers,openDoors,noElectricalAction)
2026-09-20 18:51:12 | INFO | tasks.scienceworld | Step 00 - Observation: This room is called the greenhouse. In it, you see: 
	the agent
	a substance called air
	a bee hive. The bee hive door is closed. 
	a jug (containing nothing)
	a shovel
	a sink, which is turned off. In the sink is: nothing.
You also see:
	A door to the hallway (that is open)
	A door to the outside (that is open)
In your inventory, you see:
	an orange

Warning: model not found. Using cl100k_base encoding.
2026-09-20 18:51:13 | INFO | tasks.scienceworld | Step 00 - Action: look around
2026-09-20 18:51:13 | INFO | tasks.scienceworld | Step 00 - Observation: This room is called the greenhouse. In it, you see: 
	the agent
	a substance called air
	a bee hive. The bee hive door is closed. 
	a jug (containing nothing)
	a shovel
	a sink, which is turned off. In the sink is: nothing.
You also see:
	A door to the hallway (that is open)
	A door to the outside (that is open)
2026-09-20 18:51:13 | INFO | tasks.scienceworld | Step 00 - Progress Rate: 0.0

Warning: model not found. Using cl100k_base encoding.
2026-09-20 18:51:14 | INFO | tasks.scienceworld | Step 01 - Action: go to hallway
2026-09-20 18:51:14 | INFO | tasks.scienceworld | Step 01 - Observation: You move to the hallway.
2026-09-20 18:51:14 | INFO | tasks.scienceworld | Step 01 - Progress Rate: 0.0

Warning: model not found. Using cl100k_base encoding.
2026-09-20 18:51:16 | INFO | tasks.scienceworld | Step 02 - Action: look around
2026-09-20 18:51:16 | INFO | tasks.scienceworld | Step 02 - Observation: This room is called the hallway. In it, you see: 
	the agent
	a substance called air
	a painting
You also see:
	A door to the art studio (that is open)
	A door to the bedroom (that is open)
	A door to the greenhouse (that is open)
	A door to the kitchen (that is open)
	A door to the living room (that is open)
	A door to the workshop (that is open)
2026-09-20 18:51:16 | INFO | tasks.scienceworld | Step 02 - Progress Rate: 0.0

Warning: model not found. Using cl100k_base encoding.
2026-09-20 18:51:17 | INFO | tasks.scienceworld | Step 03 - Action: go to art studio
2026-09-20 18:51:17 | INFO | tasks.scienceworld | Step 03 - Observation: You move to the art studio.
2026-09-20 18:51:17 | INFO | tasks.scienceworld | Step 03 - Progress Rate: 0.25

Warning: model not found. Using cl100k_base encoding.
2026-09-20 18:51:17 | INFO | tasks.scienceworld | Step 04 - Action: look around
2026-09-20 18:51:18 | INFO | tasks.scienceworld | Step 04 - Observation: This room is called the art studio. In it, you see: 
	the agent
	a substance called air
	a large cupboard. The large cupboard door is closed. 
	a paint cupboard. The paint cupboard door is closed. 
	a table. On the table is: a jug (containing nothing).
	a wood cup (containing blue paint)
	a wood cup (containing yellow paint)
	a wood cup (containing red paint)
You also see:
	A door to the hallway (that is open)
2026-09-20 18:51:18 | INFO | tasks.scienceworld | Step 04 - Progress Rate: 0.25

Warning: model not found. Using cl100k_base encoding.
2026-09-20 18:51:19 | INFO | tasks.scienceworld | Step 05 - Action: pick up jug
2026-09-20 18:51:19 | INFO | tasks.scienceworld | Step 05 - Observation: You move the jug to the inventory.
2026-09-20 18:51:19 | INFO | tasks.scienceworld | Step 05 - Progress Rate: 0.25

Warning: model not found. Using cl100k_base encoding.
2026-09-20 18:51:23 | INFO | tasks.scienceworld | Step 06 - Action: check valid actions
2026-09-20 18:51:23 | INFO | tasks.scienceworld | Step 06 - Observation: Choose an action from these valid actions: activate OBJ, close OBJ, deactivate OBJ, dunk OBJ in OBJ, eat OBJ, flush OBJ, focus on OBJ, go OBJ, inventory, look around, look at OBJ, look in OBJ, mix OBJ, move OBJ to OBJ, open OBJ, pick up OBJ, pour OBJ in OBJ, put down OBJ, read OBJ, task, use OBJ on OBJ, wait, wait1, check valid actions
2026-09-20 18:51:23 | INFO | tasks.scienceworld | Step 06 - Progress Rate: 0.25

Warning: model not found. Using cl100k_base encoding.
2026-09-20 18:51:27 | INFO | tasks.scienceworld | Step 07 - Action: look at wood cup containing blue paint
2026-09-20 18:51:27 | INFO | tasks.scienceworld | Step 07 - Observation: a wood cup (containing blue paint)
2026-09-20 18:51:27 | INFO | tasks.scienceworld | Step 07 - Progress Rate: 0.25

Warning: model not found. Using cl100k_base encoding.
2026-09-20 18:51:29 | INFO | tasks.scienceworld | Step 08 - Action: pour wood cup containing blue paint into jug
2026-09-20 18:51:29 | INFO | tasks.scienceworld | Step 08 - Observation: You pour the contents of the wood cup into the jug.
2026-09-20 18:51:29 | INFO | tasks.scienceworld | Step 08 - Progress Rate: 0.5

Warning: model not found. Using cl100k_base encoding.
2026-09-20 18:51:31 | INFO | tasks.scienceworld | Step 09 - Action: pour wood cup containing yellow paint into jug
2026-09-20 18:51:31 | INFO | tasks.scienceworld | Step 09 - Observation: You pour the contents of the wood cup into the jug.
2026-09-20 18:51:31 | INFO | tasks.scienceworld | Step 09 - Progress Rate: 0.5

Warning: model not found. Using cl100k_base encoding.
2026-09-20 18:51:32 | INFO | tasks.scienceworld | Step 10 - Action: look around
2026-09-20 18:51:32 | INFO | tasks.scienceworld | Step 10 - Observation: This room is called the art studio. In it, you see: 
	the agent
	a substance called air
	a large cupboard. The large cupboard door is closed. 
	a paint cupboard. The paint cupboard door is closed. 
	a table. On the table is: nothing.
	a wood cup (containing nothing)
	a wood cup (containing nothing)
	a wood cup (containing red paint)
You also see:
	A door to the hallway (that is open)
2026-09-20 18:51:32 | INFO | tasks.scienceworld | Step 10 - Progress Rate: 0.5

Warning: model not found. Using cl100k_base encoding.
2026-09-20 18:51:34 | INFO | tasks.scienceworld | Step 11 - Action: mix jug
2026-09-20 18:51:34 | INFO | tasks.scienceworld | Step 11 - Observation: Blue and yellow paint mix to produce green paint.
2026-09-20 18:51:34 | INFO | tasks.scienceworld | Step 11 - Progress Rate: 0.75

Warning: model not found. Using cl100k_base encoding.
2026-09-20 18:51:35 | INFO | tasks.scienceworld | Step 12 - Action: look at jug
2026-09-20 18:51:35 | INFO | tasks.scienceworld | Step 12 - Observation: a jug (containing green paint)
2026-09-20 18:51:35 | INFO | tasks.scienceworld | Step 12 - Progress Rate: 0.75

Warning: model not found. Using cl100k_base encoding.
2026-09-20 18:51:37 | INFO | tasks.scienceworld | Step 13 - Action: open paint cupboard
2026-09-20 18:51:37 | INFO | tasks.scienceworld | Step 13 - Observation: The paint cupboard is now open.
2026-09-20 18:51:37 | INFO | tasks.scienceworld | Step 13 - Progress Rate: 0.75

Warning: model not found. Using cl100k_base encoding.
2026-09-20 18:51:39 | INFO | tasks.scienceworld | Step 14 - Action: look in paint cupboard
2026-09-20 18:51:39 | INFO | tasks.scienceworld | Step 14 - Observation: Inside the paint cupboard is: 
	a drawer
	a wood cup (containing nothing)
	a wood cup (containing nothing)
	a wood cup (containing nothing)
2026-09-20 18:51:39 | INFO | tasks.scienceworld | Step 14 - Progress Rate: 0.75

Warning: model not found. Using cl100k_base encoding.
2026-09-20 18:51:41 | INFO | tasks.scienceworld | Step 15 - Action: open large cupboard
2026-09-20 18:51:41 | INFO | tasks.scienceworld | Step 15 - Observation: The large cupboard is now open.
2026-09-20 18:51:41 | INFO | tasks.scienceworld | Step 15 - Progress Rate: 0.75

Warning: model not found. Using cl100k_base encoding.
2026-09-20 18:51:43 | INFO | tasks.scienceworld | Step 16 - Action: look in large cupboard
2026-09-20 18:51:43 | INFO | tasks.scienceworld | Step 16 - Observation: Inside the large cupboard is: 
	a drawer
	a wood cup (containing yellow paint)
	a wood cup (containing blue paint)
	a wood cup (containing red paint)
2026-09-20 18:51:43 | INFO | tasks.scienceworld | Step 16 - Progress Rate: 0.75

Warning: model not found. Using cl100k_base encoding.
2026-09-20 18:51:44 | INFO | tasks.scienceworld | Step 17 - Action: pour wood cup containing yellow paint into jug
2026-09-20 18:51:45 | INFO | tasks.scienceworld | Step 17 - Observation: You pour the contents of the wood cup into the jug.
2026-09-20 18:51:45 | INFO | tasks.scienceworld | Step 17 - Progress Rate: 0.75

Warning: model not found. Using cl100k_base encoding.
2026-09-20 18:51:46 | INFO | tasks.scienceworld | Step 18 - Action: mix jug
2026-09-20 18:51:46 | INFO | tasks.scienceworld | Step 18 - Observation: Green and yellow paint mix to produce yellow-green paint.
2026-09-20 18:51:46 | INFO | tasks.scienceworld | Step 18 - Progress Rate: 1.0

2026-09-20 18:51:46 | FINISH | tasks.scienceworld | [1;33mExample 22 | Success: True , Progress Rate: 1.0 , Steps: 19
[0m
2026-09-20 18:51:46 | GOAL | tasks.scienceworld | [1;34mExample 23 | Goal: task_name: chemistry-mix-paint-tertiary-color, var: 7, Your task is to use chemistry to create yellow-green paint. You should create green paint in a jug in the art studio firstly. Then you should create yellow-green paint in a jug in the art studio. The objects you can use are a jug, wood cups in the art studio.[0m
2026-09-20 18:51:46 | INFO | scienceworld.scienceworld | Loading: chemistry-mix-paint-tertiary-color (variation: 7) (simplifications: selfWateringFlowerPots,openContainers,openDoors,noElectricalAction)
2026-09-20 18:51:46 | INFO | tasks.scienceworld | Step 00 - Observation: This room is called the hallway. In it, you see: 
	the agent
	a substance called air
	a drawing
You also see:
	A door to the art studio (that is open)
	A door to the bedroom (that is open)
	A door to the greenhouse (that is open)
	A door to the kitchen (that is open)
	A door to the living room (that is open)
	A door to the workshop (that is open)
In your inventory, you see:
	an orange

Warning: model not found. Using cl100k_base encoding.
2026-09-20 18:51:47 | INFO | tasks.scienceworld | Step 00 - Action: go to art studio
2026-09-20 18:51:47 | INFO | tasks.scienceworld | Step 00 - Observation: You move to the art studio.
2026-09-20 18:51:47 | INFO | tasks.scienceworld | Step 00 - Progress Rate: 0.25

Warning: model not found. Using cl100k_base encoding.
2026-09-20 18:51:48 | INFO | tasks.scienceworld | Step 01 - Action: look around
2026-09-20 18:51:48 | INFO | tasks.scienceworld | Step 01 - Observation: This room is called the art studio. In it, you see: 
	the agent
	a substance called air
	a large cupboard. The large cupboard door is closed. 
	a paint closet. The paint closet door is closed. 
	a table. On the table is: a jug (containing nothing).
	a wood cup (containing blue paint)
	a wood cup (containing red paint)
	a wood cup (containing yellow paint)
You also see:
	A door to the hallway (that is open)
2026-09-20 18:51:48 | INFO | tasks.scienceworld | Step 01 - Progress Rate: 0.25

Warning: model not found. Using cl100k_base encoding.
2026-09-20 18:51:50 | INFO | tasks.scienceworld | Step 02 - Action: look at jug
2026-09-20 18:51:50 | INFO | tasks.scienceworld | Step 02 - Observation: a jug (containing nothing)
2026-09-20 18:51:50 | INFO | tasks.scienceworld | Step 02 - Progress Rate: 0.25

Warning: model not found. Using cl100k_base encoding.
2026-09-20 18:51:52 | INFO | tasks.scienceworld | Step 03 - Action: pick up jug
2026-09-20 18:51:52 | INFO | tasks.scienceworld | Step 03 - Observation: You move the jug to the inventory.
2026-09-20 18:51:52 | INFO | tasks.scienceworld | Step 03 - Progress Rate: 0.25

Warning: model not found. Using cl100k_base encoding.
2026-09-20 18:51:55 | INFO | tasks.scienceworld | Step 04 - Action: pour wood cup containing blue paint into jug
2026-09-20 18:51:55 | INFO | tasks.scienceworld | Step 04 - Observation: You pour the contents of the wood cup into the jug.
2026-09-20 18:51:55 | INFO | tasks.scienceworld | Step 04 - Progress Rate: 0.5

Warning: model not found. Using cl100k_base encoding.
2026-09-20 18:51:56 | INFO | tasks.scienceworld | Step 05 - Action: pour wood cup containing yellow paint into jug
2026-09-20 18:51:56 | INFO | tasks.scienceworld | Step 05 - Observation: You pour the contents of the wood cup into the jug.
2026-09-20 18:51:56 | INFO | tasks.scienceworld | Step 05 - Progress Rate: 0.5

Warning: model not found. Using cl100k_base encoding.
2026-09-20 18:51:57 | INFO | tasks.scienceworld | Step 06 - Action: look at jug
2026-09-20 18:51:57 | INFO | tasks.scienceworld | Step 06 - Observation: a jug (containing blue paint, yellow paint)
2026-09-20 18:51:57 | INFO | tasks.scienceworld | Step 06 - Progress Rate: 0.5

Warning: model not found. Using cl100k_base encoding.
2026-09-20 18:51:58 | INFO | tasks.scienceworld | Step 07 - Action: mix jug
2026-09-20 18:51:58 | INFO | tasks.scienceworld | Step 07 - Observation: Blue and yellow paint mix to produce green paint.
2026-09-20 18:51:58 | INFO | tasks.scienceworld | Step 07 - Progress Rate: 0.75

Warning: model not found. Using cl100k_base encoding.
2026-09-20 18:51:59 | INFO | tasks.scienceworld | Step 08 - Action: look at jug
2026-09-20 18:51:59 | INFO | tasks.scienceworld | Step 08 - Observation: a jug (containing green paint)
2026-09-20 18:51:59 | INFO | tasks.scienceworld | Step 08 - Progress Rate: 0.75

Warning: model not found. Using cl100k_base encoding.
2026-09-20 18:52:02 | INFO | tasks.scienceworld | Step 09 - Action: look around
2026-09-20 18:52:02 | INFO | tasks.scienceworld | Step 09 - Observation: This room is called the art studio. In it, you see: 
	the agent
	a substance called air
	a large cupboard. The large cupboard door is closed. 
	a paint closet. The paint closet door is closed. 
	a table. On the table is: nothing.
	a wood cup (containing nothing)
	a wood cup (containing red paint)
	a wood cup (containing nothing)
You also see:
	A door to the hallway (that is open)
2026-09-20 18:52:02 | INFO | tasks.scienceworld | Step 09 - Progress Rate: 0.75

Warning: model not found. Using cl100k_base encoding.
2026-09-20 18:52:04 | INFO | tasks.scienceworld | Step 10 - Action: open paint closet
2026-09-20 18:52:04 | INFO | tasks.scienceworld | Step 10 - Observation: The paint closet is now open.
2026-09-20 18:52:04 | INFO | tasks.scienceworld | Step 10 - Progress Rate: 0.75

Warning: model not found. Using cl100k_base encoding.
2026-09-20 18:52:06 | INFO | tasks.scienceworld | Step 11 - Action: look in paint closet
2026-09-20 18:52:06 | INFO | tasks.scienceworld | Step 11 - Observation: Inside the paint closet is: 
	a glass cup (containing nothing)
	a glass cup (containing nothing)
	a glass cup (containing nothing)
2026-09-20 18:52:06 | INFO | tasks.scienceworld | Step 11 - Progress Rate: 0.75

Warning: model not found. Using cl100k_base encoding.
2026-09-20 18:52:09 | INFO | tasks.scienceworld | Step 12 - Action: check valid actions
2026-09-20 18:52:09 | INFO | tasks.scienceworld | Step 12 - Observation: Choose an action from these valid actions: activate OBJ, close OBJ, deactivate OBJ, dunk OBJ in OBJ, eat OBJ, flush OBJ, focus on OBJ, go OBJ, inventory, look around, look at OBJ, look in OBJ, mix OBJ, move OBJ to OBJ, open OBJ, pick up OBJ, pour OBJ in OBJ, put down OBJ, read OBJ, task, use OBJ on OBJ, wait, wait1, check valid actions
2026-09-20 18:52:09 | INFO | tasks.scienceworld | Step 12 - Progress Rate: 0.75

Warning: model not found. Using cl100k_base encoding.
2026-09-20 18:52:12 | INFO | tasks.scienceworld | Step 13 - Action: open large cupboard
2026-09-20 18:52:12 | INFO | tasks.scienceworld | Step 13 - Observation: The large cupboard is now open.
2026-09-20 18:52:12 | INFO | tasks.scienceworld | Step 13 - Progress Rate: 0.75

Warning: model not found. Using cl100k_base encoding.
2026-09-20 18:52:20 | INFO | tasks.scienceworld | Step 14 - Action: look in large cupboard
2026-09-20 18:52:20 | INFO | tasks.scienceworld | Step 14 - Observation: Inside the large cupboard is: 
	a drawer
	a wood cup (containing yellow paint)
	a wood cup (containing red paint)
	a wood cup (containing blue paint)
2026-09-20 18:52:20 | INFO | tasks.scienceworld | Step 14 - Progress Rate: 0.75

Warning: model not found. Using cl100k_base encoding.
2026-09-20 18:52:22 | INFO | tasks.scienceworld | Step 15 - Action: pour wood cup containing yellow paint into jug
2026-09-20 18:52:22 | INFO | tasks.scienceworld | Step 15 - Observation: You pour the contents of the wood cup into the jug.
2026-09-20 18:52:22 | INFO | tasks.scienceworld | Step 15 - Progress Rate: 0.75

Warning: model not found. Using cl100k_base encoding.
2026-09-20 18:52:24 | INFO | tasks.scienceworld | Step 16 - Action: mix jug
2026-09-20 18:52:24 | INFO | tasks.scienceworld | Step 16 - Observation: Green and yellow paint mix to produce yellow-green paint.
2026-09-20 18:52:24 | INFO | tasks.scienceworld | Step 16 - Progress Rate: 1.0

2026-09-20 18:52:24 | FINISH | tasks.scienceworld | [1;33mExample 23 | Success: True , Progress Rate: 1.0 , Steps: 17
[0m
2026-09-20 18:52:24 | GOAL | tasks.scienceworld | [1;34mExample 24 | Goal: task_name: find-animal, var: 5, Your task is to find a blue jay egg in the outside. First, focus on it. Then, move it to the purple box in the kitchen.[0m
2026-09-20 18:52:24 | INFO | scienceworld.scienceworld | Loading: find-animal (variation: 5) (simplifications: selfWateringFlowerPots,openContainers,openDoors,noElectricalAction)
2026-09-20 18:52:24 | INFO | tasks.scienceworld | Step 00 - Observation: This room is called the workshop. In it, you see: 
	the agent
	a substance called air
	a table. On the table is: a battery, a black wire, a blue wire, a orange wire, a red light bulb, which is off, a switch, which is off, a violet light bulb, which is off, a yellow light bulb, which is off.
	a ultra low temperature freezer. The ultra low temperature freezer door is closed. 
You also see:
	A door to the hallway (that is open)
In your inventory, you see:
	an orange

Warning: model not found. Using cl100k_base encoding.
2026-09-20 18:52:25 | INFO | tasks.scienceworld | Step 00 - Action: go to hallway
2026-09-20 18:52:25 | INFO | tasks.scienceworld | Step 00 - Observation: You move to the hallway.
2026-09-20 18:52:25 | INFO | tasks.scienceworld | Step 00 - Progress Rate: 0.0

Warning: model not found. Using cl100k_base encoding.
2026-09-20 18:52:26 | INFO | tasks.scienceworld | Step 01 - Action: look around
2026-09-20 18:52:26 | INFO | tasks.scienceworld | Step 01 - Observation: This room is called the hallway. In it, you see: 
	the agent
	a substance called air
	a painting
You also see:
	A door to the art studio (that is open)
	A door to the bedroom (that is open)
	A door to the greenhouse (that is open)
	A door to the kitchen (that is open)
	A door to the living room (that is open)
	A door to the workshop (that is open)
2026-09-20 18:52:26 | INFO | tasks.scienceworld | Step 01 - Progress Rate: 0.0

Warning: model not found. Using cl100k_base encoding.
2026-09-20 18:52:27 | INFO | tasks.scienceworld | Step 02 - Action: go to kitchen
2026-09-20 18:52:27 | INFO | tasks.scienceworld | Step 02 - Observation: You move to the kitchen.
2026-09-20 18:52:27 | INFO | tasks.scienceworld | Step 02 - Progress Rate: 0.2

Warning: model not found. Using cl100k_base encoding.
2026-09-20 18:52:28 | INFO | tasks.scienceworld | Step 03 - Action: look around
2026-09-20 18:52:28 | INFO | tasks.scienceworld | Step 03 - Observation: This room is called the kitchen. In it, you see: 
	the agent
	a substance called air
	a chair. On the chair is: nothing.
	a counter. On the counter is: a bowl (containing a red apple, a banana, an orange, a potato), a drawer.
	a cupboard. The cupboard door is closed. 
	a freezer. The freezer door is closed. 
	a fridge. The fridge door is closed. 
	a glass jar (containing a substance called sodium chloride)
	a lighter
	a oven, which is turned off. The oven door is closed. 
	a painting
	a purple box (containing nothing)
	a sink, which is turned off. In the sink is: nothing.
	a substance called soap
	a stopwatch, which is deactivated. 
	a stove, which is turned off. On the stove is: nothing.
	a table. On the table is: a glass cup (containing nothing).
	a thermometer, currently reading a temperature of 10 degrees celsius
You also see:
	A door to the bathroom (that is open)
	A door to the hallway (that is open)
	A door to the outside (that is open)
2026-09-20 18:52:28 | INFO | tasks.scienceworld | Step 03 - Progress Rate: 0.2

Warning: model not found. Using cl100k_base encoding.
2026-09-20 18:52:29 | INFO | tasks.scienceworld | Step 04 - Action: go to outside
2026-09-20 18:52:29 | INFO | tasks.scienceworld | Step 04 - Observation: You move to the outside.
2026-09-20 18:52:29 | INFO | tasks.scienceworld | Step 04 - Progress Rate: 0.4

Warning: model not found. Using cl100k_base encoding.
2026-09-20 18:52:30 | INFO | tasks.scienceworld | Step 05 - Action: look around
2026-09-20 18:52:30 | INFO | tasks.scienceworld | Step 05 - Observation: This outside location is called the outside. Here you see: 
	the agent
	a substance called air
	an axe
	a blue jay egg
	a butterfly egg
	a dove egg
	a fire pit (containing nothing)
	a fountain (containing a substance called water)
	the ground
	a substance called wood
You also see:
	A door to the foundry (that is open)
	A door to the greenhouse (that is open)
	A door to the kitchen (that is open)
2026-09-20 18:52:30 | INFO | tasks.scienceworld | Step 05 - Progress Rate: 0.4

Warning: model not found. Using cl100k_base encoding.
2026-09-20 18:52:31 | INFO | tasks.scienceworld | Step 06 - Action: focus on blue jay egg
2026-09-20 18:52:31 | INFO | tasks.scienceworld | Step 06 - Observation: You focus on the blue jay egg.
2026-09-20 18:52:31 | INFO | tasks.scienceworld | Step 06 - Progress Rate: 0.6

Warning: model not found. Using cl100k_base encoding.
2026-09-20 18:52:32 | INFO | tasks.scienceworld | Step 07 - Action: pick up blue jay egg
2026-09-20 18:52:32 | INFO | tasks.scienceworld | Step 07 - Observation: You move the blue jay to the inventory.
2026-09-20 18:52:32 | INFO | tasks.scienceworld | Step 07 - Progress Rate: 0.8

Warning: model not found. Using cl100k_base encoding.
2026-09-20 18:52:33 | INFO | tasks.scienceworld | Step 08 - Action: go to kitchen
2026-09-20 18:52:33 | INFO | tasks.scienceworld | Step 08 - Observation: You move to the kitchen.
2026-09-20 18:52:33 | INFO | tasks.scienceworld | Step 08 - Progress Rate: 0.8

Warning: model not found. Using cl100k_base encoding.
2026-09-20 18:52:34 | INFO | tasks.scienceworld | Step 09 - Action: move blue jay to purple box
2026-09-20 18:52:34 | INFO | tasks.scienceworld | Step 09 - Observation: You move the blue jay to the purple box.
2026-09-20 18:52:34 | INFO | tasks.scienceworld | Step 09 - Progress Rate: 1.0

2026-09-20 18:52:35 | FINISH | tasks.scienceworld | [1;33mExample 24 | Success: True , Progress Rate: 1.0 , Steps: 10
[0m
2026-09-20 18:52:35 | GOAL | tasks.scienceworld | [1;34mExample 25 | Goal: task_name: find-animal, var: 6, Your task is to find a dove egg in the outside. First, focus on the thing. Then, move it to the red box in the bathroom.[0m
2026-09-20 18:52:35 | INFO | scienceworld.scienceworld | Loading: find-animal (variation: 6) (simplifications: selfWateringFlowerPots,openContainers,openDoors,noElectricalAction)
2026-09-20 18:52:35 | INFO | tasks.scienceworld | Step 00 - Observation: This room is called the greenhouse. In it, you see: 
	the agent
	a substance called air
	a bee hive. The bee hive door is closed. 
	a flower pot 2 (containing a pea plant in the adult stage with a tall height, soil)
	a flower pot 5 (containing nothing)
	a flower pot 7 (containing a cherry tree in the adult stage, soil)
	a flower pot 8 (containing a apple tree in the adult stage, soil)
	a flower pot 9 (containing nothing)
	a jug (containing nothing)
	a shovel
	a sink, which is turned off. In the sink is: nothing.
You also see:
	A door to the hallway (that is open)
	A door to the outside (that is open)
In your inventory, you see:
	an orange

Warning: model not found. Using cl100k_base encoding.
2026-09-20 18:52:35 | INFO | tasks.scienceworld | Step 00 - Action: go to outside
2026-09-20 18:52:35 | INFO | tasks.scienceworld | Step 00 - Observation: You move to the outside.
2026-09-20 18:52:35 | INFO | tasks.scienceworld | Step 00 - Progress Rate: 0.2

Warning: model not found. Using cl100k_base encoding.
2026-09-20 18:52:36 | INFO | tasks.scienceworld | Step 01 - Action: look around
2026-09-20 18:52:37 | INFO | tasks.scienceworld | Step 01 - Observation: This outside location is called the outside. Here you see: 
	the agent
	a substance called air
	an axe
	a blue jay egg
	a butterfly egg
	a dove egg
	a fire pit (containing nothing)
	a fountain (containing a substance called water)
	the ground
	a substance called wood
You also see:
	A door to the foundry (that is open)
	A door to the greenhouse (that is open)
	A door to the kitchen (that is open)
2026-09-20 18:52:37 | INFO | tasks.scienceworld | Step 01 - Progress Rate: 0.2

Warning: model not found. Using cl100k_base encoding.
2026-09-20 18:52:37 | INFO | tasks.scienceworld | Step 02 - Action: focus on dove egg
2026-09-20 18:52:37 | INFO | tasks.scienceworld | Step 02 - Observation: You focus on the dove egg.
2026-09-20 18:52:37 | INFO | tasks.scienceworld | Step 02 - Progress Rate: 0.4

Warning: model not found. Using cl100k_base encoding.
2026-09-20 18:52:38 | INFO | tasks.scienceworld | Step 03 - Action: pick up dove egg
2026-09-20 18:52:38 | INFO | tasks.scienceworld | Step 03 - Observation: You move the dove to the inventory.
2026-09-20 18:52:38 | INFO | tasks.scienceworld | Step 03 - Progress Rate: 0.6

Warning: model not found. Using cl100k_base encoding.
2026-09-20 18:52:40 | INFO | tasks.scienceworld | Step 04 - Action: go to kitchen
2026-09-20 18:52:40 | INFO | tasks.scienceworld | Step 04 - Observation: You move to the kitchen.
2026-09-20 18:52:40 | INFO | tasks.scienceworld | Step 04 - Progress Rate: 0.6

Warning: model not found. Using cl100k_base encoding.
2026-09-20 18:52:41 | INFO | tasks.scienceworld | Step 05 - Action: go to bathroom
2026-09-20 18:52:41 | INFO | tasks.scienceworld | Step 05 - Observation: You move to the bathroom.
2026-09-20 18:52:41 | INFO | tasks.scienceworld | Step 05 - Progress Rate: 0.8

Warning: model not found. Using cl100k_base encoding.
2026-09-20 18:52:42 | INFO | tasks.scienceworld | Step 06 - Action: look around
2026-09-20 18:52:42 | INFO | tasks.scienceworld | Step 06 - Observation: This room is called the bathroom. In it, you see: 
	the agent
	a substance called air
	a bathtub, which is turned off. In the bathtub is: nothing.
	a glass cup (containing nothing)
	a painting
	a red box (containing nothing)
	a sink, which is turned off. In the sink is: nothing.
	a toilet. In the toilet is: A drain, which is closed, a substance called water.
You also see:
	A door to the kitchen (that is open)
2026-09-20 18:52:42 | INFO | tasks.scienceworld | Step 06 - Progress Rate: 0.8

Warning: model not found. Using cl100k_base encoding.
2026-09-20 18:52:43 | INFO | tasks.scienceworld | Step 07 - Action: move dove to red box
2026-09-20 18:52:43 | INFO | tasks.scienceworld | Step 07 - Observation: You move the dove to the red box.
2026-09-20 18:52:43 | INFO | tasks.scienceworld | Step 07 - Progress Rate: 1.0

2026-09-20 18:52:43 | FINISH | tasks.scienceworld | [1;33mExample 25 | Success: True , Progress Rate: 1.0 , Steps: 8
[0m
2026-09-20 18:52:43 | GOAL | tasks.scienceworld | [1;34mExample 26 | Goal: task_name: find-animal, var: 7, Your task is to find a butterfly egg in the outside. First, focus on the thing. Then, move it to the green box in the bathroom.[0m
2026-09-20 18:52:43 | INFO | scienceworld.scienceworld | Loading: find-animal (variation: 7) (simplifications: selfWateringFlowerPots,openContainers,openDoors,noElectricalAction)
2026-09-20 18:52:43 | INFO | tasks.scienceworld | Step 00 - Observation: This room is called the hallway. In it, you see: 
	the agent
	a substance called air
	a drawing
You also see:
	A door to the art studio (that is open)
	A door to the bedroom (that is open)
	A door to the greenhouse (that is open)
	A door to the kitchen (that is open)
	A door to the living room (that is open)
	A door to the workshop (that is open)
In your inventory, you see:
	an orange

Warning: model not found. Using cl100k_base encoding.
2026-09-20 18:52:44 | INFO | tasks.scienceworld | Step 00 - Action: go to kitchen
2026-09-20 18:52:45 | INFO | tasks.scienceworld | Step 00 - Observation: You move to the kitchen.
2026-09-20 18:52:45 | INFO | tasks.scienceworld | Step 00 - Progress Rate: 0.0

Warning: model not found. Using cl100k_base encoding.
2026-09-20 18:52:46 | INFO | tasks.scienceworld | Step 01 - Action: go to outside
2026-09-20 18:52:46 | INFO | tasks.scienceworld | Step 01 - Observation: You move to the outside.
2026-09-20 18:52:46 | INFO | tasks.scienceworld | Step 01 - Progress Rate: 0.2

Warning: model not found. Using cl100k_base encoding.
2026-09-20 18:52:47 | INFO | tasks.scienceworld | Step 02 - Action: look around
2026-09-20 18:52:47 | INFO | tasks.scienceworld | Step 02 - Observation: This outside location is called the outside. Here you see: 
	the agent
	a substance called air
	an axe
	a blue jay egg
	a butterfly egg
	a dove egg
	a fire pit (containing nothing)
	a fountain (containing a substance called water)
	the ground
	a substance called wood
You also see:
	A door to the foundry (that is open)
	A door to the greenhouse (that is open)
	A door to the kitchen (that is open)
2026-09-20 18:52:47 | INFO | tasks.scienceworld | Step 02 - Progress Rate: 0.2

Warning: model not found. Using cl100k_base encoding.
2026-09-20 18:52:48 | INFO | tasks.scienceworld | Step 03 - Action: focus on butterfly egg
2026-09-20 18:52:48 | INFO | tasks.scienceworld | Step 03 - Observation: You focus on the butterfly egg.
2026-09-20 18:52:48 | INFO | tasks.scienceworld | Step 03 - Progress Rate: 0.4

Warning: model not found. Using cl100k_base encoding.
2026-09-20 18:52:49 | INFO | tasks.scienceworld | Step 04 - Action: pick up butterfly egg
2026-09-20 18:52:49 | INFO | tasks.scienceworld | Step 04 - Observation: You move the butterfly to the inventory.
2026-09-20 18:52:49 | INFO | tasks.scienceworld | Step 04 - Progress Rate: 0.6

Warning: model not found. Using cl100k_base encoding.
2026-09-20 18:52:51 | INFO | tasks.scienceworld | Step 05 - Action: go to kitchen
2026-09-20 18:52:51 | INFO | tasks.scienceworld | Step 05 - Observation: You move to the kitchen.
2026-09-20 18:52:51 | INFO | tasks.scienceworld | Step 05 - Progress Rate: 0.6

Warning: model not found. Using cl100k_base encoding.
2026-09-20 18:52:51 | INFO | tasks.scienceworld | Step 06 - Action: go to bathroom
2026-09-20 18:52:52 | INFO | tasks.scienceworld | Step 06 - Observation: You move to the bathroom.
2026-09-20 18:52:52 | INFO | tasks.scienceworld | Step 06 - Progress Rate: 0.8

Warning: model not found. Using cl100k_base encoding.
2026-09-20 18:52:52 | INFO | tasks.scienceworld | Step 07 - Action: look around
2026-09-20 18:52:53 | INFO | tasks.scienceworld | Step 07 - Observation: This room is called the bathroom. In it, you see: 
	the agent
	a substance called air
	a bathtub, which is turned off. In the bathtub is: nothing.
	a glass cup (containing nothing)
	a green box (containing nothing)
	a picture
	a sink, which is turned off. In the sink is: nothing.
	a toilet. In the toilet is: A drain, which is closed, a substance called water.
You also see:
	A door to the kitchen (that is open)
2026-09-20 18:52:53 | INFO | tasks.scienceworld | Step 07 - Progress Rate: 0.8

Warning: model not found. Using cl100k_base encoding.
2026-09-20 18:52:54 | INFO | tasks.scienceworld | Step 08 - Action: inventory
2026-09-20 18:52:54 | INFO | tasks.scienceworld | Step 08 - Observation: In your inventory, you see:
	a butterfly egg
	an orange
2026-09-20 18:52:54 | INFO | tasks.scienceworld | Step 08 - Progress Rate: 0.8

Warning: model not found. Using cl100k_base encoding.
2026-09-20 18:52:55 | INFO | tasks.scienceworld | Step 09 - Action: move butterfly egg to green box
2026-09-20 18:52:55 | INFO | tasks.scienceworld | Step 09 - Observation: You move the butterfly to the green box.
2026-09-20 18:52:55 | INFO | tasks.scienceworld | Step 09 - Progress Rate: 1.0

2026-09-20 18:52:55 | FINISH | tasks.scienceworld | [1;33mExample 26 | Success: True , Progress Rate: 1.0 , Steps: 10
[0m
2026-09-20 18:52:55 | GOAL | tasks.scienceworld | [1;34mExample 27 | Goal: task_name: find-living-thing, var: 5, Your task is to find a blue jay egg in the outside. First, focus on the thing. Then, move it to the purple box in the kitchen.[0m
2026-09-20 18:52:55 | INFO | scienceworld.scienceworld | Loading: find-living-thing (variation: 5) (simplifications: selfWateringFlowerPots,openContainers,openDoors,noElectricalAction)
2026-09-20 18:52:56 | INFO | tasks.scienceworld | Step 00 - Observation: This room is called the workshop. In it, you see: 
	the agent
	a substance called air
	a table. On the table is: a battery, a black wire, a blue wire, a orange wire, a red light bulb, which is off, a switch, which is off, a violet light bulb, which is off, a yellow light bulb, which is off.
	a ultra low temperature freezer. The ultra low temperature freezer door is closed. 
You also see:
	A door to the hallway (that is open)
In your inventory, you see:
	an orange

Warning: model not found. Using cl100k_base encoding.
2026-09-20 18:52:57 | INFO | tasks.scienceworld | Step 00 - Action: go to hallway
2026-09-20 18:52:57 | INFO | tasks.scienceworld | Step 00 - Observation: You move to the hallway.
2026-09-20 18:52:57 | INFO | tasks.scienceworld | Step 00 - Progress Rate: 0.0

Warning: model not found. Using cl100k_base encoding.
2026-09-20 18:52:58 | INFO | tasks.scienceworld | Step 01 - Action: look around
2026-09-20 18:52:58 | INFO | tasks.scienceworld | Step 01 - Observation: This room is called the hallway. In it, you see: 
	the agent
	a substance called air
	a painting
You also see:
	A door to the art studio (that is open)
	A door to the bedroom (that is open)
	A door to the greenhouse (that is open)
	A door to the kitchen (that is open)
	A door to the living room (that is open)
	A door to the workshop (that is open)
2026-09-20 18:52:58 | INFO | tasks.scienceworld | Step 01 - Progress Rate: 0.0

Warning: model not found. Using cl100k_base encoding.
2026-09-20 18:53:00 | INFO | tasks.scienceworld | Step 02 - Action: go to kitchen
2026-09-20 18:53:00 | INFO | tasks.scienceworld | Step 02 - Observation: You move to the kitchen.
2026-09-20 18:53:00 | INFO | tasks.scienceworld | Step 02 - Progress Rate: 0.2

Warning: model not found. Using cl100k_base encoding.
2026-09-20 18:53:01 | INFO | tasks.scienceworld | Step 03 - Action: look around
2026-09-20 18:53:01 | INFO | tasks.scienceworld | Step 03 - Observation: This room is called the kitchen. In it, you see: 
	the agent
	a substance called air
	a chair. On the chair is: nothing.
	a counter. On the counter is: a bowl (containing a red apple, a banana, an orange, a potato), a drawer.
	a cupboard. The cupboard door is closed. 
	a freezer. The freezer door is closed. 
	a fridge. The fridge door is closed. 
	a glass jar (containing a substance called sodium chloride)
	a lighter
	a oven, which is turned off. The oven door is closed. 
	a painting
	a purple box (containing nothing)
	a sink, which is turned off. In the sink is: nothing.
	a substance called soap
	a stopwatch, which is deactivated. 
	a stove, which is turned off. On the stove is: nothing.
	a table. On the table is: a glass cup (containing nothing).
	a thermometer, currently reading a temperature of 10 degrees celsius
You also see:
	A door to the bathroom (that is open)
	A door to the hallway (that is open)
	A door to the outside (that is open)
2026-09-20 18:53:01 | INFO | tasks.scienceworld | Step 03 - Progress Rate: 0.2

Warning: model not found. Using cl100k_base encoding.
2026-09-20 18:53:02 | INFO | tasks.scienceworld | Step 04 - Action: go to outside
2026-09-20 18:53:02 | INFO | tasks.scienceworld | Step 04 - Observation: You move to the outside.
2026-09-20 18:53:02 | INFO | tasks.scienceworld | Step 04 - Progress Rate: 0.4

Warning: model not found. Using cl100k_base encoding.
2026-09-20 18:53:03 | INFO | tasks.scienceworld | Step 05 - Action: look around
2026-09-20 18:53:03 | INFO | tasks.scienceworld | Step 05 - Observation: This outside location is called the outside. Here you see: 
	the agent
	a substance called air
	an axe
	a blue jay egg
	a butterfly egg
	a dove egg
	a fire pit (containing nothing)
	a fountain (containing a substance called water)
	the ground
	a substance called wood
You also see:
	A door to the foundry (that is open)
	A door to the greenhouse (that is open)
	A door to the kitchen (that is open)
2026-09-20 18:53:03 | INFO | tasks.scienceworld | Step 05 - Progress Rate: 0.4

Warning: model not found. Using cl100k_base encoding.
2026-09-20 18:53:04 | INFO | tasks.scienceworld | Step 06 - Action: focus on blue jay egg
2026-09-20 18:53:04 | INFO | tasks.scienceworld | Step 06 - Observation: You focus on the blue jay egg.
2026-09-20 18:53:04 | INFO | tasks.scienceworld | Step 06 - Progress Rate: 0.6

Warning: model not found. Using cl100k_base encoding.
2026-09-20 18:53:05 | INFO | tasks.scienceworld | Step 07 - Action: pick up blue jay egg
2026-09-20 18:53:05 | INFO | tasks.scienceworld | Step 07 - Observation: You move the blue jay to the inventory.
2026-09-20 18:53:05 | INFO | tasks.scienceworld | Step 07 - Progress Rate: 0.8

Warning: model not found. Using cl100k_base encoding.
2026-09-20 18:53:06 | INFO | tasks.scienceworld | Step 08 - Action: go to kitchen
2026-09-20 18:53:06 | INFO | tasks.scienceworld | Step 08 - Observation: You move to the kitchen.
2026-09-20 18:53:06 | INFO | tasks.scienceworld | Step 08 - Progress Rate: 0.8

Warning: model not found. Using cl100k_base encoding.
2026-09-20 18:53:07 | INFO | tasks.scienceworld | Step 09 - Action: inventory
2026-09-20 18:53:07 | INFO | tasks.scienceworld | Step 09 - Observation: In your inventory, you see:
	a blue jay egg
	an orange
2026-09-20 18:53:07 | INFO | tasks.scienceworld | Step 09 - Progress Rate: 0.8

Warning: model not found. Using cl100k_base encoding.
2026-09-20 18:53:08 | INFO | tasks.scienceworld | Step 10 - Action: move blue jay egg to purple box
2026-09-20 18:53:08 | INFO | tasks.scienceworld | Step 10 - Observation: You move the blue jay to the purple box.
2026-09-20 18:53:08 | INFO | tasks.scienceworld | Step 10 - Progress Rate: 1.0

2026-09-20 18:53:08 | FINISH | tasks.scienceworld | [1;33mExample 27 | Success: True , Progress Rate: 1.0 , Steps: 11
[0m
2026-09-20 18:53:08 | GOAL | tasks.scienceworld | [1;34mExample 28 | Goal: task_name: find-living-thing, var: 6, Your task is to find a dove egg in the outside. First, focus on the thing. Then, move it to the red box in the bathroom.[0m
2026-09-20 18:53:08 | INFO | scienceworld.scienceworld | Loading: find-living-thing (variation: 6) (simplifications: selfWateringFlowerPots,openContainers,openDoors,noElectricalAction)
2026-09-20 18:53:08 | INFO | tasks.scienceworld | Step 00 - Observation: This room is called the greenhouse. In it, you see: 
	the agent
	a substance called air
	a bee hive. The bee hive door is closed. 
	a flower pot 1 (containing a apple tree in the adult stage, soil)
	a flower pot 2 (containing nothing)
	a flower pot 5 (containing a pea plant in the adult stage with a tall height, soil)
	a flower pot 8 (containing nothing)
	a flower pot 9 (containing a cherry tree in the adult stage, soil)
	a jug (containing nothing)
	a shovel
	a sink, which is turned off. In the sink is: nothing.
You also see:
	A door to the hallway (that is open)
	A door to the outside (that is open)
In your inventory, you see:
	an orange

Warning: model not found. Using cl100k_base encoding.
2026-09-20 18:53:09 | INFO | tasks.scienceworld | Step 00 - Action: go to outside
2026-09-20 18:53:09 | INFO | tasks.scienceworld | Step 00 - Observation: You move to the outside.
2026-09-20 18:53:09 | INFO | tasks.scienceworld | Step 00 - Progress Rate: 0.2

Warning: model not found. Using cl100k_base encoding.
2026-09-20 18:53:10 | INFO | tasks.scienceworld | Step 01 - Action: look around
2026-09-20 18:53:10 | INFO | tasks.scienceworld | Step 01 - Observation: This outside location is called the outside. Here you see: 
	the agent
	a substance called air
	an axe
	a blue jay egg
	a butterfly egg
	a dove egg
	a fire pit (containing nothing)
	a fountain (containing a substance called water)
	the ground
	a substance called wood
You also see:
	A door to the foundry (that is open)
	A door to the greenhouse (that is open)
	A door to the kitchen (that is open)
2026-09-20 18:53:10 | INFO | tasks.scienceworld | Step 01 - Progress Rate: 0.2

Warning: model not found. Using cl100k_base encoding.
2026-09-20 18:53:11 | INFO | tasks.scienceworld | Step 02 - Action: focus on dove egg
2026-09-20 18:53:11 | INFO | tasks.scienceworld | Step 02 - Observation: You focus on the dove egg.
2026-09-20 18:53:11 | INFO | tasks.scienceworld | Step 02 - Progress Rate: 0.4

Warning: model not found. Using cl100k_base encoding.
2026-09-20 18:53:12 | INFO | tasks.scienceworld | Step 03 - Action: pick up dove egg
2026-09-20 18:53:12 | INFO | tasks.scienceworld | Step 03 - Observation: You move the dove to the inventory.
2026-09-20 18:53:12 | INFO | tasks.scienceworld | Step 03 - Progress Rate: 0.6

Warning: model not found. Using cl100k_base encoding.
2026-09-20 18:53:13 | INFO | tasks.scienceworld | Step 04 - Action: go to kitchen
2026-09-20 18:53:13 | INFO | tasks.scienceworld | Step 04 - Observation: You move to the kitchen.
2026-09-20 18:53:13 | INFO | tasks.scienceworld | Step 04 - Progress Rate: 0.6

Warning: model not found. Using cl100k_base encoding.
2026-09-20 18:53:14 | INFO | tasks.scienceworld | Step 05 - Action: go to bathroom
2026-09-20 18:53:14 | INFO | tasks.scienceworld | Step 05 - Observation: You move to the bathroom.
2026-09-20 18:53:14 | INFO | tasks.scienceworld | Step 05 - Progress Rate: 0.8

Warning: model not found. Using cl100k_base encoding.
2026-09-20 18:53:15 | INFO | tasks.scienceworld | Step 06 - Action: look around
2026-09-20 18:53:15 | INFO | tasks.scienceworld | Step 06 - Observation: This room is called the bathroom. In it, you see: 
	the agent
	a substance called air
	a bathtub, which is turned off. In the bathtub is: nothing.
	a glass cup (containing nothing)
	a painting
	a red box (containing nothing)
	a sink, which is turned off. In the sink is: nothing.
	a toilet. In the toilet is: A drain, which is closed, a substance called water.
You also see:
	A door to the kitchen (that is open)
2026-09-20 18:53:15 | INFO | tasks.scienceworld | Step 06 - Progress Rate: 0.8

Warning: model not found. Using cl100k_base encoding.
2026-09-20 18:53:18 | INFO | tasks.scienceworld | Step 07 - Action: inventory
2026-09-20 18:53:18 | INFO | tasks.scienceworld | Step 07 - Observation: In your inventory, you see:
	a dove egg
	an orange
2026-09-20 18:53:18 | INFO | tasks.scienceworld | Step 07 - Progress Rate: 0.8

Warning: model not found. Using cl100k_base encoding.
2026-09-20 18:53:20 | INFO | tasks.scienceworld | Step 08 - Action: move dove egg to red box
2026-09-20 18:53:20 | INFO | tasks.scienceworld | Step 08 - Observation: You move the dove to the red box.
2026-09-20 18:53:20 | INFO | tasks.scienceworld | Step 08 - Progress Rate: 1.0

2026-09-20 18:53:20 | FINISH | tasks.scienceworld | [1;33mExample 28 | Success: True , Progress Rate: 1.0 , Steps: 9
[0m
2026-09-20 18:53:20 | GOAL | tasks.scienceworld | [1;34mExample 29 | Goal: task_name: find-living-thing, var: 7, Your task is to find a butterfly egg in the outside. First, focus on the thing. Then, move it to the green box in the bathroom.[0m
2026-09-20 18:53:20 | INFO | scienceworld.scienceworld | Loading: find-living-thing (variation: 7) (simplifications: selfWateringFlowerPots,openContainers,openDoors,noElectricalAction)
2026-09-20 18:53:20 | INFO | tasks.scienceworld | Step 00 - Observation: This room is called the hallway. In it, you see: 
	the agent
	a substance called air
	a drawing
You also see:
	A door to the art studio (that is open)
	A door to the bedroom (that is open)
	A door to the greenhouse (that is open)
	A door to the kitchen (that is open)
	A door to the living room (that is open)
	A door to the workshop (that is open)
In your inventory, you see:
	an orange

Warning: model not found. Using cl100k_base encoding.
2026-09-20 18:53:22 | INFO | tasks.scienceworld | Step 00 - Action: go to kitchen
2026-09-20 18:53:22 | INFO | tasks.scienceworld | Step 00 - Observation: You move to the kitchen.
2026-09-20 18:53:22 | INFO | tasks.scienceworld | Step 00 - Progress Rate: 0.0

Warning: model not found. Using cl100k_base encoding.
2026-09-20 18:53:23 | INFO | tasks.scienceworld | Step 01 - Action: look around
2026-09-20 18:53:23 | INFO | tasks.scienceworld | Step 01 - Observation: This room is called the kitchen. In it, you see: 
	the agent
	a substance called air
	a chair. On the chair is: nothing.
	a counter. On the counter is: a bowl (containing a red apple, a banana, an orange, a potato), a drawer.
	a cupboard. The cupboard door is closed. 
	a freezer. The freezer door is closed. 
	a fridge. The fridge door is closed. 
	a glass jar (containing a substance called sodium chloride)
	a lighter
	a oven, which is turned off. The oven door is closed. 
	a painting
	a sink, which is turned off. In the sink is: nothing.
	a substance called soap
	a stopwatch, which is deactivated. 
	a stove, which is turned off. On the stove is: nothing.
	a table. On the table is: a glass cup (containing nothing).
	a thermometer, currently reading a temperature of 10 degrees celsius
You also see:
	A door to the bathroom (that is open)
	A door to the hallway (that is open)
	A door to the outside (that is open)
2026-09-20 18:53:23 | INFO | tasks.scienceworld | Step 01 - Progress Rate: 0.0

Warning: model not found. Using cl100k_base encoding.
2026-09-20 18:53:24 | INFO | tasks.scienceworld | Step 02 - Action: go to outside
2026-09-20 18:53:24 | INFO | tasks.scienceworld | Step 02 - Observation: You move to the outside.
2026-09-20 18:53:24 | INFO | tasks.scienceworld | Step 02 - Progress Rate: 0.2

Warning: model not found. Using cl100k_base encoding.
2026-09-20 18:53:24 | INFO | tasks.scienceworld | Step 03 - Action: look around
2026-09-20 18:53:24 | INFO | tasks.scienceworld | Step 03 - Observation: This outside location is called the outside. Here you see: 
	the agent
	a substance called air
	an axe
	a blue jay egg
	a butterfly egg
	a dove egg
	a fire pit (containing nothing)
	a fountain (containing a substance called water)
	the ground
	a substance called wood
You also see:
	A door to the foundry (that is open)
	A door to the greenhouse (that is open)
	A door to the kitchen (that is open)
2026-09-20 18:53:24 | INFO | tasks.scienceworld | Step 03 - Progress Rate: 0.2

Warning: model not found. Using cl100k_base encoding.
2026-09-20 18:53:25 | INFO | tasks.scienceworld | Step 04 - Action: focus on butterfly egg
2026-09-20 18:53:25 | INFO | tasks.scienceworld | Step 04 - Observation: You focus on the butterfly egg.
2026-09-20 18:53:25 | INFO | tasks.scienceworld | Step 04 - Progress Rate: 0.4

Warning: model not found. Using cl100k_base encoding.
2026-09-20 18:53:26 | INFO | tasks.scienceworld | Step 05 - Action: pick up butterfly egg
2026-09-20 18:53:26 | INFO | tasks.scienceworld | Step 05 - Observation: You move the butterfly to the inventory.
2026-09-20 18:53:26 | INFO | tasks.scienceworld | Step 05 - Progress Rate: 0.6

Warning: model not found. Using cl100k_base encoding.
2026-09-20 18:53:27 | INFO | tasks.scienceworld | Step 06 - Action: go to kitchen
2026-09-20 18:53:27 | INFO | tasks.scienceworld | Step 06 - Observation: You move to the kitchen.
2026-09-20 18:53:27 | INFO | tasks.scienceworld | Step 06 - Progress Rate: 0.6

Warning: model not found. Using cl100k_base encoding.
2026-09-20 18:53:29 | INFO | tasks.scienceworld | Step 07 - Action: go to bathroom
2026-09-20 18:53:29 | INFO | tasks.scienceworld | Step 07 - Observation: You move to the bathroom.
2026-09-20 18:53:29 | INFO | tasks.scienceworld | Step 07 - Progress Rate: 0.8

Warning: model not found. Using cl100k_base encoding.
2026-09-20 18:53:30 | INFO | tasks.scienceworld | Step 08 - Action: look around
2026-09-20 18:53:30 | INFO | tasks.scienceworld | Step 08 - Observation: This room is called the bathroom. In it, you see: 
	the agent
	a substance called air
	a bathtub, which is turned off. In the bathtub is: nothing.
	a glass cup (containing nothing)
	a green box (containing nothing)
	a picture
	a sink, which is turned off. In the sink is: nothing.
	a toilet. In the toilet is: A drain, which is closed, a substance called water.
You also see:
	A door to the kitchen (that is open)
2026-09-20 18:53:30 | INFO | tasks.scienceworld | Step 08 - Progress Rate: 0.8

Warning: model not found. Using cl100k_base encoding.
2026-09-20 18:53:32 | INFO | tasks.scienceworld | Step 09 - Action: move butterfly to green box
2026-09-20 18:53:32 | INFO | tasks.scienceworld | Step 09 - Observation: You move the butterfly to the green box.
2026-09-20 18:53:32 | INFO | tasks.scienceworld | Step 09 - Progress Rate: 1.0

2026-09-20 18:53:32 | FINISH | tasks.scienceworld | [1;33mExample 29 | Success: True , Progress Rate: 1.0 , Steps: 10
[0m
2026-09-20 18:53:33 | FINISH | __main__ | [1;33mTask scienceworld | Success Rate: 0.7666666666666667 , Progress Rate: 0.9511904761904763 , Easy SR: 1.0.Hard SR: 0.6666666666666666, Easy PR: 1.0, Hard PR: 0.9302721088435374, Grounding Accuracy: 0.3404634320501195[0m
2026-09-20 18:53:33 | INFO | __main__ | Finish evaluating all tasks
