2026-09-20 10:42:52 | INFO | matplotlib.font_manager | Failed to extract font properties from /usr/share/fonts/truetype/unifont/unifont_sample.ttf: In FT2Font: Could not set the fontsize (invalid pixel size; error code 0x17)
2026-09-20 10:42:52 | INFO | matplotlib.font_manager | Failed to extract font properties from /usr/share/fonts/truetype/unifont/unifont_sample.ttf: In FT2Font: Could not set the fontsize (invalid pixel size; error code 0x17)
2026-09-20 10:42:52 | INFO | matplotlib.font_manager | Failed to extract font properties from /usr/share/fonts/truetype/noto/NotoColorEmoji.ttf: In FT2Font: Can not load face (unknown file format; error code 0x2)
2026-09-20 10:42:52 | INFO | matplotlib.font_manager | Failed to extract font properties from /usr/share/fonts/truetype/noto/NotoColorEmoji.ttf: In FT2Font: Can not load face (unknown file format; error code 0x2)
2026-09-20 10:42:52 | INFO | matplotlib.font_manager | generated new fontManager
2026-09-20 10:42:52 | INFO | matplotlib.font_manager | generated new fontManager
2026-09-20 10:42:52 | INFO | __main__ | Start loading language model
2026-09-20 10:42:52 | INFO | __main__ | Finished loading language model
2026-09-20 10:42:52 | INFO | __main__ | Wandb is not enabled
git root error: Cmd('git') failed due to: exit code(128)
  cmdline: git rev-parse --show-toplevel
  stderr: 'fatal: detected dubious ownership in repository at '/root/agentboard'
To add an exception for this directory, call:

	git config --global --add safe.directory /root/agentboard'
git root error: Cmd('git') failed due to: exit code(128)
  cmdline: git rev-parse --show-toplevel
  stderr: 'fatal: detected dubious ownership in repository at '/root/agentboard'
To add an exception for this directory, call:

	git config --global --add safe.directory /root/agentboard'
2026-09-20 10:42:52 | INFO | __main__ | Tested tasks: 
2026-09-20 10:42:52 | INFO | __main__ | Start evaluating task scienceworld
2026-09-20 10:42:52 | INFO | py4j.java_gateway | Callback Server Starting
2026-09-20 10:42:52 | INFO | py4j.java_gateway | Callback Server Starting
2026-09-20 10:42:52 | INFO | py4j.java_gateway | Socket listening on ('127.0.0.1', 46453)
2026-09-20 10:42:52 | INFO | py4j.java_gateway | Socket listening on ('127.0.0.1', 46453)
--- Logging error ---
Traceback (most recent call last):
  File "/root/miniconda3/envs/agentboard/lib/python3.8/logging/__init__.py", line 1085, in emit
    msg = self.format(record)
  File "/root/miniconda3/envs/agentboard/lib/python3.8/logging/__init__.py", line 929, in format
    return fmt.format(record)
  File "/root/agentboard/agentboard/utils/logging/agent_logger.py", line 26, in format
    return logging.Formatter.format(self, record)
  File "/root/miniconda3/envs/agentboard/lib/python3.8/logging/__init__.py", line 668, in format
    record.message = record.getMessage()
  File "/root/miniconda3/envs/agentboard/lib/python3.8/logging/__init__.py", line 373, in getMessage
    msg = msg % self.args
TypeError: not all arguments converted during string formatting
Call stack:
  File "agentboard/eval_main.py", line 194, in <module>
    main()
  File "agentboard/eval_main.py", line 173, in main
    easy_sr, hard_sr, easy_pr, hard_pr = task.evaluate()
  File "/root/agentboard/agentboard/tasks/scienceworld.py", line 130, in evaluate
    self.env = load_environment("scienceworld", self.env_cfg)
  File "/root/agentboard/agentboard/environment/__init__.py", line 54, in load_environment
    env = registry.get_environment_class(name).from_config(config)
  File "/root/agentboard/agentboard/environment/scienceworld_env.py", line 126, in from_config
    env = cls(serverPath=serverPath,
  File "/root/agentboard/agentboard/environment/scienceworld_env.py", line 15, in __init__
    self.env = ScienceWorldEnv("", serverPath, envStepLimit=envStepLimit)
  File "/root/miniconda3/envs/agentboard/lib/python3.8/site-packages/scienceworld/scienceworld.py", line 51, in __init__
    logger.info("ScienceWorld server running on port", port)
  File "/root/miniconda3/envs/agentboard/lib/python3.8/logging/__init__.py", line 1446, in info
    self._log(INFO, msg, args, **kwargs)
  File "/root/miniconda3/envs/agentboard/lib/python3.8/logging/__init__.py", line 1589, in _log
    self.handle(record)
  File "/root/miniconda3/envs/agentboard/lib/python3.8/logging/__init__.py", line 1599, in handle
    self.callHandlers(record)
  File "/root/miniconda3/envs/agentboard/lib/python3.8/logging/__init__.py", line 1661, in callHandlers
    hdlr.handle(record)
  File "/root/miniconda3/envs/agentboard/lib/python3.8/logging/__init__.py", line 954, in handle
    self.emit(record)
  File "/root/agentboard/agentboard/utils/logging/agent_logger.py", line 44, in emit
    super().emit(record)
Message: 'ScienceWorld server running on port'
Arguments: (34197,)
2026-09-20 10:42:53 | GOAL | tasks.scienceworld | [1;34mExample 0 | Goal: task_name: lifespan-longest-lived, var: 5, Your task is to find the animal with the longest life span.  The animals are in the 'outside' location.  Focus on the animal with the longest life span.[0m
2026-09-20 10:42:53 | INFO | scienceworld.scienceworld | Loading: lifespan-longest-lived (variation: 5) (simplifications: selfWateringFlowerPots,openContainers,openDoors,noElectricalAction)
2026-09-20 10:42:54 | INFO | tasks.scienceworld | Step 00 - Observation: This room is called the workshop. In it, you see: 
	the agent
	a substance called air
	a table. On the table is: a battery, a black wire, a blue wire, a orange wire, a red light bulb, which is off, a switch, which is off, a violet light bulb, which is off, a yellow light bulb, which is off.
	a ultra low temperature freezer. The ultra low temperature freezer door is closed. 
You also see:
	A door to the hallway (that is open)
In your inventory, you see:
	an orange

Warning: model not found. Using cl100k_base encoding.
2026-09-20 10:43:39 | INFO | tasks.scienceworld | Step 00 - Action: go to hallway
2026-09-20 10:43:40 | INFO | tasks.scienceworld | Step 00 - Observation: You move to the hallway.
2026-09-20 10:43:40 | INFO | tasks.scienceworld | Step 00 - Progress Rate: 0.0

Warning: model not found. Using cl100k_base encoding.
2026-09-20 10:44:03 | INFO | tasks.scienceworld | Step 01 - Action: go to hallway
2026-09-20 10:44:03 | INFO | tasks.scienceworld | Step 01 - Observation: It's not clear how to get there from here.
2026-09-20 10:44:03 | INFO | tasks.scienceworld | Step 01 - Progress Rate: 0.0

Warning: model not found. Using cl100k_base encoding.
2026-09-20 10:44:04 | INFO | tasks.scienceworld | Step 02 - Action: go to kitchen
2026-09-20 10:44:05 | INFO | tasks.scienceworld | Step 02 - Observation: You move to the kitchen.
2026-09-20 10:44:05 | INFO | tasks.scienceworld | Step 02 - Progress Rate: 0.0

Warning: model not found. Using cl100k_base encoding.
2026-09-20 10:44:05 | INFO | tasks.scienceworld | Step 03 - Action: go to outside
2026-09-20 10:44:06 | INFO | tasks.scienceworld | Step 03 - Observation: You move to the outside.
2026-09-20 10:44:06 | INFO | tasks.scienceworld | Step 03 - Progress Rate: 0.5

Warning: model not found. Using cl100k_base encoding.
2026-09-20 10:44:07 | INFO | tasks.scienceworld | Step 04 - Action: look around
2026-09-20 10:44:07 | INFO | tasks.scienceworld | Step 04 - Observation: This outside location is called the outside. Here you see: 
	the agent
	a substance called air
	an axe
	a crocodile egg
	a fire pit (containing nothing)
	a fountain (containing a substance called water)
	the ground
	a baby mouse
	a baby rabbit
	a substance called wood
You also see:
	A door to the foundry (that is open)
	A door to the greenhouse (that is open)
	A door to the kitchen (that is open)
2026-09-20 10:44:07 | INFO | tasks.scienceworld | Step 04 - Progress Rate: 0.5

Warning: model not found. Using cl100k_base encoding.
2026-09-20 10:44:08 | INFO | tasks.scienceworld | Step 05 - Action: focus on baby mouse
2026-09-20 10:44:08 | INFO | tasks.scienceworld | Step 05 - Observation: You focus on the baby mouse.
2026-09-20 10:44:08 | INFO | tasks.scienceworld | Step 05 - Progress Rate: 0.5

Warning: model not found. Using cl100k_base encoding.
2026-09-20 10:44:09 | INFO | tasks.scienceworld | Step 06 - Action: look at baby mouse
2026-09-20 10:44:10 | INFO | tasks.scienceworld | Step 06 - Observation: a baby mouse
2026-09-20 10:44:10 | INFO | tasks.scienceworld | Step 06 - Progress Rate: 0.5

Warning: model not found. Using cl100k_base encoding.
2026-09-20 10:44:14 | INFO | tasks.scienceworld | Step 07 - Action: check valid actions
2026-09-20 10:44:14 | INFO | tasks.scienceworld | Step 07 - Observation: Choose an action from these valid actions: activate OBJ, close OBJ, deactivate OBJ, dunk OBJ in OBJ, eat OBJ, flush OBJ, focus on OBJ, go OBJ, inventory, look around, look at OBJ, look in OBJ, mix OBJ, move OBJ to OBJ, open OBJ, pick up OBJ, pour OBJ in OBJ, put down OBJ, read OBJ, task, use OBJ on OBJ, wait, wait1, check valid actions
2026-09-20 10:44:14 | INFO | tasks.scienceworld | Step 07 - Progress Rate: 0.5

Warning: model not found. Using cl100k_base encoding.
2026-09-20 10:44:17 | INFO | tasks.scienceworld | Step 08 - Action: look at crocodile egg
2026-09-20 10:44:17 | INFO | tasks.scienceworld | Step 08 - Observation: a crocodile egg
2026-09-20 10:44:17 | INFO | tasks.scienceworld | Step 08 - Progress Rate: 0.5

Warning: model not found. Using cl100k_base encoding.
2026-09-20 10:44:18 | INFO | tasks.scienceworld | Step 09 - Action: focus on baby rabbit
2026-09-20 10:44:18 | INFO | tasks.scienceworld | Step 09 - Observation: You focus on the baby rabbit.
2026-09-20 10:44:18 | INFO | tasks.scienceworld | Step 09 - Progress Rate: 0.5

Warning: model not found. Using cl100k_base encoding.
2026-09-20 10:44:22 | INFO | tasks.scienceworld | Step 10 - Action: focus on crocodile egg
2026-09-20 10:44:22 | INFO | tasks.scienceworld | Step 10 - Observation: You focus on the crocodile egg.
2026-09-20 10:44:22 | INFO | tasks.scienceworld | Step 10 - Progress Rate: 1.0

2026-09-20 10:44:22 | FINISH | tasks.scienceworld | [1;33mExample 0 | Success: True , Progress Rate: 1.0 , Steps: 11
[0m
2026-09-20 10:44:22 | GOAL | tasks.scienceworld | [1;34mExample 1 | Goal: task_name: lifespan-longest-lived, var: 6, Your task is to find the animal with the longest life span.  The animals are in the 'outside' location.  Focus on the animal with the longest life span.[0m
2026-09-20 10:44:22 | INFO | scienceworld.scienceworld | Loading: lifespan-longest-lived (variation: 6) (simplifications: selfWateringFlowerPots,openContainers,openDoors,noElectricalAction)
2026-09-20 10:44:22 | INFO | tasks.scienceworld | Step 00 - Observation: This room is called the greenhouse. In it, you see: 
	the agent
	a substance called air
	a bee hive. The bee hive door is closed. 
	a jug (containing nothing)
	a shovel
	a sink, which is turned off. In the sink is: nothing.
You also see:
	A door to the hallway (that is open)
	A door to the outside (that is open)
In your inventory, you see:
	an orange

Warning: model not found. Using cl100k_base encoding.
2026-09-20 10:44:23 | INFO | tasks.scienceworld | Step 00 - Action: go to outside
2026-09-20 10:44:23 | INFO | tasks.scienceworld | Step 00 - Observation: You move to the outside.
2026-09-20 10:44:23 | INFO | tasks.scienceworld | Step 00 - Progress Rate: 0.5

Warning: model not found. Using cl100k_base encoding.
2026-09-20 10:44:24 | INFO | tasks.scienceworld | Step 01 - Action: look around
2026-09-20 10:44:24 | INFO | tasks.scienceworld | Step 01 - Observation: This outside location is called the outside. Here you see: 
	the agent
	a substance called air
	an axe
	a baby dragonfly
	a fire pit (containing nothing)
	a fountain (containing a substance called water)
	a giant tortoise egg
	the ground
	a baby wolf
	a substance called wood
You also see:
	A door to the foundry (that is open)
	A door to the greenhouse (that is open)
	A door to the kitchen (that is open)
2026-09-20 10:44:24 | INFO | tasks.scienceworld | Step 01 - Progress Rate: 0.5

Warning: model not found. Using cl100k_base encoding.
2026-09-20 10:44:25 | INFO | tasks.scienceworld | Step 02 - Action: look at baby dragonfly
2026-09-20 10:44:25 | INFO | tasks.scienceworld | Step 02 - Observation: a baby dragonfly
2026-09-20 10:44:25 | INFO | tasks.scienceworld | Step 02 - Progress Rate: 0.5

Warning: model not found. Using cl100k_base encoding.
2026-09-20 10:44:27 | INFO | tasks.scienceworld | Step 03 - Action: focus on baby dragonfly
2026-09-20 10:44:28 | INFO | tasks.scienceworld | Step 03 - Observation: You focus on the baby dragonfly.
2026-09-20 10:44:28 | INFO | tasks.scienceworld | Step 03 - Progress Rate: 0.5

Warning: model not found. Using cl100k_base encoding.
2026-09-20 10:44:30 | INFO | tasks.scienceworld | Step 04 - Action: look at baby wolf
2026-09-20 10:44:30 | INFO | tasks.scienceworld | Step 04 - Observation: a baby wolf
2026-09-20 10:44:30 | INFO | tasks.scienceworld | Step 04 - Progress Rate: 0.5

Warning: model not found. Using cl100k_base encoding.
2026-09-20 10:44:33 | INFO | tasks.scienceworld | Step 05 - Action: look at giant tortoise egg
2026-09-20 10:44:33 | INFO | tasks.scienceworld | Step 05 - Observation: a giant tortoise egg
2026-09-20 10:44:33 | INFO | tasks.scienceworld | Step 05 - Progress Rate: 0.5

Warning: model not found. Using cl100k_base encoding.
2026-09-20 10:44:36 | INFO | tasks.scienceworld | Step 06 - Action: focus on giant tortoise egg
2026-09-20 10:44:36 | INFO | tasks.scienceworld | Step 06 - Observation: You focus on the giant tortoise egg.
2026-09-20 10:44:36 | INFO | tasks.scienceworld | Step 06 - Progress Rate: 1.0

2026-09-20 10:44:36 | FINISH | tasks.scienceworld | [1;33mExample 1 | Success: True , Progress Rate: 1.0 , Steps: 7
[0m
2026-09-20 10:44:36 | GOAL | tasks.scienceworld | [1;34mExample 2 | Goal: task_name: lifespan-longest-lived, var: 7, Your task is to find the animal with the longest life span.  The animals are in the 'outside' location.  Focus on the animal with the longest life span.[0m
2026-09-20 10:44:36 | INFO | scienceworld.scienceworld | Loading: lifespan-longest-lived (variation: 7) (simplifications: selfWateringFlowerPots,openContainers,openDoors,noElectricalAction)
2026-09-20 10:44:36 | INFO | tasks.scienceworld | Step 00 - Observation: This room is called the hallway. In it, you see: 
	the agent
	a substance called air
	a drawing
You also see:
	A door to the art studio (that is open)
	A door to the bedroom (that is open)
	A door to the greenhouse (that is open)
	A door to the kitchen (that is open)
	A door to the living room (that is open)
	A door to the workshop (that is open)
In your inventory, you see:
	an orange

Warning: model not found. Using cl100k_base encoding.
2026-09-20 10:44:37 | INFO | tasks.scienceworld | Step 00 - Action: go to kitchen
2026-09-20 10:44:37 | INFO | tasks.scienceworld | Step 00 - Observation: You move to the kitchen.
2026-09-20 10:44:37 | INFO | tasks.scienceworld | Step 00 - Progress Rate: 0.0

Warning: model not found. Using cl100k_base encoding.
2026-09-20 10:44:39 | INFO | tasks.scienceworld | Step 01 - Action: go to outside
2026-09-20 10:44:39 | INFO | tasks.scienceworld | Step 01 - Observation: You move to the outside.
2026-09-20 10:44:39 | INFO | tasks.scienceworld | Step 01 - Progress Rate: 0.5

Warning: model not found. Using cl100k_base encoding.
2026-09-20 10:44:41 | INFO | tasks.scienceworld | Step 02 - Action: look around
2026-09-20 10:44:41 | INFO | tasks.scienceworld | Step 02 - Observation: This outside location is called the outside. Here you see: 
	the agent
	a substance called air
	an axe
	a chameleon egg
	a frog egg
	a crocodile egg
	a fire pit (containing nothing)
	a fountain (containing a substance called water)
	the ground
	a substance called wood
You also see:
	A door to the foundry (that is open)
	A door to the greenhouse (that is open)
	A door to the kitchen (that is open)
2026-09-20 10:44:41 | INFO | tasks.scienceworld | Step 02 - Progress Rate: 0.5

Warning: model not found. Using cl100k_base encoding.
2026-09-20 10:44:45 | INFO | tasks.scienceworld | Step 03 - Action: look at chameleon egg
2026-09-20 10:44:45 | INFO | tasks.scienceworld | Step 03 - Observation: a chameleon egg
2026-09-20 10:44:45 | INFO | tasks.scienceworld | Step 03 - Progress Rate: 0.5

Warning: model not found. Using cl100k_base encoding.
2026-09-20 10:44:47 | INFO | tasks.scienceworld | Step 04 - Action: look at frog egg
2026-09-20 10:44:47 | INFO | tasks.scienceworld | Step 04 - Observation: a frog egg
2026-09-20 10:44:47 | INFO | tasks.scienceworld | Step 04 - Progress Rate: 0.5

Warning: model not found. Using cl100k_base encoding.
2026-09-20 10:44:49 | INFO | tasks.scienceworld | Step 05 - Action: look at crocodile egg
2026-09-20 10:44:49 | INFO | tasks.scienceworld | Step 05 - Observation: a crocodile egg
2026-09-20 10:44:49 | INFO | tasks.scienceworld | Step 05 - Progress Rate: 0.5

Warning: model not found. Using cl100k_base encoding.
2026-09-20 10:44:57 | INFO | tasks.scienceworld | Step 06 - Action: focus on chameleon egg
2026-09-20 10:44:57 | INFO | tasks.scienceworld | Step 06 - Observation: You focus on the chameleon egg.
2026-09-20 10:44:57 | INFO | tasks.scienceworld | Step 06 - Progress Rate: 0.5

Warning: model not found. Using cl100k_base encoding.
2026-09-20 10:45:02 | INFO | tasks.scienceworld | Step 07 - Action: focus on crocodile egg
2026-09-20 10:45:02 | INFO | tasks.scienceworld | Step 07 - Observation: You focus on the crocodile egg.
2026-09-20 10:45:02 | INFO | tasks.scienceworld | Step 07 - Progress Rate: 1.0

2026-09-20 10:45:02 | FINISH | tasks.scienceworld | [1;33mExample 2 | Success: True , Progress Rate: 1.0 , Steps: 8
[0m
2026-09-20 10:45:02 | GOAL | tasks.scienceworld | [1;34mExample 3 | Goal: task_name: lifespan-longest-lived-then-shortest-lived, var: 5, Your task is to find the animal with the longest life span, then the shortest life span. Focus on the animal with the longest life span.  You also need to focus on the animal with the shortest life span. The animals are in the 'outside' location.[0m
2026-09-20 10:45:02 | INFO | scienceworld.scienceworld | Loading: lifespan-longest-lived-then-shortest-lived (variation: 5) (simplifications: selfWateringFlowerPots,openContainers,openDoors,noElectricalAction)
2026-09-20 10:45:02 | INFO | tasks.scienceworld | Step 00 - Observation: This room is called the workshop. In it, you see: 
	the agent
	a substance called air
	a table. On the table is: a battery, a black wire, a blue wire, a orange wire, a red light bulb, which is off, a switch, which is off, a violet light bulb, which is off, a yellow light bulb, which is off.
	a ultra low temperature freezer. The ultra low temperature freezer door is closed. 
You also see:
	A door to the hallway (that is open)
In your inventory, you see:
	an orange

Warning: model not found. Using cl100k_base encoding.
2026-09-20 10:45:03 | INFO | tasks.scienceworld | Step 00 - Action: go to hallway
2026-09-20 10:45:04 | INFO | tasks.scienceworld | Step 00 - Observation: You move to the hallway.
2026-09-20 10:45:04 | INFO | tasks.scienceworld | Step 00 - Progress Rate: 0.0

Warning: model not found. Using cl100k_base encoding.
2026-09-20 10:45:06 | INFO | tasks.scienceworld | Step 01 - Action: look around
2026-09-20 10:45:06 | INFO | tasks.scienceworld | Step 01 - Observation: This room is called the hallway. In it, you see: 
	the agent
	a substance called air
	a painting
You also see:
	A door to the art studio (that is open)
	A door to the bedroom (that is open)
	A door to the greenhouse (that is open)
	A door to the kitchen (that is open)
	A door to the living room (that is open)
	A door to the workshop (that is open)
2026-09-20 10:45:06 | INFO | tasks.scienceworld | Step 01 - Progress Rate: 0.0

Warning: model not found. Using cl100k_base encoding.
2026-09-20 10:45:07 | INFO | tasks.scienceworld | Step 02 - Action: go to kitchen
2026-09-20 10:45:07 | INFO | tasks.scienceworld | Step 02 - Observation: You move to the kitchen.
2026-09-20 10:45:07 | INFO | tasks.scienceworld | Step 02 - Progress Rate: 0.0

Warning: model not found. Using cl100k_base encoding.
2026-09-20 10:45:08 | INFO | tasks.scienceworld | Step 03 - Action: go to outside
2026-09-20 10:45:08 | INFO | tasks.scienceworld | Step 03 - Observation: You move to the outside.
2026-09-20 10:45:08 | INFO | tasks.scienceworld | Step 03 - Progress Rate: 0.3333333333333333

Warning: model not found. Using cl100k_base encoding.
2026-09-20 10:45:09 | INFO | tasks.scienceworld | Step 04 - Action: look around
2026-09-20 10:45:09 | INFO | tasks.scienceworld | Step 04 - Observation: This outside location is called the outside. Here you see: 
	the agent
	a substance called air
	an axe
	a crocodile egg
	a fire pit (containing nothing)
	a fountain (containing a substance called water)
	the ground
	a baby mouse
	a baby rabbit
	a substance called wood
You also see:
	A door to the foundry (that is open)
	A door to the greenhouse (that is open)
	A door to the kitchen (that is open)
2026-09-20 10:45:09 | INFO | tasks.scienceworld | Step 04 - Progress Rate: 0.3333333333333333

Warning: model not found. Using cl100k_base encoding.
2026-09-20 10:45:11 | INFO | tasks.scienceworld | Step 05 - Action: look at baby mouse
2026-09-20 10:45:11 | INFO | tasks.scienceworld | Step 05 - Observation: a baby mouse
2026-09-20 10:45:11 | INFO | tasks.scienceworld | Step 05 - Progress Rate: 0.3333333333333333

Warning: model not found. Using cl100k_base encoding.
2026-09-20 10:45:13 | INFO | tasks.scienceworld | Step 06 - Action: focus on baby mouse
2026-09-20 10:45:13 | INFO | tasks.scienceworld | Step 06 - Observation: You focus on the baby mouse.
2026-09-20 10:45:13 | INFO | tasks.scienceworld | Step 06 - Progress Rate: 0.6666666666666666

Warning: model not found. Using cl100k_base encoding.
2026-09-20 10:45:23 | INFO | tasks.scienceworld | Step 07 - Action: look at baby rabbit
2026-09-20 10:45:23 | INFO | tasks.scienceworld | Step 07 - Observation: a baby rabbit
2026-09-20 10:45:23 | INFO | tasks.scienceworld | Step 07 - Progress Rate: 0.6666666666666666

Warning: model not found. Using cl100k_base encoding.
2026-09-20 10:45:39 | INFO | tasks.scienceworld | Step 08 - Action: 
2026-09-20 10:45:39 | INFO | tasks.scienceworld | Step 08 - Observation: No known action matches that input.
2026-09-20 10:45:39 | INFO | tasks.scienceworld | Step 08 - Progress Rate: 0.6666666666666666

Warning: model not found. Using cl100k_base encoding.
2026-09-20 10:45:53 | INFO | tasks.scienceworld | Step 09 - Action: 
2026-09-20 10:45:53 | INFO | tasks.scienceworld | Step 09 - Observation: No known action matches that input.
2026-09-20 10:45:53 | INFO | tasks.scienceworld | Step 09 - Progress Rate: 0.6666666666666666

Warning: model not found. Using cl100k_base encoding.
2026-09-20 10:46:05 | INFO | tasks.scienceworld | Step 10 - Action: look around
2026-09-20 10:46:05 | INFO | tasks.scienceworld | Step 10 - Observation: This outside location is called the outside. Here you see: 
	the agent
	a substance called air
	an axe
	a crocodile egg
	a fire pit (containing nothing)
	a fountain (containing a substance called water)
	the ground
	a baby mouse
	a baby rabbit
	a substance called wood
You also see:
	A door to the foundry (that is open)
	A door to the greenhouse (that is open)
	A door to the kitchen (that is open)
2026-09-20 10:46:05 | INFO | tasks.scienceworld | Step 10 - Progress Rate: 0.6666666666666666

Warning: model not found. Using cl100k_base encoding.
2026-09-20 10:46:09 | INFO | tasks.scienceworld | Step 11 - Action: focus on baby rabbit
2026-09-20 10:46:09 | INFO | tasks.scienceworld | Step 11 - Observation: You focus on the baby rabbit.
2026-09-20 10:46:09 | INFO | tasks.scienceworld | Step 11 - Progress Rate: 0.6666666666666666

Warning: model not found. Using cl100k_base encoding.
2026-09-20 10:46:19 | INFO | tasks.scienceworld | Step 12 - Action: focus on baby rabbit
2026-09-20 10:46:19 | INFO | tasks.scienceworld | Step 12 - Observation: You focus on the baby rabbit.
2026-09-20 10:46:19 | INFO | tasks.scienceworld | Step 12 - Progress Rate: 0.6666666666666666

Warning: model not found. Using cl100k_base encoding.
2026-09-20 10:46:33 | INFO | tasks.scienceworld | Step 13 - Action: 
2026-09-20 10:46:33 | INFO | tasks.scienceworld | Step 13 - Observation: No known action matches that input.
2026-09-20 10:46:33 | INFO | tasks.scienceworld | Step 13 - Progress Rate: 0.6666666666666666

Warning: model not found. Using cl100k_base encoding.
2026-09-20 10:46:39 | INFO | tasks.scienceworld | Step 14 - Action: focus on baby rabbit
2026-09-20 10:46:39 | INFO | tasks.scienceworld | Step 14 - Observation: You focus on the baby rabbit.
2026-09-20 10:46:39 | INFO | tasks.scienceworld | Step 14 - Progress Rate: 0.6666666666666666

Warning: model not found. Using cl100k_base encoding.
2026-09-20 10:46:49 | INFO | tasks.scienceworld | Step 15 - Action: focus on baby rabbit
2026-09-20 10:46:49 | INFO | tasks.scienceworld | Step 15 - Observation: You focus on the baby rabbit.
2026-09-20 10:46:49 | INFO | tasks.scienceworld | Step 15 - Progress Rate: 0.6666666666666666

Warning: model not found. Using cl100k_base encoding.
2026-09-20 10:47:05 | INFO | tasks.scienceworld | Step 16 - Action: 
2026-09-20 10:47:05 | INFO | tasks.scienceworld | Step 16 - Observation: No known action matches that input.
2026-09-20 10:47:05 | INFO | tasks.scienceworld | Step 16 - Progress Rate: 0.6666666666666666

Warning: model not found. Using cl100k_base encoding.
2026-09-20 10:47:12 | INFO | tasks.scienceworld | Step 17 - Action: look at crocodile egg
2026-09-20 10:47:12 | INFO | tasks.scienceworld | Step 17 - Observation: a crocodile egg
2026-09-20 10:47:12 | INFO | tasks.scienceworld | Step 17 - Progress Rate: 0.6666666666666666

Warning: model not found. Using cl100k_base encoding.
2026-09-20 10:47:21 | INFO | tasks.scienceworld | Step 18 - Action: check valid actions
2026-09-20 10:47:21 | INFO | tasks.scienceworld | Step 18 - Observation: Choose an action from these valid actions: activate OBJ, close OBJ, deactivate OBJ, dunk OBJ in OBJ, eat OBJ, flush OBJ, focus on OBJ, go OBJ, inventory, look around, look at OBJ, look in OBJ, mix OBJ, move OBJ to OBJ, open OBJ, pick up OBJ, pour OBJ in OBJ, put down OBJ, read OBJ, task, use OBJ on OBJ, wait, wait1, check valid actions
2026-09-20 10:47:21 | INFO | tasks.scienceworld | Step 18 - Progress Rate: 0.6666666666666666

Warning: model not found. Using cl100k_base encoding.
2026-09-20 10:47:36 | INFO | tasks.scienceworld | Step 19 - Action: 
2026-09-20 10:47:36 | INFO | tasks.scienceworld | Step 19 - Observation: No known action matches that input.
2026-09-20 10:47:36 | INFO | tasks.scienceworld | Step 19 - Progress Rate: 0.6666666666666666

Warning: model not found. Using cl100k_base encoding.
2026-09-20 10:47:45 | INFO | tasks.scienceworld | Step 20 - Action: focus on baby rabbit
2026-09-20 10:47:45 | INFO | tasks.scienceworld | Step 20 - Observation: You focus on the baby rabbit.
2026-09-20 10:47:45 | INFO | tasks.scienceworld | Step 20 - Progress Rate: 0.6666666666666666

Warning: model not found. Using cl100k_base encoding.
2026-09-20 10:47:52 | INFO | tasks.scienceworld | Step 21 - Action: focus on baby rabbit
2026-09-20 10:47:52 | INFO | tasks.scienceworld | Step 21 - Observation: You focus on the baby rabbit.
2026-09-20 10:47:52 | INFO | tasks.scienceworld | Step 21 - Progress Rate: 0.6666666666666666

Warning: model not found. Using cl100k_base encoding.
2026-09-20 10:48:07 | INFO | tasks.scienceworld | Step 22 - Action: 
2026-09-20 10:48:07 | INFO | tasks.scienceworld | Step 22 - Observation: No known action matches that input.
2026-09-20 10:48:07 | INFO | tasks.scienceworld | Step 22 - Progress Rate: 0.6666666666666666

Warning: model not found. Using cl100k_base encoding.
2026-09-20 10:48:21 | INFO | tasks.scienceworld | Step 23 - Action: 
2026-09-20 10:48:21 | INFO | tasks.scienceworld | Step 23 - Observation: No known action matches that input.
2026-09-20 10:48:21 | INFO | tasks.scienceworld | Step 23 - Progress Rate: 0.6666666666666666

Warning: model not found. Using cl100k_base encoding.
2026-09-20 10:48:33 | INFO | tasks.scienceworld | Step 24 - Action: focus on baby rabbit
2026-09-20 10:48:33 | INFO | tasks.scienceworld | Step 24 - Observation: You focus on the baby rabbit.
2026-09-20 10:48:33 | INFO | tasks.scienceworld | Step 24 - Progress Rate: 0.6666666666666666

Warning: model not found. Using cl100k_base encoding.
2026-09-20 10:48:48 | INFO | tasks.scienceworld | Step 25 - Action: 
2026-09-20 10:48:48 | INFO | tasks.scienceworld | Step 25 - Observation: No known action matches that input.
2026-09-20 10:48:48 | INFO | tasks.scienceworld | Step 25 - Progress Rate: 0.6666666666666666

Warning: model not found. Using cl100k_base encoding.
2026-09-20 10:49:03 | INFO | tasks.scienceworld | Step 26 - Action: 
2026-09-20 10:49:03 | INFO | tasks.scienceworld | Step 26 - Observation: No known action matches that input.
2026-09-20 10:49:03 | INFO | tasks.scienceworld | Step 26 - Progress Rate: 0.6666666666666666

Warning: model not found. Using cl100k_base encoding.
2026-09-20 10:49:18 | INFO | tasks.scienceworld | Step 27 - Action: 
2026-09-20 10:49:18 | INFO | tasks.scienceworld | Step 27 - Observation: No known action matches that input.
2026-09-20 10:49:18 | INFO | tasks.scienceworld | Step 27 - Progress Rate: 0.6666666666666666

Warning: model not found. Using cl100k_base encoding.
2026-09-20 10:49:33 | INFO | tasks.scienceworld | Step 28 - Action: 
2026-09-20 10:49:33 | INFO | tasks.scienceworld | Step 28 - Observation: No known action matches that input.
2026-09-20 10:49:33 | INFO | tasks.scienceworld | Step 28 - Progress Rate: 0.6666666666666666

Warning: model not found. Using cl100k_base encoding.
2026-09-20 10:49:49 | INFO | tasks.scienceworld | Step 29 - Action: 
2026-09-20 10:49:49 | INFO | tasks.scienceworld | Step 29 - Observation: No known action matches that input.
2026-09-20 10:49:49 | INFO | tasks.scienceworld | Step 29 - Progress Rate: 0.6666666666666666

2026-09-20 10:49:49 | FINISH | tasks.scienceworld | [1;33mExample 3 | Success: False , Progress Rate: 0.6666666666666666 , Steps: 30
[0m
2026-09-20 10:49:49 | GOAL | tasks.scienceworld | [1;34mExample 4 | Goal: task_name: lifespan-longest-lived-then-shortest-lived, var: 6, Your task is to find the animal with the longest life span, then the shortest life span. Focus on the animal with the longest life span.  You also need to focus on the animal with the shortest life span. The animals are in the 'outside' location.[0m
2026-09-20 10:49:49 | INFO | scienceworld.scienceworld | Loading: lifespan-longest-lived-then-shortest-lived (variation: 6) (simplifications: selfWateringFlowerPots,openContainers,openDoors,noElectricalAction)
2026-09-20 10:49:49 | INFO | tasks.scienceworld | Step 00 - Observation: This room is called the greenhouse. In it, you see: 
	the agent
	a substance called air
	a bee hive. The bee hive door is closed. 
	a jug (containing nothing)
	a shovel
	a sink, which is turned off. In the sink is: nothing.
You also see:
	A door to the hallway (that is open)
	A door to the outside (that is open)
In your inventory, you see:
	an orange

Warning: model not found. Using cl100k_base encoding.
2026-09-20 10:49:50 | INFO | tasks.scienceworld | Step 00 - Action: go to outside
2026-09-20 10:49:50 | INFO | tasks.scienceworld | Step 00 - Observation: You move to the outside.
2026-09-20 10:49:50 | INFO | tasks.scienceworld | Step 00 - Progress Rate: 0.3333333333333333

Warning: model not found. Using cl100k_base encoding.
2026-09-20 10:49:51 | INFO | tasks.scienceworld | Step 01 - Action: look around
2026-09-20 10:49:51 | INFO | tasks.scienceworld | Step 01 - Observation: This outside location is called the outside. Here you see: 
	the agent
	a substance called air
	an axe
	a baby dragonfly
	a fire pit (containing nothing)
	a fountain (containing a substance called water)
	a giant tortoise egg
	the ground
	a baby wolf
	a substance called wood
You also see:
	A door to the foundry (that is open)
	A door to the greenhouse (that is open)
	A door to the kitchen (that is open)
2026-09-20 10:49:51 | INFO | tasks.scienceworld | Step 01 - Progress Rate: 0.3333333333333333

Warning: model not found. Using cl100k_base encoding.
2026-09-20 10:49:52 | INFO | tasks.scienceworld | Step 02 - Action: focus on baby dragonfly
2026-09-20 10:49:52 | INFO | tasks.scienceworld | Step 02 - Observation: You focus on the baby dragonfly.
2026-09-20 10:49:52 | INFO | tasks.scienceworld | Step 02 - Progress Rate: 0.6666666666666666

Warning: model not found. Using cl100k_base encoding.
2026-09-20 10:49:54 | INFO | tasks.scienceworld | Step 03 - Action: look at baby dragonfly
2026-09-20 10:49:54 | INFO | tasks.scienceworld | Step 03 - Observation: a baby dragonfly
2026-09-20 10:49:54 | INFO | tasks.scienceworld | Step 03 - Progress Rate: 0.6666666666666666

Warning: model not found. Using cl100k_base encoding.
2026-09-20 10:50:10 | INFO | tasks.scienceworld | Step 04 - Action: 
2026-09-20 10:50:10 | INFO | tasks.scienceworld | Step 04 - Observation: No known action matches that input.
2026-09-20 10:50:10 | INFO | tasks.scienceworld | Step 04 - Progress Rate: 0.6666666666666666

Warning: model not found. Using cl100k_base encoding.
2026-09-20 10:50:12 | INFO | tasks.scienceworld | Step 05 - Action: focus on baby wolf
2026-09-20 10:50:12 | INFO | tasks.scienceworld | Step 05 - Observation: You focus on the baby wolf.
2026-09-20 10:50:12 | INFO | tasks.scienceworld | Step 05 - Progress Rate: 0.6666666666666666

Warning: model not found. Using cl100k_base encoding.
2026-09-20 10:50:21 | INFO | tasks.scienceworld | Step 06 - Action: look at baby wolf
2026-09-20 10:50:21 | INFO | tasks.scienceworld | Step 06 - Observation: a baby wolf
2026-09-20 10:50:21 | INFO | tasks.scienceworld | Step 06 - Progress Rate: 0.6666666666666666

Warning: model not found. Using cl100k_base encoding.
2026-09-20 10:50:29 | INFO | tasks.scienceworld | Step 07 - Action: look at giant tortoise egg
2026-09-20 10:50:29 | INFO | tasks.scienceworld | Step 07 - Observation: a giant tortoise egg
2026-09-20 10:50:29 | INFO | tasks.scienceworld | Step 07 - Progress Rate: 0.6666666666666666

Warning: model not found. Using cl100k_base encoding.
2026-09-20 10:50:44 | INFO | tasks.scienceworld | Step 08 - Action: 
2026-09-20 10:50:44 | INFO | tasks.scienceworld | Step 08 - Observation: No known action matches that input.
2026-09-20 10:50:44 | INFO | tasks.scienceworld | Step 08 - Progress Rate: 0.6666666666666666

Warning: model not found. Using cl100k_base encoding.
2026-09-20 10:50:48 | INFO | tasks.scienceworld | Step 09 - Action: focus on giant tortoise egg
2026-09-20 10:50:48 | INFO | tasks.scienceworld | Step 09 - Observation: You focus on the giant tortoise egg.
2026-09-20 10:50:48 | INFO | tasks.scienceworld | Step 09 - Progress Rate: 1.0

2026-09-20 10:50:48 | FINISH | tasks.scienceworld | [1;33mExample 4 | Success: True , Progress Rate: 1.0 , Steps: 10
[0m
2026-09-20 10:50:48 | GOAL | tasks.scienceworld | [1;34mExample 5 | Goal: task_name: lifespan-longest-lived-then-shortest-lived, var: 7, Your task is to find the animal with the longest life span, then the shortest life span. Focus on the animal with the longest life span.  You also need to focus on the animal with the shortest life span. The animals are in the 'outside' location.[0m
2026-09-20 10:50:48 | INFO | scienceworld.scienceworld | Loading: lifespan-longest-lived-then-shortest-lived (variation: 7) (simplifications: selfWateringFlowerPots,openContainers,openDoors,noElectricalAction)
2026-09-20 10:50:48 | INFO | tasks.scienceworld | Step 00 - Observation: This room is called the hallway. In it, you see: 
	the agent
	a substance called air
	a drawing
You also see:
	A door to the art studio (that is open)
	A door to the bedroom (that is open)
	A door to the greenhouse (that is open)
	A door to the kitchen (that is open)
	A door to the living room (that is open)
	A door to the workshop (that is open)
In your inventory, you see:
	an orange

Warning: model not found. Using cl100k_base encoding.
2026-09-20 10:50:50 | INFO | tasks.scienceworld | Step 00 - Action: go to kitchen
2026-09-20 10:50:50 | INFO | tasks.scienceworld | Step 00 - Observation: You move to the kitchen.
2026-09-20 10:50:50 | INFO | tasks.scienceworld | Step 00 - Progress Rate: 0.0

Warning: model not found. Using cl100k_base encoding.
2026-09-20 10:50:52 | INFO | tasks.scienceworld | Step 01 - Action: go to outside
2026-09-20 10:50:52 | INFO | tasks.scienceworld | Step 01 - Observation: You move to the outside.
2026-09-20 10:50:52 | INFO | tasks.scienceworld | Step 01 - Progress Rate: 0.3333333333333333

Warning: model not found. Using cl100k_base encoding.
2026-09-20 10:50:53 | INFO | tasks.scienceworld | Step 02 - Action: look around
2026-09-20 10:50:53 | INFO | tasks.scienceworld | Step 02 - Observation: This outside location is called the outside. Here you see: 
	the agent
	a substance called air
	an axe
	a chameleon egg
	a frog egg
	a crocodile egg
	a fire pit (containing nothing)
	a fountain (containing a substance called water)
	the ground
	a substance called wood
You also see:
	A door to the foundry (that is open)
	A door to the greenhouse (that is open)
	A door to the kitchen (that is open)
2026-09-20 10:50:53 | INFO | tasks.scienceworld | Step 02 - Progress Rate: 0.3333333333333333

Warning: model not found. Using cl100k_base encoding.
2026-09-20 10:50:54 | INFO | tasks.scienceworld | Step 03 - Action: look at chameleon egg
2026-09-20 10:50:54 | INFO | tasks.scienceworld | Step 03 - Observation: a chameleon egg
2026-09-20 10:50:54 | INFO | tasks.scienceworld | Step 03 - Progress Rate: 0.3333333333333333

Warning: model not found. Using cl100k_base encoding.
2026-09-20 10:50:56 | INFO | tasks.scienceworld | Step 04 - Action: focus on chameleon egg
2026-09-20 10:50:56 | INFO | tasks.scienceworld | Step 04 - Observation: You focus on the chameleon egg.
2026-09-20 10:50:56 | INFO | tasks.scienceworld | Step 04 - Progress Rate: 0.6666666666666666

Warning: model not found. Using cl100k_base encoding.
2026-09-20 10:51:08 | INFO | tasks.scienceworld | Step 05 - Action: focus on frog egg
2026-09-20 10:51:08 | INFO | tasks.scienceworld | Step 05 - Observation: You focus on the frog egg.
2026-09-20 10:51:08 | INFO | tasks.scienceworld | Step 05 - Progress Rate: 0.6666666666666666

Warning: model not found. Using cl100k_base encoding.
2026-09-20 10:51:24 | INFO | tasks.scienceworld | Step 06 - Action: 
2026-09-20 10:51:24 | INFO | tasks.scienceworld | Step 06 - Observation: No known action matches that input.
2026-09-20 10:51:24 | INFO | tasks.scienceworld | Step 06 - Progress Rate: 0.6666666666666666

Warning: model not found. Using cl100k_base encoding.
2026-09-20 10:51:29 | INFO | tasks.scienceworld | Step 07 - Action: check valid actions
2026-09-20 10:51:29 | INFO | tasks.scienceworld | Step 07 - Observation: Choose an action from these valid actions: activate OBJ, close OBJ, deactivate OBJ, dunk OBJ in OBJ, eat OBJ, flush OBJ, focus on OBJ, go OBJ, inventory, look around, look at OBJ, look in OBJ, mix OBJ, move OBJ to OBJ, open OBJ, pick up OBJ, pour OBJ in OBJ, put down OBJ, read OBJ, task, use OBJ on OBJ, wait, wait1, check valid actions
2026-09-20 10:51:29 | INFO | tasks.scienceworld | Step 07 - Progress Rate: 0.6666666666666666

Warning: model not found. Using cl100k_base encoding.
2026-09-20 10:51:45 | INFO | tasks.scienceworld | Step 08 - Action: 
2026-09-20 10:51:45 | INFO | tasks.scienceworld | Step 08 - Observation: No known action matches that input.
2026-09-20 10:51:45 | INFO | tasks.scienceworld | Step 08 - Progress Rate: 0.6666666666666666

Warning: model not found. Using cl100k_base encoding.
2026-09-20 10:51:47 | INFO | tasks.scienceworld | Step 09 - Action: look at crocodile egg
2026-09-20 10:51:47 | INFO | tasks.scienceworld | Step 09 - Observation: a crocodile egg
2026-09-20 10:51:47 | INFO | tasks.scienceworld | Step 09 - Progress Rate: 0.6666666666666666

Warning: model not found. Using cl100k_base encoding.
2026-09-20 10:52:02 | INFO | tasks.scienceworld | Step 10 - Action: 
2026-09-20 10:52:02 | INFO | tasks.scienceworld | Step 10 - Observation: No known action matches that input.
2026-09-20 10:52:02 | INFO | tasks.scienceworld | Step 10 - Progress Rate: 0.6666666666666666

Warning: model not found. Using cl100k_base encoding.
2026-09-20 10:52:17 | INFO | tasks.scienceworld | Step 11 - Action: 
2026-09-20 10:52:17 | INFO | tasks.scienceworld | Step 11 - Observation: No known action matches that input.
2026-09-20 10:52:17 | INFO | tasks.scienceworld | Step 11 - Progress Rate: 0.6666666666666666

Warning: model not found. Using cl100k_base encoding.
2026-09-20 10:52:33 | INFO | tasks.scienceworld | Step 12 - Action: 
2026-09-20 10:52:33 | INFO | tasks.scienceworld | Step 12 - Observation: No known action matches that input.
2026-09-20 10:52:33 | INFO | tasks.scienceworld | Step 12 - Progress Rate: 0.6666666666666666

Warning: model not found. Using cl100k_base encoding.
2026-09-20 10:52:48 | INFO | tasks.scienceworld | Step 13 - Action: 
2026-09-20 10:52:48 | INFO | tasks.scienceworld | Step 13 - Observation: No known action matches that input.
2026-09-20 10:52:48 | INFO | tasks.scienceworld | Step 13 - Progress Rate: 0.6666666666666666

Warning: model not found. Using cl100k_base encoding.
2026-09-20 10:53:04 | INFO | tasks.scienceworld | Step 14 - Action: 
2026-09-20 10:53:04 | INFO | tasks.scienceworld | Step 14 - Observation: No known action matches that input.
2026-09-20 10:53:04 | INFO | tasks.scienceworld | Step 14 - Progress Rate: 0.6666666666666666

Warning: model not found. Using cl100k_base encoding.
2026-09-20 10:53:08 | INFO | tasks.scienceworld | Step 15 - Action: focus on crocodile egg
2026-09-20 10:53:08 | INFO | tasks.scienceworld | Step 15 - Observation: You focus on the crocodile egg.
2026-09-20 10:53:08 | INFO | tasks.scienceworld | Step 15 - Progress Rate: 1.0

2026-09-20 10:53:08 | FINISH | tasks.scienceworld | [1;33mExample 5 | Success: True , Progress Rate: 1.0 , Steps: 16
[0m
2026-09-20 10:53:08 | GOAL | tasks.scienceworld | [1;34mExample 6 | Goal: task_name: lifespan-shortest-lived, var: 5, Your task is to find the animal with the shortest life span.  The animals are in the 'outside' location.  Focus on the animal with the shortest life span.[0m
2026-09-20 10:53:08 | INFO | scienceworld.scienceworld | Loading: lifespan-shortest-lived (variation: 5) (simplifications: selfWateringFlowerPots,openContainers,openDoors,noElectricalAction)
2026-09-20 10:53:08 | INFO | tasks.scienceworld | Step 00 - Observation: This room is called the workshop. In it, you see: 
	the agent
	a substance called air
	a table. On the table is: a battery, a black wire, a blue wire, a orange wire, a red light bulb, which is off, a switch, which is off, a violet light bulb, which is off, a yellow light bulb, which is off.
	a ultra low temperature freezer. The ultra low temperature freezer door is closed. 
You also see:
	A door to the hallway (that is open)
In your inventory, you see:
	an orange

Warning: model not found. Using cl100k_base encoding.
2026-09-20 10:53:09 | INFO | tasks.scienceworld | Step 00 - Action: go to hallway
2026-09-20 10:53:09 | INFO | tasks.scienceworld | Step 00 - Observation: You move to the hallway.
2026-09-20 10:53:09 | INFO | tasks.scienceworld | Step 00 - Progress Rate: 0.0

Warning: model not found. Using cl100k_base encoding.
2026-09-20 10:53:10 | INFO | tasks.scienceworld | Step 01 - Action: go to outside
2026-09-20 10:53:10 | INFO | tasks.scienceworld | Step 01 - Observation: No known action matches that input.
2026-09-20 10:53:10 | INFO | tasks.scienceworld | Step 01 - Progress Rate: 0.0

Warning: model not found. Using cl100k_base encoding.
2026-09-20 10:53:12 | INFO | tasks.scienceworld | Step 02 - Action: look around
2026-09-20 10:53:12 | INFO | tasks.scienceworld | Step 02 - Observation: This room is called the hallway. In it, you see: 
	the agent
	a substance called air
	a painting
You also see:
	A door to the art studio (that is open)
	A door to the bedroom (that is open)
	A door to the greenhouse (that is open)
	A door to the kitchen (that is open)
	A door to the living room (that is open)
	A door to the workshop (that is open)
2026-09-20 10:53:12 | INFO | tasks.scienceworld | Step 02 - Progress Rate: 0.0

Warning: model not found. Using cl100k_base encoding.
2026-09-20 10:53:13 | INFO | tasks.scienceworld | Step 03 - Action: go to kitchen
2026-09-20 10:53:13 | INFO | tasks.scienceworld | Step 03 - Observation: You move to the kitchen.
2026-09-20 10:53:13 | INFO | tasks.scienceworld | Step 03 - Progress Rate: 0.0

Warning: model not found. Using cl100k_base encoding.
2026-09-20 10:53:14 | INFO | tasks.scienceworld | Step 04 - Action: go to outside
2026-09-20 10:53:15 | INFO | tasks.scienceworld | Step 04 - Observation: You move to the outside.
2026-09-20 10:53:15 | INFO | tasks.scienceworld | Step 04 - Progress Rate: 0.5

Warning: model not found. Using cl100k_base encoding.
2026-09-20 10:53:15 | INFO | tasks.scienceworld | Step 05 - Action: look around
2026-09-20 10:53:15 | INFO | tasks.scienceworld | Step 05 - Observation: This outside location is called the outside. Here you see: 
	the agent
	a substance called air
	an axe
	a crocodile egg
	a fire pit (containing nothing)
	a fountain (containing a substance called water)
	the ground
	a baby mouse
	a baby rabbit
	a substance called wood
You also see:
	A door to the foundry (that is open)
	A door to the greenhouse (that is open)
	A door to the kitchen (that is open)
2026-09-20 10:53:15 | INFO | tasks.scienceworld | Step 05 - Progress Rate: 0.5

Warning: model not found. Using cl100k_base encoding.
2026-09-20 10:53:17 | INFO | tasks.scienceworld | Step 06 - Action: focus on baby mouse
2026-09-20 10:53:18 | INFO | tasks.scienceworld | Step 06 - Observation: You focus on the baby mouse.
2026-09-20 10:53:18 | INFO | tasks.scienceworld | Step 06 - Progress Rate: 1.0

2026-09-20 10:53:18 | FINISH | tasks.scienceworld | [1;33mExample 6 | Success: True , Progress Rate: 1.0 , Steps: 7
[0m
2026-09-20 10:53:18 | GOAL | tasks.scienceworld | [1;34mExample 7 | Goal: task_name: lifespan-shortest-lived, var: 6, Your task is to find the animal with the shortest life span.  The animals are in the 'outside' location.  Focus on the animal with the shortest life span.[0m
2026-09-20 10:53:18 | INFO | scienceworld.scienceworld | Loading: lifespan-shortest-lived (variation: 6) (simplifications: selfWateringFlowerPots,openContainers,openDoors,noElectricalAction)
2026-09-20 10:53:18 | INFO | tasks.scienceworld | Step 00 - Observation: This room is called the greenhouse. In it, you see: 
	the agent
	a substance called air
	a bee hive. The bee hive door is closed. 
	a jug (containing nothing)
	a shovel
	a sink, which is turned off. In the sink is: nothing.
You also see:
	A door to the hallway (that is open)
	A door to the outside (that is open)
In your inventory, you see:
	an orange

Warning: model not found. Using cl100k_base encoding.
2026-09-20 10:53:18 | INFO | tasks.scienceworld | Step 00 - Action: go to outside
2026-09-20 10:53:19 | INFO | tasks.scienceworld | Step 00 - Observation: You move to the outside.
2026-09-20 10:53:19 | INFO | tasks.scienceworld | Step 00 - Progress Rate: 0.5

Warning: model not found. Using cl100k_base encoding.
2026-09-20 10:53:19 | INFO | tasks.scienceworld | Step 01 - Action: look around
2026-09-20 10:53:20 | INFO | tasks.scienceworld | Step 01 - Observation: This outside location is called the outside. Here you see: 
	the agent
	a substance called air
	an axe
	a baby dragonfly
	a fire pit (containing nothing)
	a fountain (containing a substance called water)
	a giant tortoise egg
	the ground
	a baby wolf
	a substance called wood
You also see:
	A door to the foundry (that is open)
	A door to the greenhouse (that is open)
	A door to the kitchen (that is open)
2026-09-20 10:53:20 | INFO | tasks.scienceworld | Step 01 - Progress Rate: 0.5

Warning: model not found. Using cl100k_base encoding.
2026-09-20 10:53:21 | INFO | tasks.scienceworld | Step 02 - Action: focus on baby dragonfly
2026-09-20 10:53:21 | INFO | tasks.scienceworld | Step 02 - Observation: You focus on the baby dragonfly.
2026-09-20 10:53:21 | INFO | tasks.scienceworld | Step 02 - Progress Rate: 1.0

2026-09-20 10:53:21 | FINISH | tasks.scienceworld | [1;33mExample 7 | Success: True , Progress Rate: 1.0 , Steps: 3
[0m
2026-09-20 10:53:21 | GOAL | tasks.scienceworld | [1;34mExample 8 | Goal: task_name: lifespan-shortest-lived, var: 7, Your task is to find the animal with the shortest life span.  The animals are in the 'outside' location.  Focus on the animal with the shortest life span.[0m
2026-09-20 10:53:21 | INFO | scienceworld.scienceworld | Loading: lifespan-shortest-lived (variation: 7) (simplifications: selfWateringFlowerPots,openContainers,openDoors,noElectricalAction)
2026-09-20 10:53:21 | INFO | tasks.scienceworld | Step 00 - Observation: This room is called the hallway. In it, you see: 
	the agent
	a substance called air
	a drawing
You also see:
	A door to the art studio (that is open)
	A door to the bedroom (that is open)
	A door to the greenhouse (that is open)
	A door to the kitchen (that is open)
	A door to the living room (that is open)
	A door to the workshop (that is open)
In your inventory, you see:
	an orange

Warning: model not found. Using cl100k_base encoding.
2026-09-20 10:53:22 | INFO | tasks.scienceworld | Step 00 - Action: go to kitchen
2026-09-20 10:53:22 | INFO | tasks.scienceworld | Step 00 - Observation: You move to the kitchen.
2026-09-20 10:53:22 | INFO | tasks.scienceworld | Step 00 - Progress Rate: 0.0

Warning: model not found. Using cl100k_base encoding.
2026-09-20 10:53:24 | INFO | tasks.scienceworld | Step 01 - Action: go to kitchen
2026-09-20 10:53:24 | INFO | tasks.scienceworld | Step 01 - Observation: It's not clear how to get there from here.
2026-09-20 10:53:24 | INFO | tasks.scienceworld | Step 01 - Progress Rate: 0.0

Warning: model not found. Using cl100k_base encoding.
2026-09-20 10:53:25 | INFO | tasks.scienceworld | Step 02 - Action: look around
2026-09-20 10:53:25 | INFO | tasks.scienceworld | Step 02 - Observation: This room is called the kitchen. In it, you see: 
	the agent
	a substance called air
	a chair. On the chair is: nothing.
	a counter. On the counter is: a bowl (containing a red apple, a banana, an orange, a potato), a drawer.
	a cupboard. The cupboard door is closed. 
	a freezer. The freezer door is closed. 
	a fridge. The fridge door is closed. 
	a glass jar (containing a substance called sodium chloride)
	a lighter
	a oven, which is turned off. The oven door is closed. 
	a painting
	a sink, which is turned off. In the sink is: nothing.
	a substance called soap
	a stopwatch, which is deactivated. 
	a stove, which is turned off. On the stove is: nothing.
	a table. On the table is: a glass cup (containing nothing).
	a thermometer, currently reading a temperature of 10 degrees celsius
You also see:
	A door to the bathroom (that is open)
	A door to the hallway (that is open)
	A door to the outside (that is open)
2026-09-20 10:53:25 | INFO | tasks.scienceworld | Step 02 - Progress Rate: 0.0

Warning: model not found. Using cl100k_base encoding.
2026-09-20 10:53:26 | INFO | tasks.scienceworld | Step 03 - Action: go to outside
2026-09-20 10:53:26 | INFO | tasks.scienceworld | Step 03 - Observation: You move to the outside.
2026-09-20 10:53:26 | INFO | tasks.scienceworld | Step 03 - Progress Rate: 0.5

Warning: model not found. Using cl100k_base encoding.
2026-09-20 10:53:27 | INFO | tasks.scienceworld | Step 04 - Action: look around
2026-09-20 10:53:27 | INFO | tasks.scienceworld | Step 04 - Observation: This outside location is called the outside. Here you see: 
	the agent
	a substance called air
	an axe
	a chameleon egg
	a frog egg
	a crocodile egg
	a fire pit (containing nothing)
	a fountain (containing a substance called water)
	the ground
	a substance called wood
You also see:
	A door to the foundry (that is open)
	A door to the greenhouse (that is open)
	A door to the kitchen (that is open)
2026-09-20 10:53:27 | INFO | tasks.scienceworld | Step 04 - Progress Rate: 0.5

Warning: model not found. Using cl100k_base encoding.
2026-09-20 10:53:29 | INFO | tasks.scienceworld | Step 05 - Action: focus on chameleon egg
2026-09-20 10:53:29 | INFO | tasks.scienceworld | Step 05 - Observation: You focus on the chameleon egg.
2026-09-20 10:53:29 | INFO | tasks.scienceworld | Step 05 - Progress Rate: 1.0

2026-09-20 10:53:29 | FINISH | tasks.scienceworld | [1;33mExample 8 | Success: True , Progress Rate: 1.0 , Steps: 6
[0m
2026-09-20 10:53:29 | GOAL | tasks.scienceworld | [1;34mExample 9 | Goal: task_name: measure-melting-point-known-substance, var: 5, Your task is to measure the melting point of gallium, which is located around the kitchen. The objects you can use are thermometer, fridge, metal pot, stove. You should pick up a thermometer in the kitchen. After you melt the gallium, you should use thermometer to measure the temperature of it. If the melting point of gallium is above 150.0 degrees celsius, focus on the blue box. If the melting point of gallium is below 150.0 degrees celsius, focus on the orange box. The boxes are located around the kitchen.[0m
2026-09-20 10:53:29 | INFO | scienceworld.scienceworld | Loading: measure-melting-point-known-substance (variation: 5) (simplifications: selfWateringFlowerPots,openContainers,openDoors,noElectricalAction)
2026-09-20 10:53:29 | INFO | tasks.scienceworld | Step 00 - Observation: This room is called the workshop. In it, you see: 
	the agent
	a substance called air
	a table. On the table is: a battery, a black wire, a blue wire, a orange wire, a red light bulb, which is off, a switch, which is off, a violet light bulb, which is off, a yellow light bulb, which is off.
	a ultra low temperature freezer. The ultra low temperature freezer door is closed. 
You also see:
	A door to the hallway (that is open)
In your inventory, you see:
	an orange

Warning: model not found. Using cl100k_base encoding.
2026-09-20 10:53:30 | INFO | tasks.scienceworld | Step 00 - Action: go to hallway
2026-09-20 10:53:30 | INFO | tasks.scienceworld | Step 00 - Observation: You move to the hallway.
2026-09-20 10:53:30 | INFO | tasks.scienceworld | Step 00 - Progress Rate: 0.0

Warning: model not found. Using cl100k_base encoding.
2026-09-20 10:53:32 | INFO | tasks.scienceworld | Step 01 - Action: go to kitchen
2026-09-20 10:53:32 | INFO | tasks.scienceworld | Step 01 - Observation: You move to the kitchen.
2026-09-20 10:53:32 | INFO | tasks.scienceworld | Step 01 - Progress Rate: 0.14285714285714285

Warning: model not found. Using cl100k_base encoding.
2026-09-20 10:53:34 | INFO | tasks.scienceworld | Step 02 - Action: look around
2026-09-20 10:53:34 | INFO | tasks.scienceworld | Step 02 - Observation: This room is called the kitchen. In it, you see: 
	the agent
	a substance called air
	a blue box (containing nothing)
	a chair. On the chair is: nothing.
	a counter. On the counter is: a bowl (containing a red apple, a banana, an orange, a potato), a drawer.
	a cupboard. The cupboard door is closed. 
	a freezer. The freezer door is closed. 
	a fridge. The fridge door is closed. 
	a glass jar (containing a substance called sodium chloride)
	a jug (containing a substance called gallium)
	a lighter
	a orange box (containing nothing)
	a oven, which is turned off. The oven door is closed. 
	a painting
	a sink, which is turned off. In the sink is: nothing.
	a substance called soap
	a stopwatch, which is deactivated. 
	a stove, which is turned off. On the stove is: nothing.
	a table. On the table is: a glass cup (containing nothing).
	a thermometer, currently reading a temperature of 10 degrees celsius
You also see:
	A door to the bathroom (that is open)
	A door to the hallway (that is open)
	A door to the outside (that is open)
2026-09-20 10:53:34 | INFO | tasks.scienceworld | Step 02 - Progress Rate: 0.14285714285714285

Warning: model not found. Using cl100k_base encoding.
2026-09-20 10:53:36 | INFO | tasks.scienceworld | Step 03 - Action: pick up thermometer
2026-09-20 10:53:36 | INFO | tasks.scienceworld | Step 03 - Observation: You move the thermometer to the inventory.
2026-09-20 10:53:36 | INFO | tasks.scienceworld | Step 03 - Progress Rate: 0.2857142857142857

Warning: model not found. Using cl100k_base encoding.
2026-09-20 10:53:39 | INFO | tasks.scienceworld | Step 04 - Action: open cupboard
2026-09-20 10:53:40 | INFO | tasks.scienceworld | Step 04 - Observation: The cupboard is now open.
2026-09-20 10:53:40 | INFO | tasks.scienceworld | Step 04 - Progress Rate: 0.2857142857142857

Warning: model not found. Using cl100k_base encoding.
2026-09-20 10:53:42 | INFO | tasks.scienceworld | Step 05 - Action: look in cupboard
2026-09-20 10:53:43 | INFO | tasks.scienceworld | Step 05 - Observation: Inside the cupboard is: 
	a ceramic cup (containing nothing)
	a drawer
	a metal pot (containing nothing)
	a tin cup (containing nothing)
2026-09-20 10:53:43 | INFO | tasks.scienceworld | Step 05 - Progress Rate: 0.2857142857142857

Warning: model not found. Using cl100k_base encoding.
2026-09-20 10:53:45 | INFO | tasks.scienceworld | Step 06 - Action: pick up metal pot
2026-09-20 10:53:45 | INFO | tasks.scienceworld | Step 06 - Observation: You move the metal pot to the inventory.
2026-09-20 10:53:45 | INFO | tasks.scienceworld | Step 06 - Progress Rate: 0.2857142857142857

Warning: model not found. Using cl100k_base encoding.
2026-09-20 10:53:49 | INFO | tasks.scienceworld | Step 07 - Action: pick up jug
2026-09-20 10:53:49 | INFO | tasks.scienceworld | Step 07 - Observation: You move the jug to the inventory.
2026-09-20 10:53:49 | INFO | tasks.scienceworld | Step 07 - Progress Rate: 0.2857142857142857

Warning: model not found. Using cl100k_base encoding.
2026-09-20 10:53:51 | INFO | tasks.scienceworld | Step 08 - Action: pour jug into metal pot
2026-09-20 10:53:51 | INFO | tasks.scienceworld | Step 08 - Observation: You pour the contents of the jug into the metal pot.
2026-09-20 10:53:51 | INFO | tasks.scienceworld | Step 08 - Progress Rate: 0.2857142857142857

Warning: model not found. Using cl100k_base encoding.
2026-09-20 10:53:53 | INFO | tasks.scienceworld | Step 09 - Action: move metal pot to stove
2026-09-20 10:53:53 | INFO | tasks.scienceworld | Step 09 - Observation: You move the metal pot to the stove.
2026-09-20 10:53:53 | INFO | tasks.scienceworld | Step 09 - Progress Rate: 0.42857142857142855

Warning: model not found. Using cl100k_base encoding.
2026-09-20 10:53:55 | INFO | tasks.scienceworld | Step 10 - Action: activate stove
2026-09-20 10:53:55 | INFO | tasks.scienceworld | Step 10 - Observation: The stove is now activated.
2026-09-20 10:53:55 | INFO | tasks.scienceworld | Step 10 - Progress Rate: 0.5714285714285714

Warning: model not found. Using cl100k_base encoding.
2026-09-20 10:53:56 | INFO | tasks.scienceworld | Step 11 - Action: use thermometer on substance in metal pot
2026-09-20 10:53:57 | INFO | tasks.scienceworld | Step 11 - Observation: the thermometer measures a temperature of 12 degrees celsius
2026-09-20 10:53:57 | INFO | tasks.scienceworld | Step 11 - Progress Rate: 0.5714285714285714

Warning: model not found. Using cl100k_base encoding.
2026-09-20 10:53:58 | INFO | tasks.scienceworld | Step 12 - Action: examine substance in metal pot
2026-09-20 10:53:58 | INFO | tasks.scienceworld | Step 12 - Observation: a substance called gallium
2026-09-20 10:53:58 | INFO | tasks.scienceworld | Step 12 - Progress Rate: 0.5714285714285714

Warning: model not found. Using cl100k_base encoding.
2026-09-20 10:54:00 | INFO | tasks.scienceworld | Step 13 - Action: use thermometer on substance in metal pot
2026-09-20 10:54:00 | INFO | tasks.scienceworld | Step 13 - Observation: the thermometer measures a temperature of 21 degrees celsius
2026-09-20 10:54:00 | INFO | tasks.scienceworld | Step 13 - Progress Rate: 0.7142857142857143

Warning: model not found. Using cl100k_base encoding.
2026-09-20 10:54:02 | INFO | tasks.scienceworld | Step 14 - Action: use thermometer on substance in metal pot
2026-09-20 10:54:02 | INFO | tasks.scienceworld | Step 14 - Observation: the thermometer measures a temperature of 27 degrees celsius
2026-09-20 10:54:02 | INFO | tasks.scienceworld | Step 14 - Progress Rate: 0.7142857142857143

Warning: model not found. Using cl100k_base encoding.
2026-09-20 10:54:07 | INFO | tasks.scienceworld | Step 15 - Action: use thermometer on substance in metal pot
2026-09-20 10:54:07 | INFO | tasks.scienceworld | Step 15 - Observation: the thermometer measures a temperature of 33 degrees celsius
2026-09-20 10:54:07 | INFO | tasks.scienceworld | Step 15 - Progress Rate: 0.7142857142857143

Warning: model not found. Using cl100k_base encoding.
2026-09-20 10:54:09 | INFO | tasks.scienceworld | Step 16 - Action: focus on orange box
2026-09-20 10:54:10 | INFO | tasks.scienceworld | Step 16 - Observation: You focus on the orange box.
2026-09-20 10:54:10 | INFO | tasks.scienceworld | Step 16 - Progress Rate: 0.8571428571428571

Warning: model not found. Using cl100k_base encoding.
2026-09-20 10:54:21 | INFO | tasks.scienceworld | Step 17 - Action: focus on orange box
2026-09-20 10:54:21 | INFO | tasks.scienceworld | Step 17 - Observation: You focus on the orange box.
2026-09-20 10:54:21 | INFO | tasks.scienceworld | Step 17 - Progress Rate: 0.8571428571428571

Warning: model not found. Using cl100k_base encoding.
2026-09-20 10:54:36 | INFO | tasks.scienceworld | Step 18 - Action: 
2026-09-20 10:54:36 | INFO | tasks.scienceworld | Step 18 - Observation: No known action matches that input.
2026-09-20 10:54:36 | INFO | tasks.scienceworld | Step 18 - Progress Rate: 0.8571428571428571

Warning: model not found. Using cl100k_base encoding.
2026-09-20 10:54:52 | INFO | tasks.scienceworld | Step 19 - Action: 
2026-09-20 10:54:52 | INFO | tasks.scienceworld | Step 19 - Observation: No known action matches that input.
2026-09-20 10:54:52 | INFO | tasks.scienceworld | Step 19 - Progress Rate: 0.8571428571428571

Warning: model not found. Using cl100k_base encoding.
2026-09-20 10:54:55 | INFO | tasks.scienceworld | Step 20 - Action: focus on orange box
2026-09-20 10:54:56 | INFO | tasks.scienceworld | Step 20 - Observation: You focus on the orange box.
2026-09-20 10:54:56 | INFO | tasks.scienceworld | Step 20 - Progress Rate: 0.8571428571428571

Warning: model not found. Using cl100k_base encoding.
2026-09-20 10:54:58 | INFO | tasks.scienceworld | Step 21 - Action: focus on orange box
2026-09-20 10:54:58 | INFO | tasks.scienceworld | Step 21 - Observation: You focus on the orange box.
2026-09-20 10:54:58 | INFO | tasks.scienceworld | Step 21 - Progress Rate: 0.8571428571428571

Warning: model not found. Using cl100k_base encoding.
2026-09-20 10:55:10 | INFO | tasks.scienceworld | Step 22 - Action: focus on orange box
2026-09-20 10:55:10 | INFO | tasks.scienceworld | Step 22 - Observation: You focus on the orange box.
2026-09-20 10:55:10 | INFO | tasks.scienceworld | Step 22 - Progress Rate: 0.8571428571428571

Warning: model not found. Using cl100k_base encoding.
2026-09-20 10:55:14 | INFO | tasks.scienceworld | Step 23 - Action: focus on orange box
2026-09-20 10:55:14 | INFO | tasks.scienceworld | Step 23 - Observation: You focus on the orange box.
2026-09-20 10:55:14 | INFO | tasks.scienceworld | Step 23 - Progress Rate: 0.8571428571428571

Warning: model not found. Using cl100k_base encoding.
2026-09-20 10:55:17 | INFO | tasks.scienceworld | Step 24 - Action: examine substance in metal pot
2026-09-20 10:55:17 | INFO | tasks.scienceworld | Step 24 - Observation: a substance called liquid gallium
2026-09-20 10:55:17 | INFO | tasks.scienceworld | Step 24 - Progress Rate: 0.8571428571428571

Warning: model not found. Using cl100k_base encoding.
2026-09-20 10:55:18 | INFO | tasks.scienceworld | Step 25 - Action: focus on orange box
2026-09-20 10:55:19 | INFO | tasks.scienceworld | Step 25 - Observation: You focus on the orange box.
2026-09-20 10:55:19 | INFO | tasks.scienceworld | Step 25 - Progress Rate: 0.8571428571428571

Warning: model not found. Using cl100k_base encoding.
2026-09-20 10:55:33 | INFO | tasks.scienceworld | Step 26 - Action: 
2026-09-20 10:55:33 | INFO | tasks.scienceworld | Step 26 - Observation: No known action matches that input.
2026-09-20 10:55:33 | INFO | tasks.scienceworld | Step 26 - Progress Rate: 0.8571428571428571

Warning: model not found. Using cl100k_base encoding.
2026-09-20 10:55:36 | INFO | tasks.scienceworld | Step 27 - Action: focus on orange box
2026-09-20 10:55:36 | INFO | tasks.scienceworld | Step 27 - Observation: You focus on the orange box.
2026-09-20 10:55:36 | INFO | tasks.scienceworld | Step 27 - Progress Rate: 0.8571428571428571

Warning: model not found. Using cl100k_base encoding.
2026-09-20 10:55:43 | INFO | tasks.scienceworld | Step 28 - Action: focus on orange box
2026-09-20 10:55:43 | INFO | tasks.scienceworld | Step 28 - Observation: You focus on the orange box.
2026-09-20 10:55:43 | INFO | tasks.scienceworld | Step 28 - Progress Rate: 0.8571428571428571

Warning: model not found. Using cl100k_base encoding.
2026-09-20 10:55:46 | INFO | tasks.scienceworld | Step 29 - Action: focus on orange box
2026-09-20 10:55:46 | INFO | tasks.scienceworld | Step 29 - Observation: You focus on the orange box.
2026-09-20 10:55:46 | INFO | tasks.scienceworld | Step 29 - Progress Rate: 0.8571428571428571

2026-09-20 10:55:46 | FINISH | tasks.scienceworld | [1;33mExample 9 | Success: False , Progress Rate: 0.8571428571428571 , Steps: 30
[0m
2026-09-20 10:55:46 | GOAL | tasks.scienceworld | [1;34mExample 10 | Goal: task_name: measure-melting-point-known-substance, var: 6, Your task is to measure the melting point of gallium, which is located around the kitchen. The objects you can use are thermometer, fridge, metal pot, stove. You should pick up a temperature in the kitchen for temperature measurement. Finally, after you melt the gallium, you should use thermometer to measure the temperature of it. If the melting point of gallium is above 50.0 degrees celsius, focus on the orange box. If the melting point of gallium is below 50.0 degrees celsius, focus on the yellow box. The boxes are located around the kitchen.[0m
2026-09-20 10:55:46 | INFO | scienceworld.scienceworld | Loading: measure-melting-point-known-substance (variation: 6) (simplifications: selfWateringFlowerPots,openContainers,openDoors,noElectricalAction)
2026-09-20 10:55:46 | INFO | tasks.scienceworld | Step 00 - Observation: This room is called the greenhouse. In it, you see: 
	the agent
	a substance called air
	a bee hive. The bee hive door is closed. 
	a jug (containing nothing)
	a shovel
	a sink, which is turned off. In the sink is: nothing.
You also see:
	A door to the hallway (that is open)
	A door to the outside (that is open)
In your inventory, you see:
	an orange

Warning: model not found. Using cl100k_base encoding.
2026-09-20 10:55:47 | INFO | tasks.scienceworld | Step 00 - Action: go to hallway
2026-09-20 10:55:47 | INFO | tasks.scienceworld | Step 00 - Observation: You move to the hallway.
2026-09-20 10:55:47 | INFO | tasks.scienceworld | Step 00 - Progress Rate: 0.0

Warning: model not found. Using cl100k_base encoding.
2026-09-20 10:55:48 | INFO | tasks.scienceworld | Step 01 - Action: go to kitchen
2026-09-20 10:55:48 | INFO | tasks.scienceworld | Step 01 - Observation: You move to the kitchen.
2026-09-20 10:55:48 | INFO | tasks.scienceworld | Step 01 - Progress Rate: 0.14285714285714285

Warning: model not found. Using cl100k_base encoding.
2026-09-20 10:55:50 | INFO | tasks.scienceworld | Step 02 - Action: look around
2026-09-20 10:55:50 | INFO | tasks.scienceworld | Step 02 - Observation: This room is called the kitchen. In it, you see: 
	the agent
	a substance called air
	a chair. On the chair is: nothing.
	a counter. On the counter is: a bowl (containing a red apple, a banana, an orange, a potato), a drawer.
	a cupboard. The cupboard door is closed. 
	a freezer. The freezer door is closed. 
	a fridge. The fridge door is closed. 
	a glass jar (containing a substance called sodium chloride)
	a lighter
	a orange box (containing nothing)
	a oven, which is turned off. The oven door is closed. 
	a painting
	a plastic cup (containing a substance called gallium)
	a sink, which is turned off. In the sink is: nothing.
	a substance called soap
	a stopwatch, which is deactivated. 
	a stove, which is turned off. On the stove is: nothing.
	a table. On the table is: a glass cup (containing nothing).
	a thermometer, currently reading a temperature of 10 degrees celsius
	a yellow box (containing nothing)
You also see:
	A door to the bathroom (that is open)
	A door to the hallway (that is open)
	A door to the outside (that is open)
2026-09-20 10:55:50 | INFO | tasks.scienceworld | Step 02 - Progress Rate: 0.14285714285714285

Warning: model not found. Using cl100k_base encoding.
2026-09-20 10:55:52 | INFO | tasks.scienceworld | Step 03 - Action: pick up thermometer
2026-09-20 10:55:52 | INFO | tasks.scienceworld | Step 03 - Observation: You move the thermometer to the inventory.
2026-09-20 10:55:52 | INFO | tasks.scienceworld | Step 03 - Progress Rate: 0.2857142857142857

Warning: model not found. Using cl100k_base encoding.
2026-09-20 10:55:59 | INFO | tasks.scienceworld | Step 04 - Action: open cupboard
2026-09-20 10:55:59 | INFO | tasks.scienceworld | Step 04 - Observation: The cupboard is now open.
2026-09-20 10:55:59 | INFO | tasks.scienceworld | Step 04 - Progress Rate: 0.2857142857142857

Warning: model not found. Using cl100k_base encoding.
2026-09-20 10:56:03 | INFO | tasks.scienceworld | Step 05 - Action: look around
2026-09-20 10:56:03 | INFO | tasks.scienceworld | Step 05 - Observation: This room is called the kitchen. In it, you see: 
	the agent
	a substance called air
	a chair. On the chair is: nothing.
	a counter. On the counter is: a bowl (containing a red apple, a banana, an orange, a potato), a drawer.
	a cupboard. The cupboard door is open. In the cupboard is: a ceramic cup (containing nothing), a drawer, a metal pot (containing nothing), a tin cup (containing nothing).
	a freezer. The freezer door is closed. 
	a fridge. The fridge door is closed. 
	a glass jar (containing a substance called sodium chloride)
	a lighter
	a orange box (containing nothing)
	a oven, which is turned off. The oven door is closed. 
	a painting
	a plastic cup (containing a substance called gallium)
	a sink, which is turned off. In the sink is: nothing.
	a substance called soap
	a stopwatch, which is deactivated. 
	a stove, which is turned off. On the stove is: nothing.
	a table. On the table is: a glass cup (containing nothing).
	a yellow box (containing nothing)
You also see:
	A door to the bathroom (that is open)
	A door to the hallway (that is open)
	A door to the outside (that is open)
2026-09-20 10:56:03 | INFO | tasks.scienceworld | Step 05 - Progress Rate: 0.2857142857142857

Warning: model not found. Using cl100k_base encoding.
2026-09-20 10:56:05 | INFO | tasks.scienceworld | Step 06 - Action: pick up metal pot
2026-09-20 10:56:05 | INFO | tasks.scienceworld | Step 06 - Observation: You move the metal pot to the inventory.
2026-09-20 10:56:05 | INFO | tasks.scienceworld | Step 06 - Progress Rate: 0.2857142857142857

Warning: model not found. Using cl100k_base encoding.
2026-09-20 10:56:08 | INFO | tasks.scienceworld | Step 07 - Action: pick up gallium
2026-09-20 10:56:08 | INFO | tasks.scienceworld | Step 07 - Observation: You move the gallium to the inventory.
2026-09-20 10:56:08 | INFO | tasks.scienceworld | Step 07 - Progress Rate: 0.2857142857142857

Warning: model not found. Using cl100k_base encoding.
2026-09-20 10:56:10 | INFO | tasks.scienceworld | Step 08 - Action: move gallium to metal pot
2026-09-20 10:56:10 | INFO | tasks.scienceworld | Step 08 - Observation: You move the gallium to the metal pot.
2026-09-20 10:56:10 | INFO | tasks.scienceworld | Step 08 - Progress Rate: 0.42857142857142855

Warning: model not found. Using cl100k_base encoding.
2026-09-20 10:56:14 | INFO | tasks.scienceworld | Step 09 - Action: move metal pot to stove
2026-09-20 10:56:14 | INFO | tasks.scienceworld | Step 09 - Observation: You move the metal pot to the stove.
2026-09-20 10:56:14 | INFO | tasks.scienceworld | Step 09 - Progress Rate: 0.5714285714285714

Warning: model not found. Using cl100k_base encoding.
2026-09-20 10:56:18 | INFO | tasks.scienceworld | Step 10 - Action: activate stove
2026-09-20 10:56:18 | INFO | tasks.scienceworld | Step 10 - Observation: The stove is now activated.
2026-09-20 10:56:18 | INFO | tasks.scienceworld | Step 10 - Progress Rate: 0.7142857142857143

Warning: model not found. Using cl100k_base encoding.
2026-09-20 10:56:20 | INFO | tasks.scienceworld | Step 11 - Action: focus on substance in metal pot
2026-09-20 10:56:20 | INFO | tasks.scienceworld | Step 11 - Observation: You focus on the gallium.
2026-09-20 10:56:20 | INFO | tasks.scienceworld | Step 11 - Progress Rate: 0.7142857142857143

Warning: model not found. Using cl100k_base encoding.
2026-09-20 10:56:22 | INFO | tasks.scienceworld | Step 12 - Action: look at substance in metal pot
2026-09-20 10:56:22 | INFO | tasks.scienceworld | Step 12 - Observation: a substance called gallium
2026-09-20 10:56:22 | INFO | tasks.scienceworld | Step 12 - Progress Rate: 0.7142857142857143

Warning: model not found. Using cl100k_base encoding.
2026-09-20 10:56:23 | INFO | tasks.scienceworld | Step 13 - Action: use thermometer in inventory on substance in metal pot
2026-09-20 10:56:24 | INFO | tasks.scienceworld | Step 13 - Observation: the thermometer measures a temperature of 21 degrees celsius
2026-09-20 10:56:24 | INFO | tasks.scienceworld | Step 13 - Progress Rate: 0.8571428571428571

Warning: model not found. Using cl100k_base encoding.
2026-09-20 10:56:26 | INFO | tasks.scienceworld | Step 14 - Action: use thermometer in inventory on substance in metal pot
2026-09-20 10:56:26 | INFO | tasks.scienceworld | Step 14 - Observation: the thermometer measures a temperature of 27 degrees celsius
2026-09-20 10:56:26 | INFO | tasks.scienceworld | Step 14 - Progress Rate: 0.8571428571428571

Warning: model not found. Using cl100k_base encoding.
2026-09-20 10:56:27 | INFO | tasks.scienceworld | Step 15 - Action: use thermometer in inventory on substance in metal pot
2026-09-20 10:56:28 | INFO | tasks.scienceworld | Step 15 - Observation: the thermometer measures a temperature of 33 degrees celsius
2026-09-20 10:56:28 | INFO | tasks.scienceworld | Step 15 - Progress Rate: 0.8571428571428571

Warning: model not found. Using cl100k_base encoding.
2026-09-20 10:56:44 | INFO | tasks.scienceworld | Step 16 - Action: 
2026-09-20 10:56:44 | INFO | tasks.scienceworld | Step 16 - Observation: No known action matches that input.
2026-09-20 10:56:44 | INFO | tasks.scienceworld | Step 16 - Progress Rate: 0.8571428571428571

Warning: model not found. Using cl100k_base encoding.
2026-09-20 10:56:45 | INFO | tasks.scienceworld | Step 17 - Action: look at substance in metal pot
2026-09-20 10:56:46 | INFO | tasks.scienceworld | Step 17 - Observation: a substance called liquid gallium
2026-09-20 10:56:46 | INFO | tasks.scienceworld | Step 17 - Progress Rate: 0.8571428571428571

Warning: model not found. Using cl100k_base encoding.
2026-09-20 10:56:47 | INFO | tasks.scienceworld | Step 18 - Action: focus on yellow box
2026-09-20 10:56:47 | INFO | tasks.scienceworld | Step 18 - Observation: You focus on the yellow box.
2026-09-20 10:56:47 | INFO | tasks.scienceworld | Step 18 - Progress Rate: 1.0

2026-09-20 10:56:47 | FINISH | tasks.scienceworld | [1;33mExample 10 | Success: True , Progress Rate: 1.0 , Steps: 19
[0m
2026-09-20 10:56:47 | GOAL | tasks.scienceworld | [1;34mExample 11 | Goal: task_name: measure-melting-point-known-substance, var: 7, Your task is to measure the melting point of gallium, which is located around the kitchen. The objects you can use are thermometer, fridge, metal pot, stove. You should pick up a temperature in the kitchen for temperature measurement. Finally, after you melt the gallium, you should use thermometer to measure the temperature of it. If the melting point of gallium is above 10.0 degrees celsius, focus on the orange box. If the melting point of gallium is below 50.0 degrees celsius, focus on the yellow box. The boxes are located around the kitchen.[0m
2026-09-20 10:56:47 | INFO | scienceworld.scienceworld | Loading: measure-melting-point-known-substance (variation: 7) (simplifications: selfWateringFlowerPots,openContainers,openDoors,noElectricalAction)
2026-09-20 10:56:48 | INFO | tasks.scienceworld | Step 00 - Observation: This room is called the hallway. In it, you see: 
	the agent
	a substance called air
	a drawing
You also see:
	A door to the art studio (that is open)
	A door to the bedroom (that is open)
	A door to the greenhouse (that is open)
	A door to the kitchen (that is open)
	A door to the living room (that is open)
	A door to the workshop (that is open)
In your inventory, you see:
	an orange

Warning: model not found. Using cl100k_base encoding.
2026-09-20 10:56:49 | INFO | tasks.scienceworld | Step 00 - Action: go to kitchen
2026-09-20 10:56:49 | INFO | tasks.scienceworld | Step 00 - Observation: You move to the kitchen.
2026-09-20 10:56:49 | INFO | tasks.scienceworld | Step 00 - Progress Rate: 0.14285714285714285

Warning: model not found. Using cl100k_base encoding.
2026-09-20 10:56:50 | INFO | tasks.scienceworld | Step 01 - Action: look around
2026-09-20 10:56:50 | INFO | tasks.scienceworld | Step 01 - Observation: This room is called the kitchen. In it, you see: 
	the agent
	a substance called air
	a chair. On the chair is: nothing.
	a counter. On the counter is: a bowl (containing a red apple, a banana, an orange, a potato), a drawer.
	a cupboard. The cupboard door is closed. 
	a freezer. The freezer door is closed. 
	a fridge. The fridge door is closed. 
	a glass jar (containing a substance called sodium chloride)
	a lighter
	a orange box (containing nothing)
	a oven, which is turned off. The oven door is closed. 
	a painting
	a plastic cup (containing a substance called gallium)
	a sink, which is turned off. In the sink is: nothing.
	a substance called soap
	a stopwatch, which is deactivated. 
	a stove, which is turned off. On the stove is: nothing.
	a table. On the table is: a glass cup (containing nothing).
	a thermometer, currently reading a temperature of 10 degrees celsius
	a yellow box (containing nothing)
You also see:
	A door to the bathroom (that is open)
	A door to the hallway (that is open)
	A door to the outside (that is open)
2026-09-20 10:56:50 | INFO | tasks.scienceworld | Step 01 - Progress Rate: 0.14285714285714285

Warning: model not found. Using cl100k_base encoding.
2026-09-20 10:56:53 | INFO | tasks.scienceworld | Step 02 - Action: pick up plastic cup
2026-09-20 10:56:53 | INFO | tasks.scienceworld | Step 02 - Observation: You move the plastic cup to the inventory.
2026-09-20 10:56:53 | INFO | tasks.scienceworld | Step 02 - Progress Rate: 0.14285714285714285

Warning: model not found. Using cl100k_base encoding.
2026-09-20 10:56:56 | INFO | tasks.scienceworld | Step 03 - Action: pick up thermometer
2026-09-20 10:56:56 | INFO | tasks.scienceworld | Step 03 - Observation: You move the thermometer to the inventory.
2026-09-20 10:56:56 | INFO | tasks.scienceworld | Step 03 - Progress Rate: 0.2857142857142857

Warning: model not found. Using cl100k_base encoding.
2026-09-20 10:56:59 | INFO | tasks.scienceworld | Step 04 - Action: move plastic cup to stove
2026-09-20 10:56:59 | INFO | tasks.scienceworld | Step 04 - Observation: You move the plastic cup to the stove.
2026-09-20 10:56:59 | INFO | tasks.scienceworld | Step 04 - Progress Rate: 0.2857142857142857

Warning: model not found. Using cl100k_base encoding.
2026-09-20 10:57:06 | INFO | tasks.scienceworld | Step 05 - Action: activate stove
2026-09-20 10:57:06 | INFO | tasks.scienceworld | Step 05 - Observation: The stove is now activated.
2026-09-20 10:57:06 | INFO | tasks.scienceworld | Step 05 - Progress Rate: 0.42857142857142855

Warning: model not found. Using cl100k_base encoding.
2026-09-20 10:57:10 | INFO | tasks.scienceworld | Step 06 - Action: focus on substance in plastic cup
2026-09-20 10:57:10 | INFO | tasks.scienceworld | Step 06 - Observation: You focus on the gallium.
2026-09-20 10:57:10 | INFO | tasks.scienceworld | Step 06 - Progress Rate: 0.42857142857142855

Warning: model not found. Using cl100k_base encoding.
2026-09-20 10:57:11 | INFO | tasks.scienceworld | Step 07 - Action: use thermometer on substance in plastic cup
2026-09-20 10:57:12 | INFO | tasks.scienceworld | Step 07 - Observation: the thermometer measures a temperature of 16 degrees celsius
2026-09-20 10:57:12 | INFO | tasks.scienceworld | Step 07 - Progress Rate: 0.5714285714285714

Warning: model not found. Using cl100k_base encoding.
2026-09-20 10:57:14 | INFO | tasks.scienceworld | Step 08 - Action: focus on substance in plastic cup
2026-09-20 10:57:14 | INFO | tasks.scienceworld | Step 08 - Observation: You focus on the gallium.
2026-09-20 10:57:14 | INFO | tasks.scienceworld | Step 08 - Progress Rate: 0.5714285714285714

Warning: model not found. Using cl100k_base encoding.
2026-09-20 10:57:15 | INFO | tasks.scienceworld | Step 09 - Action: use thermometer on substance in plastic cup
2026-09-20 10:57:16 | INFO | tasks.scienceworld | Step 09 - Observation: the thermometer measures a temperature of 27 degrees celsius
2026-09-20 10:57:16 | INFO | tasks.scienceworld | Step 09 - Progress Rate: 0.5714285714285714

Warning: model not found. Using cl100k_base encoding.
2026-09-20 10:57:17 | INFO | tasks.scienceworld | Step 10 - Action: use thermometer on substance in plastic cup
2026-09-20 10:57:17 | INFO | tasks.scienceworld | Step 10 - Observation: the thermometer measures a temperature of 33 degrees celsius
2026-09-20 10:57:17 | INFO | tasks.scienceworld | Step 10 - Progress Rate: 0.5714285714285714

Warning: model not found. Using cl100k_base encoding.
2026-09-20 10:57:22 | INFO | tasks.scienceworld | Step 11 - Action: look at substance in plastic cup
2026-09-20 10:57:22 | INFO | tasks.scienceworld | Step 11 - Observation: a substance called liquid gallium
2026-09-20 10:57:22 | INFO | tasks.scienceworld | Step 11 - Progress Rate: 0.5714285714285714

Warning: model not found. Using cl100k_base encoding.
2026-09-20 10:57:36 | INFO | tasks.scienceworld | Step 12 - Action: 
2026-09-20 10:57:37 | INFO | tasks.scienceworld | Step 12 - Observation: No known action matches that input.
2026-09-20 10:57:37 | INFO | tasks.scienceworld | Step 12 - Progress Rate: 0.5714285714285714

Warning: model not found. Using cl100k_base encoding.
2026-09-20 10:57:40 | INFO | tasks.scienceworld | Step 13 - Action: focus on orange box
2026-09-20 10:57:40 | INFO | tasks.scienceworld | Step 13 - Observation: You focus on the orange box.
2026-09-20 10:57:40 | INFO | tasks.scienceworld | Step 13 - Progress Rate: 0.7142857142857143

Warning: model not found. Using cl100k_base encoding.
2026-09-20 10:57:42 | INFO | tasks.scienceworld | Step 14 - Action: focus on yellow box
2026-09-20 10:57:42 | INFO | tasks.scienceworld | Step 14 - Observation: You focus on the yellow box.
2026-09-20 10:57:42 | INFO | tasks.scienceworld | Step 14 - Progress Rate: 0.7142857142857143

Warning: model not found. Using cl100k_base encoding.
2026-09-20 10:57:56 | INFO | tasks.scienceworld | Step 15 - Action: 
2026-09-20 10:57:57 | INFO | tasks.scienceworld | Step 15 - Observation: No known action matches that input.
2026-09-20 10:57:57 | INFO | tasks.scienceworld | Step 15 - Progress Rate: 0.7142857142857143

Warning: model not found. Using cl100k_base encoding.
2026-09-20 10:57:59 | INFO | tasks.scienceworld | Step 16 - Action: task
2026-09-20 10:57:59 | INFO | tasks.scienceworld | Step 16 - Observation: Task description:
Your task is to measure the melting point of gallium, which is located around the kitchen. First, focus on the thermometer. Next, focus on the gallium. If the melting point of gallium is above 10.0 degrees celsius, focus on the orange box. If the melting point of gallium is below 10.0 degrees celsius, focus on the yellow box. The boxes are located around the kitchen.
2026-09-20 10:57:59 | INFO | tasks.scienceworld | Step 16 - Progress Rate: 0.7142857142857143

Warning: model not found. Using cl100k_base encoding.
2026-09-20 10:58:13 | INFO | tasks.scienceworld | Step 17 - Action: 
2026-09-20 10:58:13 | INFO | tasks.scienceworld | Step 17 - Observation: No known action matches that input.
2026-09-20 10:58:13 | INFO | tasks.scienceworld | Step 17 - Progress Rate: 0.7142857142857143

Warning: model not found. Using cl100k_base encoding.
2026-09-20 10:58:25 | INFO | tasks.scienceworld | Step 18 - Action: focus on orange box
2026-09-20 10:58:26 | INFO | tasks.scienceworld | Step 18 - Observation: You focus on the orange box.
2026-09-20 10:58:26 | INFO | tasks.scienceworld | Step 18 - Progress Rate: 0.7142857142857143

Warning: model not found. Using cl100k_base encoding.
2026-09-20 10:58:29 | INFO | tasks.scienceworld | Step 19 - Action: focus on thermometer
2026-09-20 10:58:29 | INFO | tasks.scienceworld | Step 19 - Observation: You focus on the thermometer.
2026-09-20 10:58:29 | INFO | tasks.scienceworld | Step 19 - Progress Rate: 0.7142857142857143

Warning: model not found. Using cl100k_base encoding.
2026-09-20 10:58:34 | INFO | tasks.scienceworld | Step 20 - Action: focus on substance in plastic cup
2026-09-20 10:58:34 | INFO | tasks.scienceworld | Step 20 - Observation: You focus on the liquid gallium.
2026-09-20 10:58:34 | INFO | tasks.scienceworld | Step 20 - Progress Rate: 0.7142857142857143

Warning: model not found. Using cl100k_base encoding.
2026-09-20 10:58:37 | INFO | tasks.scienceworld | Step 21 - Action: focus on orange box
2026-09-20 10:58:38 | INFO | tasks.scienceworld | Step 21 - Observation: You focus on the orange box.
2026-09-20 10:58:38 | INFO | tasks.scienceworld | Step 21 - Progress Rate: 0.7142857142857143

Warning: model not found. Using cl100k_base encoding.
2026-09-20 10:58:47 | INFO | tasks.scienceworld | Step 22 - Action: focus on yellow box
2026-09-20 10:58:47 | INFO | tasks.scienceworld | Step 22 - Observation: You focus on the yellow box.
2026-09-20 10:58:47 | INFO | tasks.scienceworld | Step 22 - Progress Rate: 0.7142857142857143

Warning: model not found. Using cl100k_base encoding.
2026-09-20 10:59:00 | INFO | tasks.scienceworld | Step 23 - Action: focus on orange box
2026-09-20 10:59:00 | INFO | tasks.scienceworld | Step 23 - Observation: You focus on the orange box.
2026-09-20 10:59:00 | INFO | tasks.scienceworld | Step 23 - Progress Rate: 0.7142857142857143

Warning: model not found. Using cl100k_base encoding.
2026-09-20 10:59:03 | INFO | tasks.scienceworld | Step 24 - Action: focus on orange box
2026-09-20 10:59:04 | INFO | tasks.scienceworld | Step 24 - Observation: You focus on the orange box.
2026-09-20 10:59:04 | INFO | tasks.scienceworld | Step 24 - Progress Rate: 0.7142857142857143

Warning: model not found. Using cl100k_base encoding.
2026-09-20 10:59:16 | INFO | tasks.scienceworld | Step 25 - Action: 
2026-09-20 10:59:16 | INFO | tasks.scienceworld | Step 25 - Observation: No known action matches that input.
2026-09-20 10:59:16 | INFO | tasks.scienceworld | Step 25 - Progress Rate: 0.7142857142857143

Warning: model not found. Using cl100k_base encoding.
2026-09-20 10:59:22 | INFO | tasks.scienceworld | Step 26 - Action: focus on orange box
2026-09-20 10:59:22 | INFO | tasks.scienceworld | Step 26 - Observation: You focus on the orange box.
2026-09-20 10:59:22 | INFO | tasks.scienceworld | Step 26 - Progress Rate: 0.7142857142857143

Warning: model not found. Using cl100k_base encoding.
2026-09-20 10:59:36 | INFO | tasks.scienceworld | Step 27 - Action: 
2026-09-20 10:59:36 | INFO | tasks.scienceworld | Step 27 - Observation: No known action matches that input.
2026-09-20 10:59:36 | INFO | tasks.scienceworld | Step 27 - Progress Rate: 0.7142857142857143

Warning: model not found. Using cl100k_base encoding.
2026-09-20 10:59:50 | INFO | tasks.scienceworld | Step 28 - Action: 
2026-09-20 10:59:50 | INFO | tasks.scienceworld | Step 28 - Observation: No known action matches that input.
2026-09-20 10:59:50 | INFO | tasks.scienceworld | Step 28 - Progress Rate: 0.7142857142857143

Warning: model not found. Using cl100k_base encoding.
2026-09-20 11:00:05 | INFO | tasks.scienceworld | Step 29 - Action: 
2026-09-20 11:00:05 | INFO | tasks.scienceworld | Step 29 - Observation: No known action matches that input.
2026-09-20 11:00:05 | INFO | tasks.scienceworld | Step 29 - Progress Rate: 0.7142857142857143

2026-09-20 11:00:05 | FINISH | tasks.scienceworld | [1;33mExample 11 | Success: False , Progress Rate: 0.7142857142857143 , Steps: 30
[0m
2026-09-20 11:00:05 | GOAL | tasks.scienceworld | [1;34mExample 12 | Goal: task_name: measure-melting-point-unknown-substance, var: 5, Your task is to measure the melting point of liquid unknown substance D in the kitchen. The objects you can use are thermometer, freezer, metal pot in the kitchen. You should pick up a temperature in the kitchen for temperature measurement. You should monitor the temperature and examine the substance during the cooling process. You should use thermometer to measure its melting point. If the melting point of liquid unknown substance D is above 150.0 degrees celsius, focus on the yellow box. If the melting point of liquid unknown substance D is below 150.0 degrees celsius, focus on the purple box. The boxes are located around the kitchen[0m
2026-09-20 11:00:05 | INFO | scienceworld.scienceworld | Loading: measure-melting-point-unknown-substance (variation: 5) (simplifications: selfWateringFlowerPots,openContainers,openDoors,noElectricalAction)
2026-09-20 11:00:05 | INFO | tasks.scienceworld | Step 00 - Observation: This room is called the workshop. In it, you see: 
	the agent
	a substance called air
	a table. On the table is: a battery, a black wire, a blue wire, a orange wire, a red light bulb, which is off, a switch, which is off, a violet light bulb, which is off, a yellow light bulb, which is off.
	a ultra low temperature freezer. The ultra low temperature freezer door is closed. 
You also see:
	A door to the hallway (that is open)
In your inventory, you see:
	an orange

Warning: model not found. Using cl100k_base encoding.
2026-09-20 11:00:06 | INFO | tasks.scienceworld | Step 00 - Action: go to hallway
2026-09-20 11:00:06 | INFO | tasks.scienceworld | Step 00 - Observation: You move to the hallway.
2026-09-20 11:00:06 | INFO | tasks.scienceworld | Step 00 - Progress Rate: 0.0

Warning: model not found. Using cl100k_base encoding.
2026-09-20 11:00:07 | INFO | tasks.scienceworld | Step 01 - Action: go to kitchen
2026-09-20 11:00:08 | INFO | tasks.scienceworld | Step 01 - Observation: You move to the kitchen.
2026-09-20 11:00:08 | INFO | tasks.scienceworld | Step 01 - Progress Rate: 0.25

Warning: model not found. Using cl100k_base encoding.
2026-09-20 11:00:09 | INFO | tasks.scienceworld | Step 02 - Action: look around
2026-09-20 11:00:09 | INFO | tasks.scienceworld | Step 02 - Observation: This room is called the kitchen. In it, you see: 
	the agent
	a substance called air
	a chair. On the chair is: nothing.
	a counter. On the counter is: a bowl (containing a red apple, a banana, an orange, a potato), a drawer.
	a cupboard. The cupboard door is closed. 
	a freezer. The freezer door is closed. 
	a fridge. The fridge door is closed. 
	a glass jar (containing a substance called sodium chloride)
	a lighter
	a metal pot (containing liquid unknown substance D)
	a oven, which is turned off. The oven door is closed. 
	a painting
	a purple box (containing nothing)
	a sink, which is turned off. In the sink is: nothing.
	a substance called soap
	a stopwatch, which is deactivated. 
	a stove, which is turned off. On the stove is: nothing.
	a table. On the table is: a glass cup (containing nothing).
	a thermometer, currently reading a temperature of 10 degrees celsius
	a yellow box (containing nothing)
You also see:
	A door to the bathroom (that is open)
	A door to the hallway (that is open)
	A door to the outside (that is open)
2026-09-20 11:00:09 | INFO | tasks.scienceworld | Step 02 - Progress Rate: 0.25

Warning: model not found. Using cl100k_base encoding.
2026-09-20 11:00:11 | INFO | tasks.scienceworld | Step 03 - Action: pick up thermometer
2026-09-20 11:00:11 | INFO | tasks.scienceworld | Step 03 - Observation: You move the thermometer to the inventory.
2026-09-20 11:00:11 | INFO | tasks.scienceworld | Step 03 - Progress Rate: 0.5

Warning: model not found. Using cl100k_base encoding.
2026-09-20 11:00:18 | INFO | tasks.scienceworld | Step 04 - Action: open freezer
2026-09-20 11:00:18 | INFO | tasks.scienceworld | Step 04 - Observation: The freezer is now open.
2026-09-20 11:00:18 | INFO | tasks.scienceworld | Step 04 - Progress Rate: 0.5

Warning: model not found. Using cl100k_base encoding.
2026-09-20 11:00:20 | INFO | tasks.scienceworld | Step 05 - Action: move metal pot to freezer
2026-09-20 11:00:20 | INFO | tasks.scienceworld | Step 05 - Observation: You move the metal pot to the freezer.
2026-09-20 11:00:20 | INFO | tasks.scienceworld | Step 05 - Progress Rate: 0.5

Warning: model not found. Using cl100k_base encoding.
2026-09-20 11:00:22 | INFO | tasks.scienceworld | Step 06 - Action: activate freezer
2026-09-20 11:00:22 | INFO | tasks.scienceworld | Step 06 - Observation: The freezer is already activated.
2026-09-20 11:00:22 | INFO | tasks.scienceworld | Step 06 - Progress Rate: 0.5

Warning: model not found. Using cl100k_base encoding.
2026-09-20 11:00:24 | INFO | tasks.scienceworld | Step 07 - Action: use thermometer on substance in metal pot
2026-09-20 11:00:24 | INFO | tasks.scienceworld | Step 07 - Observation: No known action matches that input.
2026-09-20 11:00:24 | INFO | tasks.scienceworld | Step 07 - Progress Rate: 0.5

Warning: model not found. Using cl100k_base encoding.
2026-09-20 11:00:27 | INFO | tasks.scienceworld | Step 08 - Action: use thermometer in inventory on substance in metal pot
2026-09-20 11:00:27 | INFO | tasks.scienceworld | Step 08 - Observation: No known action matches that input.
2026-09-20 11:00:27 | INFO | tasks.scienceworld | Step 08 - Progress Rate: 0.5

Warning: model not found. Using cl100k_base encoding.
2026-09-20 11:00:32 | INFO | tasks.scienceworld | Step 09 - Action: check valid actions
2026-09-20 11:00:32 | INFO | tasks.scienceworld | Step 09 - Observation: Choose an action from these valid actions: activate OBJ, close OBJ, deactivate OBJ, dunk OBJ in OBJ, eat OBJ, flush OBJ, focus on OBJ, go OBJ, inventory, look around, look at OBJ, look in OBJ, mix OBJ, move OBJ to OBJ, open OBJ, pick up OBJ, pour OBJ in OBJ, put down OBJ, read OBJ, task, use OBJ on OBJ, wait, wait1, check valid actions
2026-09-20 11:00:32 | INFO | tasks.scienceworld | Step 09 - Progress Rate: 0.5

Warning: model not found. Using cl100k_base encoding.
2026-09-20 11:00:48 | INFO | tasks.scienceworld | Step 10 - Action: 
2026-09-20 11:00:48 | INFO | tasks.scienceworld | Step 10 - Observation: No known action matches that input.
2026-09-20 11:00:48 | INFO | tasks.scienceworld | Step 10 - Progress Rate: 0.5

Warning: model not found. Using cl100k_base encoding.
2026-09-20 11:00:50 | INFO | tasks.scienceworld | Step 11 - Action: use thermometer on metal pot
2026-09-20 11:00:50 | INFO | tasks.scienceworld | Step 11 - Observation: the thermometer measures a temperature of 5 degrees celsius
2026-09-20 11:00:50 | INFO | tasks.scienceworld | Step 11 - Progress Rate: 0.75

Warning: model not found. Using cl100k_base encoding.
2026-09-20 11:00:52 | INFO | tasks.scienceworld | Step 12 - Action: look at substance in metal pot
2026-09-20 11:00:53 | INFO | tasks.scienceworld | Step 12 - Observation: No known action matches that input.
2026-09-20 11:00:53 | INFO | tasks.scienceworld | Step 12 - Progress Rate: 0.75

Warning: model not found. Using cl100k_base encoding.
2026-09-20 11:00:56 | INFO | tasks.scienceworld | Step 13 - Action: focus on substance in metal pot
2026-09-20 11:00:56 | INFO | tasks.scienceworld | Step 13 - Observation: No known action matches that input.
2026-09-20 11:00:56 | INFO | tasks.scienceworld | Step 13 - Progress Rate: 0.75

Warning: model not found. Using cl100k_base encoding.
2026-09-20 11:01:01 | INFO | tasks.scienceworld | Step 14 - Action: look in metal pot
2026-09-20 11:01:01 | INFO | tasks.scienceworld | Step 14 - Observation: Inside the metal pot is: 
	liquid unknown substance D
2026-09-20 11:01:01 | INFO | tasks.scienceworld | Step 14 - Progress Rate: 0.75

Warning: model not found. Using cl100k_base encoding.
2026-09-20 11:01:03 | INFO | tasks.scienceworld | Step 15 - Action: focus on liquid unknown substance D
2026-09-20 11:01:04 | INFO | tasks.scienceworld | Step 15 - Observation: You focus on the liquid unknown substance D.
2026-09-20 11:01:04 | INFO | tasks.scienceworld | Step 15 - Progress Rate: 0.75

Warning: model not found. Using cl100k_base encoding.
2026-09-20 11:01:05 | INFO | tasks.scienceworld | Step 16 - Action: use thermometer on metal pot
2026-09-20 11:01:05 | INFO | tasks.scienceworld | Step 16 - Observation: the thermometer measures a temperature of 1 degrees celsius
2026-09-20 11:01:05 | INFO | tasks.scienceworld | Step 16 - Progress Rate: 0.75

Warning: model not found. Using cl100k_base encoding.
2026-09-20 11:01:09 | INFO | tasks.scienceworld | Step 17 - Action: use thermometer on metal pot
2026-09-20 11:01:09 | INFO | tasks.scienceworld | Step 17 - Observation: the thermometer measures a temperature of -0 degrees celsius
2026-09-20 11:01:09 | INFO | tasks.scienceworld | Step 17 - Progress Rate: 0.75

Warning: model not found. Using cl100k_base encoding.
2026-09-20 11:01:11 | INFO | tasks.scienceworld | Step 18 - Action: wait
2026-09-20 11:01:12 | INFO | tasks.scienceworld | Step 18 - Observation: You decide to wait for 10 iterations.
2026-09-20 11:01:12 | INFO | tasks.scienceworld | Step 18 - Progress Rate: 0.75

Warning: model not found. Using cl100k_base encoding.
2026-09-20 11:01:14 | INFO | tasks.scienceworld | Step 19 - Action: look in metal pot
2026-09-20 11:01:15 | INFO | tasks.scienceworld | Step 19 - Observation: Inside the metal pot is: 
	liquid unknown substance D
2026-09-20 11:01:15 | INFO | tasks.scienceworld | Step 19 - Progress Rate: 0.75

Warning: model not found. Using cl100k_base encoding.
2026-09-20 11:01:16 | INFO | tasks.scienceworld | Step 20 - Action: use thermometer on metal pot
2026-09-20 11:01:16 | INFO | tasks.scienceworld | Step 20 - Observation: the thermometer measures a temperature of -8 degrees celsius
2026-09-20 11:01:16 | INFO | tasks.scienceworld | Step 20 - Progress Rate: 0.75

Warning: model not found. Using cl100k_base encoding.
2026-09-20 11:01:18 | INFO | tasks.scienceworld | Step 21 - Action: use thermometer on metal pot
2026-09-20 11:01:18 | INFO | tasks.scienceworld | Step 21 - Observation: the thermometer measures a temperature of -8 degrees celsius
2026-09-20 11:01:18 | INFO | tasks.scienceworld | Step 21 - Progress Rate: 0.75

Warning: model not found. Using cl100k_base encoding.
2026-09-20 11:01:20 | INFO | tasks.scienceworld | Step 22 - Action: wait
2026-09-20 11:01:20 | INFO | tasks.scienceworld | Step 22 - Observation: You decide to wait for 10 iterations.
2026-09-20 11:01:20 | INFO | tasks.scienceworld | Step 22 - Progress Rate: 0.75

Warning: model not found. Using cl100k_base encoding.
2026-09-20 11:01:21 | INFO | tasks.scienceworld | Step 23 - Action: look in metal pot
2026-09-20 11:01:22 | INFO | tasks.scienceworld | Step 23 - Observation: Inside the metal pot is: 
	liquid unknown substance D
2026-09-20 11:01:22 | INFO | tasks.scienceworld | Step 23 - Progress Rate: 0.75

Warning: model not found. Using cl100k_base encoding.
2026-09-20 11:01:25 | INFO | tasks.scienceworld | Step 24 - Action: use thermometer on metal pot
2026-09-20 11:01:25 | INFO | tasks.scienceworld | Step 24 - Observation: the thermometer measures a temperature of -12 degrees celsius
2026-09-20 11:01:25 | INFO | tasks.scienceworld | Step 24 - Progress Rate: 0.75

Warning: model not found. Using cl100k_base encoding.
2026-09-20 11:01:28 | INFO | tasks.scienceworld | Step 25 - Action: wait
2026-09-20 11:01:28 | INFO | tasks.scienceworld | Step 25 - Observation: You decide to wait for 10 iterations.
2026-09-20 11:01:28 | INFO | tasks.scienceworld | Step 25 - Progress Rate: 0.75

Warning: model not found. Using cl100k_base encoding.
2026-09-20 11:01:31 | INFO | tasks.scienceworld | Step 26 - Action: use thermometer on metal pot
2026-09-20 11:01:31 | INFO | tasks.scienceworld | Step 26 - Observation: the thermometer measures a temperature of -14 degrees celsius
2026-09-20 11:01:31 | INFO | tasks.scienceworld | Step 26 - Progress Rate: 0.75

Warning: model not found. Using cl100k_base encoding.
2026-09-20 11:01:33 | INFO | tasks.scienceworld | Step 27 - Action: use thermometer on metal pot
2026-09-20 11:01:33 | INFO | tasks.scienceworld | Step 27 - Observation: the thermometer measures a temperature of -14 degrees celsius
2026-09-20 11:01:33 | INFO | tasks.scienceworld | Step 27 - Progress Rate: 0.75

Warning: model not found. Using cl100k_base encoding.
2026-09-20 11:01:36 | INFO | tasks.scienceworld | Step 28 - Action: look in metal pot
2026-09-20 11:01:36 | INFO | tasks.scienceworld | Step 28 - Observation: Inside the metal pot is: 
	liquid unknown substance D
2026-09-20 11:01:36 | INFO | tasks.scienceworld | Step 28 - Progress Rate: 0.75

Warning: model not found. Using cl100k_base encoding.
2026-09-20 11:01:39 | INFO | tasks.scienceworld | Step 29 - Action: wait
2026-09-20 11:01:39 | INFO | tasks.scienceworld | Step 29 - Observation: You decide to wait for 10 iterations.
2026-09-20 11:01:39 | INFO | tasks.scienceworld | Step 29 - Progress Rate: 0.75

2026-09-20 11:01:39 | FINISH | tasks.scienceworld | [1;33mExample 12 | Success: False , Progress Rate: 0.75 , Steps: 30
[0m
2026-09-20 11:01:39 | GOAL | tasks.scienceworld | [1;34mExample 13 | Goal: task_name: measure-melting-point-unknown-substance, var: 6, Your task is to measure the melting point of solid unknown substance H in the kitchen. The objects you can use are thermometer, metal pot, stove in the kitchen. You should pick up a temperature in the kitchen for temperature measurement. You should monitor the temperature and examine the substance during the heating process. Once you melt the solid unknown substance H (transforming into liquid substance h), you should use thermometer to measure its the temperature. If the melting point of solid unknown substance H is above 150.0 degrees celsius, focus on the green box. If the melting point of unknown substance H is below 150.0 degrees celsius, focus on the blue box. The boxes are located around the kitchen.[0m
2026-09-20 11:01:39 | INFO | scienceworld.scienceworld | Loading: measure-melting-point-unknown-substance (variation: 6) (simplifications: selfWateringFlowerPots,openContainers,openDoors,noElectricalAction)
2026-09-20 11:01:39 | INFO | tasks.scienceworld | Step 00 - Observation: This room is called the greenhouse. In it, you see: 
	the agent
	a substance called air
	a bee hive. The bee hive door is closed. 
	a jug (containing nothing)
	a shovel
	a sink, which is turned off. In the sink is: nothing.
You also see:
	A door to the hallway (that is open)
	A door to the outside (that is open)
In your inventory, you see:
	an orange

Warning: model not found. Using cl100k_base encoding.
2026-09-20 11:01:40 | INFO | tasks.scienceworld | Step 00 - Action: go to hallway
2026-09-20 11:01:40 | INFO | tasks.scienceworld | Step 00 - Observation: You move to the hallway.
2026-09-20 11:01:40 | INFO | tasks.scienceworld | Step 00 - Progress Rate: 0.0

Warning: model not found. Using cl100k_base encoding.
2026-09-20 11:01:43 | INFO | tasks.scienceworld | Step 01 - Action: go to kitchen
2026-09-20 11:01:44 | INFO | tasks.scienceworld | Step 01 - Observation: You move to the kitchen.
2026-09-20 11:01:44 | INFO | tasks.scienceworld | Step 01 - Progress Rate: 0.14285714285714285

Warning: model not found. Using cl100k_base encoding.
2026-09-20 11:01:45 | INFO | tasks.scienceworld | Step 02 - Action: look around
2026-09-20 11:01:45 | INFO | tasks.scienceworld | Step 02 - Observation: This room is called the kitchen. In it, you see: 
	the agent
	a substance called air
	a blue box (containing nothing)
	a chair. On the chair is: nothing.
	a counter. On the counter is: a bowl (containing a red apple, a banana, an orange, a potato), a drawer.
	a cupboard. The cupboard door is closed. 
	a freezer. The freezer door is closed. 
	a fridge. The fridge door is closed. 
	a glass jar (containing a substance called sodium chloride)
	a green box (containing nothing)
	a lighter
	a oven, which is turned off. The oven door is closed. 
	a painting
	a sink, which is turned off. In the sink is: nothing.
	a substance called soap
	solid unknown substance H
	a stopwatch, which is deactivated. 
	a stove, which is turned off. On the stove is: nothing.
	a table. On the table is: a glass cup (containing nothing).
	a thermometer, currently reading a temperature of 10 degrees celsius
You also see:
	A door to the bathroom (that is open)
	A door to the hallway (that is open)
	A door to the outside (that is open)
2026-09-20 11:01:45 | INFO | tasks.scienceworld | Step 02 - Progress Rate: 0.14285714285714285

Warning: model not found. Using cl100k_base encoding.
2026-09-20 11:01:47 | INFO | tasks.scienceworld | Step 03 - Action: pick up thermometer
2026-09-20 11:01:47 | INFO | tasks.scienceworld | Step 03 - Observation: You move the thermometer to the inventory.
2026-09-20 11:01:47 | INFO | tasks.scienceworld | Step 03 - Progress Rate: 0.2857142857142857

Warning: model not found. Using cl100k_base encoding.
2026-09-20 11:01:49 | INFO | tasks.scienceworld | Step 04 - Action: open cupboard
2026-09-20 11:01:49 | INFO | tasks.scienceworld | Step 04 - Observation: The cupboard is now open.
2026-09-20 11:01:49 | INFO | tasks.scienceworld | Step 04 - Progress Rate: 0.2857142857142857

Warning: model not found. Using cl100k_base encoding.
2026-09-20 11:01:50 | INFO | tasks.scienceworld | Step 05 - Action: look in cupboard
2026-09-20 11:01:50 | INFO | tasks.scienceworld | Step 05 - Observation: Inside the cupboard is: 
	a ceramic cup (containing nothing)
	a drawer
	a metal pot (containing nothing)
	a tin cup (containing nothing)
2026-09-20 11:01:50 | INFO | tasks.scienceworld | Step 05 - Progress Rate: 0.2857142857142857

Warning: model not found. Using cl100k_base encoding.
2026-09-20 11:01:54 | INFO | tasks.scienceworld | Step 06 - Action: pick up metal pot
2026-09-20 11:01:54 | INFO | tasks.scienceworld | Step 06 - Observation: You move the metal pot to the inventory.
2026-09-20 11:01:54 | INFO | tasks.scienceworld | Step 06 - Progress Rate: 0.2857142857142857

Warning: model not found. Using cl100k_base encoding.
2026-09-20 11:01:56 | INFO | tasks.scienceworld | Step 07 - Action: pick up solid unknown substance H
2026-09-20 11:01:56 | INFO | tasks.scienceworld | Step 07 - Observation: You move the solid unknown substance H to the inventory.
2026-09-20 11:01:56 | INFO | tasks.scienceworld | Step 07 - Progress Rate: 0.2857142857142857

Warning: model not found. Using cl100k_base encoding.
2026-09-20 11:01:58 | INFO | tasks.scienceworld | Step 08 - Action: move metal pot to stove
2026-09-20 11:01:59 | INFO | tasks.scienceworld | Step 08 - Observation: You move the metal pot to the stove.
2026-09-20 11:01:59 | INFO | tasks.scienceworld | Step 08 - Progress Rate: 0.42857142857142855

Warning: model not found. Using cl100k_base encoding.
2026-09-20 11:02:01 | INFO | tasks.scienceworld | Step 09 - Action: move solid unknown substance H to metal pot
2026-09-20 11:02:01 | INFO | tasks.scienceworld | Step 09 - Observation: You move the solid unknown substance H to the metal pot.
2026-09-20 11:02:01 | INFO | tasks.scienceworld | Step 09 - Progress Rate: 0.5714285714285714

Warning: model not found. Using cl100k_base encoding.
2026-09-20 11:02:03 | INFO | tasks.scienceworld | Step 10 - Action: activate stove
2026-09-20 11:02:03 | INFO | tasks.scienceworld | Step 10 - Observation: The stove is now activated.
2026-09-20 11:02:03 | INFO | tasks.scienceworld | Step 10 - Progress Rate: 0.7142857142857143

Warning: model not found. Using cl100k_base encoding.
2026-09-20 11:02:05 | INFO | tasks.scienceworld | Step 11 - Action: look at substance in metal pot
2026-09-20 11:02:05 | INFO | tasks.scienceworld | Step 11 - Observation: No known action matches that input.
2026-09-20 11:02:05 | INFO | tasks.scienceworld | Step 11 - Progress Rate: 0.7142857142857143

Warning: model not found. Using cl100k_base encoding.
2026-09-20 11:02:08 | INFO | tasks.scienceworld | Step 12 - Action: focus on substance in metal pot
2026-09-20 11:02:08 | INFO | tasks.scienceworld | Step 12 - Observation: No known action matches that input.
2026-09-20 11:02:08 | INFO | tasks.scienceworld | Step 12 - Progress Rate: 0.7142857142857143

Warning: model not found. Using cl100k_base encoding.
2026-09-20 11:02:24 | INFO | tasks.scienceworld | Step 13 - Action: 
2026-09-20 11:02:24 | INFO | tasks.scienceworld | Step 13 - Observation: No known action matches that input.
2026-09-20 11:02:24 | INFO | tasks.scienceworld | Step 13 - Progress Rate: 0.7142857142857143

Warning: model not found. Using cl100k_base encoding.
2026-09-20 11:02:27 | INFO | tasks.scienceworld | Step 14 - Action: check valid actions
2026-09-20 11:02:27 | INFO | tasks.scienceworld | Step 14 - Observation: Choose an action from these valid actions: activate OBJ, close OBJ, deactivate OBJ, dunk OBJ in OBJ, eat OBJ, flush OBJ, focus on OBJ, go OBJ, inventory, look around, look at OBJ, look in OBJ, mix OBJ, move OBJ to OBJ, open OBJ, pick up OBJ, pour OBJ in OBJ, put down OBJ, read OBJ, task, use OBJ on OBJ, wait, wait1, check valid actions
2026-09-20 11:02:27 | INFO | tasks.scienceworld | Step 14 - Progress Rate: 0.7142857142857143

Warning: model not found. Using cl100k_base encoding.
2026-09-20 11:02:29 | INFO | tasks.scienceworld | Step 15 - Action: look in metal pot
2026-09-20 11:02:29 | INFO | tasks.scienceworld | Step 15 - Observation: Inside the metal pot is: 
	solid unknown substance H
2026-09-20 11:02:29 | INFO | tasks.scienceworld | Step 15 - Progress Rate: 0.7142857142857143

Warning: model not found. Using cl100k_base encoding.
2026-09-20 11:02:33 | INFO | tasks.scienceworld | Step 16 - Action: use thermometer on solid unknown substance H
2026-09-20 11:02:33 | INFO | tasks.scienceworld | Step 16 - Observation: the thermometer measures a temperature of 16 degrees celsius
2026-09-20 11:02:33 | INFO | tasks.scienceworld | Step 16 - Progress Rate: 0.7142857142857143

Warning: model not found. Using cl100k_base encoding.
2026-09-20 11:02:34 | INFO | tasks.scienceworld | Step 17 - Action: use thermometer on solid unknown substance H
2026-09-20 11:02:35 | INFO | tasks.scienceworld | Step 17 - Observation: the thermometer measures a temperature of 21 degrees celsius
2026-09-20 11:02:35 | INFO | tasks.scienceworld | Step 17 - Progress Rate: 0.8571428571428571

Warning: model not found. Using cl100k_base encoding.
2026-09-20 11:02:36 | INFO | tasks.scienceworld | Step 18 - Action: use thermometer on solid unknown substance H
2026-09-20 11:02:36 | INFO | tasks.scienceworld | Step 18 - Observation: the thermometer measures a temperature of 27 degrees celsius
2026-09-20 11:02:36 | INFO | tasks.scienceworld | Step 18 - Progress Rate: 0.8571428571428571

Warning: model not found. Using cl100k_base encoding.
2026-09-20 11:02:41 | INFO | tasks.scienceworld | Step 19 - Action: use thermometer on solid unknown substance H
2026-09-20 11:02:41 | INFO | tasks.scienceworld | Step 19 - Observation: the thermometer measures a temperature of 33 degrees celsius
2026-09-20 11:02:41 | INFO | tasks.scienceworld | Step 19 - Progress Rate: 0.8571428571428571

Warning: model not found. Using cl100k_base encoding.
2026-09-20 11:02:42 | INFO | tasks.scienceworld | Step 20 - Action: use thermometer on solid unknown substance H
2026-09-20 11:02:43 | INFO | tasks.scienceworld | Step 20 - Observation: the thermometer measures a temperature of 40 degrees celsius
2026-09-20 11:02:43 | INFO | tasks.scienceworld | Step 20 - Progress Rate: 0.8571428571428571

Warning: model not found. Using cl100k_base encoding.
2026-09-20 11:02:48 | INFO | tasks.scienceworld | Step 21 - Action: use thermometer on solid unknown substance H
2026-09-20 11:02:49 | INFO | tasks.scienceworld | Step 21 - Observation: the thermometer measures a temperature of 47 degrees celsius
2026-09-20 11:02:49 | INFO | tasks.scienceworld | Step 21 - Progress Rate: 0.8571428571428571

Warning: model not found. Using cl100k_base encoding.
2026-09-20 11:02:50 | INFO | tasks.scienceworld | Step 22 - Action: look in metal pot
2026-09-20 11:02:51 | INFO | tasks.scienceworld | Step 22 - Observation: Inside the metal pot is: 
	solid unknown substance H
2026-09-20 11:02:51 | INFO | tasks.scienceworld | Step 22 - Progress Rate: 0.8571428571428571

Warning: model not found. Using cl100k_base encoding.
2026-09-20 11:02:53 | INFO | tasks.scienceworld | Step 23 - Action: use thermometer on solid unknown substance H
2026-09-20 11:02:53 | INFO | tasks.scienceworld | Step 23 - Observation: the thermometer measures a temperature of 61 degrees celsius
2026-09-20 11:02:53 | INFO | tasks.scienceworld | Step 23 - Progress Rate: 0.8571428571428571

Warning: model not found. Using cl100k_base encoding.
2026-09-20 11:02:55 | INFO | tasks.scienceworld | Step 24 - Action: use thermometer on solid unknown substance H
2026-09-20 11:02:55 | INFO | tasks.scienceworld | Step 24 - Observation: the thermometer measures a temperature of 67 degrees celsius
2026-09-20 11:02:55 | INFO | tasks.scienceworld | Step 24 - Progress Rate: 0.8571428571428571

Warning: model not found. Using cl100k_base encoding.
2026-09-20 11:02:57 | INFO | tasks.scienceworld | Step 25 - Action: use thermometer on solid unknown substance H
2026-09-20 11:02:57 | INFO | tasks.scienceworld | Step 25 - Observation: the thermometer measures a temperature of 74 degrees celsius
2026-09-20 11:02:57 | INFO | tasks.scienceworld | Step 25 - Progress Rate: 0.8571428571428571

Warning: model not found. Using cl100k_base encoding.
2026-09-20 11:03:01 | INFO | tasks.scienceworld | Step 26 - Action: use thermometer on solid unknown substance H
2026-09-20 11:03:01 | INFO | tasks.scienceworld | Step 26 - Observation: the thermometer measures a temperature of 81 degrees celsius
2026-09-20 11:03:01 | INFO | tasks.scienceworld | Step 26 - Progress Rate: 0.8571428571428571

Warning: model not found. Using cl100k_base encoding.
2026-09-20 11:03:03 | INFO | tasks.scienceworld | Step 27 - Action: use thermometer on solid unknown substance H
2026-09-20 11:03:03 | INFO | tasks.scienceworld | Step 27 - Observation: the thermometer measures a temperature of 87 degrees celsius
2026-09-20 11:03:03 | INFO | tasks.scienceworld | Step 27 - Progress Rate: 0.8571428571428571

Warning: model not found. Using cl100k_base encoding.
2026-09-20 11:03:05 | INFO | tasks.scienceworld | Step 28 - Action: use thermometer on solid unknown substance H
2026-09-20 11:03:05 | INFO | tasks.scienceworld | Step 28 - Observation: the thermometer measures a temperature of 93 degrees celsius
2026-09-20 11:03:05 | INFO | tasks.scienceworld | Step 28 - Progress Rate: 0.8571428571428571

Warning: model not found. Using cl100k_base encoding.
2026-09-20 11:03:07 | INFO | tasks.scienceworld | Step 29 - Action: use thermometer on solid unknown substance H
2026-09-20 11:03:07 | INFO | tasks.scienceworld | Step 29 - Observation: the thermometer measures a temperature of 99 degrees celsius
2026-09-20 11:03:07 | INFO | tasks.scienceworld | Step 29 - Progress Rate: 0.8571428571428571

2026-09-20 11:03:07 | FINISH | tasks.scienceworld | [1;33mExample 13 | Success: False , Progress Rate: 0.8571428571428571 , Steps: 30
[0m
2026-09-20 11:03:07 | GOAL | tasks.scienceworld | [1;34mExample 14 | Goal: task_name: measure-melting-point-unknown-substance, var: 7, Your task is to measure the melting point of solid unknown substance H in the kitchen. The objects you can use are thermometer, metal pot, stove in the kitchen. You should monitor the temperature and examine the substance during the heating process. Once you melt the solid unknown substance H (transforming into liquid substance h), you should use thermometer to measure its the temperature. If the melting point of solid unknown substance H is above 10.0 degrees celsius, focus on the blue box. If the melting point of unknown substance H is below 10.0 degrees celsius, focus on the orange box. The boxes are located around the kitchen.[0m
2026-09-20 11:03:07 | INFO | scienceworld.scienceworld | Loading: measure-melting-point-unknown-substance (variation: 7) (simplifications: selfWateringFlowerPots,openContainers,openDoors,noElectricalAction)
2026-09-20 11:03:07 | INFO | tasks.scienceworld | Step 00 - Observation: This room is called the hallway. In it, you see: 
	the agent
	a substance called air
	a drawing
You also see:
	A door to the art studio (that is open)
	A door to the bedroom (that is open)
	A door to the greenhouse (that is open)
	A door to the kitchen (that is open)
	A door to the living room (that is open)
	A door to the workshop (that is open)
In your inventory, you see:
	an orange

Warning: model not found. Using cl100k_base encoding.
2026-09-20 11:03:09 | INFO | tasks.scienceworld | Step 00 - Action: go to kitchen
2026-09-20 11:03:09 | INFO | tasks.scienceworld | Step 00 - Observation: You move to the kitchen.
2026-09-20 11:03:09 | INFO | tasks.scienceworld | Step 00 - Progress Rate: 0.14285714285714285

Warning: model not found. Using cl100k_base encoding.
2026-09-20 11:03:10 | INFO | tasks.scienceworld | Step 01 - Action: look around
2026-09-20 11:03:10 | INFO | tasks.scienceworld | Step 01 - Observation: This room is called the kitchen. In it, you see: 
	the agent
	a substance called air
	a blue box (containing nothing)
	a chair. On the chair is: nothing.
	a counter. On the counter is: a bowl (containing a red apple, a banana, an orange, a potato), a drawer.
	a cupboard. The cupboard door is closed. 
	a freezer. The freezer door is closed. 
	a fridge. The fridge door is closed. 
	a glass jar (containing a substance called sodium chloride)
	a lighter
	a orange box (containing nothing)
	a oven, which is turned off. The oven door is closed. 
	a painting
	a sink, which is turned off. In the sink is: nothing.
	a substance called soap
	solid unknown substance H
	a stopwatch, which is deactivated. 
	a stove, which is turned off. On the stove is: nothing.
	a table. On the table is: a glass cup (containing nothing).
	a thermometer, currently reading a temperature of 10 degrees celsius
You also see:
	A door to the bathroom (that is open)
	A door to the hallway (that is open)
	A door to the outside (that is open)
2026-09-20 11:03:10 | INFO | tasks.scienceworld | Step 01 - Progress Rate: 0.14285714285714285

Warning: model not found. Using cl100k_base encoding.
2026-09-20 11:03:12 | INFO | tasks.scienceworld | Step 02 - Action: pick up solid unknown substance H
2026-09-20 11:03:13 | INFO | tasks.scienceworld | Step 02 - Observation: You move the solid unknown substance H to the inventory.
2026-09-20 11:03:13 | INFO | tasks.scienceworld | Step 02 - Progress Rate: 0.14285714285714285

Warning: model not found. Using cl100k_base encoding.
2026-09-20 11:03:14 | INFO | tasks.scienceworld | Step 03 - Action: open cupboard
2026-09-20 11:03:14 | INFO | tasks.scienceworld | Step 03 - Observation: The cupboard is now open.
2026-09-20 11:03:14 | INFO | tasks.scienceworld | Step 03 - Progress Rate: 0.14285714285714285

Warning: model not found. Using cl100k_base encoding.
2026-09-20 11:03:18 | INFO | tasks.scienceworld | Step 04 - Action: look in cupboard
2026-09-20 11:03:18 | INFO | tasks.scienceworld | Step 04 - Observation: Inside the cupboard is: 
	a ceramic cup (containing nothing)
	a drawer
	a metal pot (containing nothing)
	a tin cup (containing nothing)
2026-09-20 11:03:18 | INFO | tasks.scienceworld | Step 04 - Progress Rate: 0.14285714285714285

Warning: model not found. Using cl100k_base encoding.
2026-09-20 11:03:20 | INFO | tasks.scienceworld | Step 05 - Action: pick up metal pot
2026-09-20 11:03:21 | INFO | tasks.scienceworld | Step 05 - Observation: You move the metal pot to the inventory.
2026-09-20 11:03:21 | INFO | tasks.scienceworld | Step 05 - Progress Rate: 0.14285714285714285

Warning: model not found. Using cl100k_base encoding.
2026-09-20 11:03:25 | INFO | tasks.scienceworld | Step 06 - Action: move solid unknown substance H to metal pot
2026-09-20 11:03:25 | INFO | tasks.scienceworld | Step 06 - Observation: You move the solid unknown substance H to the metal pot.
2026-09-20 11:03:25 | INFO | tasks.scienceworld | Step 06 - Progress Rate: 0.2857142857142857

Warning: model not found. Using cl100k_base encoding.
2026-09-20 11:03:27 | INFO | tasks.scienceworld | Step 07 - Action: move metal pot to stove
2026-09-20 11:03:27 | INFO | tasks.scienceworld | Step 07 - Observation: You move the metal pot to the stove.
2026-09-20 11:03:27 | INFO | tasks.scienceworld | Step 07 - Progress Rate: 0.42857142857142855

Warning: model not found. Using cl100k_base encoding.
2026-09-20 11:03:30 | INFO | tasks.scienceworld | Step 08 - Action: pick up thermometer
2026-09-20 11:03:30 | INFO | tasks.scienceworld | Step 08 - Observation: You move the thermometer to the inventory.
2026-09-20 11:03:30 | INFO | tasks.scienceworld | Step 08 - Progress Rate: 0.5714285714285714

Warning: model not found. Using cl100k_base encoding.
2026-09-20 11:03:31 | INFO | tasks.scienceworld | Step 09 - Action: activate stove
2026-09-20 11:03:31 | INFO | tasks.scienceworld | Step 09 - Observation: The stove is now activated.
2026-09-20 11:03:31 | INFO | tasks.scienceworld | Step 09 - Progress Rate: 0.7142857142857143

Warning: model not found. Using cl100k_base encoding.
2026-09-20 11:03:36 | INFO | tasks.scienceworld | Step 10 - Action: use thermometer in inventory on substance in metal pot
2026-09-20 11:03:36 | INFO | tasks.scienceworld | Step 10 - Observation: No known action matches that input.
2026-09-20 11:03:36 | INFO | tasks.scienceworld | Step 10 - Progress Rate: 0.7142857142857143

Warning: model not found. Using cl100k_base encoding.
2026-09-20 11:03:38 | INFO | tasks.scienceworld | Step 11 - Action: check valid actions
2026-09-20 11:03:38 | INFO | tasks.scienceworld | Step 11 - Observation: Choose an action from these valid actions: activate OBJ, close OBJ, deactivate OBJ, dunk OBJ in OBJ, eat OBJ, flush OBJ, focus on OBJ, go OBJ, inventory, look around, look at OBJ, look in OBJ, mix OBJ, move OBJ to OBJ, open OBJ, pick up OBJ, pour OBJ in OBJ, put down OBJ, read OBJ, task, use OBJ on OBJ, wait, wait1, check valid actions
2026-09-20 11:03:38 | INFO | tasks.scienceworld | Step 11 - Progress Rate: 0.7142857142857143

Warning: model not found. Using cl100k_base encoding.
2026-09-20 11:03:40 | INFO | tasks.scienceworld | Step 12 - Action: use thermometer on substance in metal pot
2026-09-20 11:03:40 | INFO | tasks.scienceworld | Step 12 - Observation: No known action matches that input.
2026-09-20 11:03:40 | INFO | tasks.scienceworld | Step 12 - Progress Rate: 0.7142857142857143

Warning: model not found. Using cl100k_base encoding.
2026-09-20 11:03:43 | INFO | tasks.scienceworld | Step 13 - Action: use thermometer on solid unknown substance H
2026-09-20 11:03:43 | INFO | tasks.scienceworld | Step 13 - Observation: the thermometer measures a temperature of 12 degrees celsius
2026-09-20 11:03:43 | INFO | tasks.scienceworld | Step 13 - Progress Rate: 0.8571428571428571

Warning: model not found. Using cl100k_base encoding.
2026-09-20 11:03:47 | INFO | tasks.scienceworld | Step 14 - Action: look at substance in metal pot
2026-09-20 11:03:48 | INFO | tasks.scienceworld | Step 14 - Observation: No known action matches that input.
2026-09-20 11:03:48 | INFO | tasks.scienceworld | Step 14 - Progress Rate: 0.8571428571428571

Warning: model not found. Using cl100k_base encoding.
2026-09-20 11:03:51 | INFO | tasks.scienceworld | Step 15 - Action: focus on substance in metal pot
2026-09-20 11:03:51 | INFO | tasks.scienceworld | Step 15 - Observation: No known action matches that input.
2026-09-20 11:03:51 | INFO | tasks.scienceworld | Step 15 - Progress Rate: 0.8571428571428571

Warning: model not found. Using cl100k_base encoding.
2026-09-20 11:03:54 | INFO | tasks.scienceworld | Step 16 - Action: look at solid unknown substance H
2026-09-20 11:03:54 | INFO | tasks.scienceworld | Step 16 - Observation: solid unknown substance H
2026-09-20 11:03:54 | INFO | tasks.scienceworld | Step 16 - Progress Rate: 0.8571428571428571

Warning: model not found. Using cl100k_base encoding.
2026-09-20 11:04:00 | INFO | tasks.scienceworld | Step 17 - Action: use thermometer on solid unknown substance H
2026-09-20 11:04:01 | INFO | tasks.scienceworld | Step 17 - Observation: the thermometer measures a temperature of 21 degrees celsius
2026-09-20 11:04:01 | INFO | tasks.scienceworld | Step 17 - Progress Rate: 0.8571428571428571

Warning: model not found. Using cl100k_base encoding.
2026-09-20 11:04:03 | INFO | tasks.scienceworld | Step 18 - Action: use thermometer on solid unknown substance H
2026-09-20 11:04:03 | INFO | tasks.scienceworld | Step 18 - Observation: the thermometer measures a temperature of 27 degrees celsius
2026-09-20 11:04:03 | INFO | tasks.scienceworld | Step 18 - Progress Rate: 0.8571428571428571

Warning: model not found. Using cl100k_base encoding.
2026-09-20 11:04:05 | INFO | tasks.scienceworld | Step 19 - Action: use thermometer on solid unknown substance H
2026-09-20 11:04:06 | INFO | tasks.scienceworld | Step 19 - Observation: the thermometer measures a temperature of 33 degrees celsius
2026-09-20 11:04:06 | INFO | tasks.scienceworld | Step 19 - Progress Rate: 0.8571428571428571

Warning: model not found. Using cl100k_base encoding.
2026-09-20 11:04:11 | INFO | tasks.scienceworld | Step 20 - Action: use thermometer on solid unknown substance H
2026-09-20 11:04:11 | INFO | tasks.scienceworld | Step 20 - Observation: the thermometer measures a temperature of 40 degrees celsius
2026-09-20 11:04:11 | INFO | tasks.scienceworld | Step 20 - Progress Rate: 0.8571428571428571

Warning: model not found. Using cl100k_base encoding.
2026-09-20 11:04:13 | INFO | tasks.scienceworld | Step 21 - Action: use thermometer on solid unknown substance H
2026-09-20 11:04:13 | INFO | tasks.scienceworld | Step 21 - Observation: the thermometer measures a temperature of 47 degrees celsius
2026-09-20 11:04:13 | INFO | tasks.scienceworld | Step 21 - Progress Rate: 0.8571428571428571

Warning: model not found. Using cl100k_base encoding.
2026-09-20 11:04:15 | INFO | tasks.scienceworld | Step 22 - Action: use thermometer on solid unknown substance H
2026-09-20 11:04:15 | INFO | tasks.scienceworld | Step 22 - Observation: the thermometer measures a temperature of 54 degrees celsius
2026-09-20 11:04:15 | INFO | tasks.scienceworld | Step 22 - Progress Rate: 0.8571428571428571

Warning: model not found. Using cl100k_base encoding.
2026-09-20 11:04:17 | INFO | tasks.scienceworld | Step 23 - Action: use thermometer on solid unknown substance H
2026-09-20 11:04:17 | INFO | tasks.scienceworld | Step 23 - Observation: the thermometer measures a temperature of 61 degrees celsius
2026-09-20 11:04:17 | INFO | tasks.scienceworld | Step 23 - Progress Rate: 0.8571428571428571

Warning: model not found. Using cl100k_base encoding.
2026-09-20 11:04:21 | INFO | tasks.scienceworld | Step 24 - Action: look at solid unknown substance H
2026-09-20 11:04:21 | INFO | tasks.scienceworld | Step 24 - Observation: solid unknown substance H
2026-09-20 11:04:21 | INFO | tasks.scienceworld | Step 24 - Progress Rate: 0.8571428571428571

Warning: model not found. Using cl100k_base encoding.
2026-09-20 11:04:24 | INFO | tasks.scienceworld | Step 25 - Action: use thermometer on solid unknown substance H
2026-09-20 11:04:24 | INFO | tasks.scienceworld | Step 25 - Observation: the thermometer measures a temperature of 74 degrees celsius
2026-09-20 11:04:24 | INFO | tasks.scienceworld | Step 25 - Progress Rate: 0.8571428571428571

Warning: model not found. Using cl100k_base encoding.
2026-09-20 11:04:27 | INFO | tasks.scienceworld | Step 26 - Action: look at solid unknown substance H
2026-09-20 11:04:27 | INFO | tasks.scienceworld | Step 26 - Observation: solid unknown substance H
2026-09-20 11:04:27 | INFO | tasks.scienceworld | Step 26 - Progress Rate: 0.8571428571428571

Warning: model not found. Using cl100k_base encoding.
2026-09-20 11:04:29 | INFO | tasks.scienceworld | Step 27 - Action: use thermometer on solid unknown substance H
2026-09-20 11:04:29 | INFO | tasks.scienceworld | Step 27 - Observation: the thermometer measures a temperature of 87 degrees celsius
2026-09-20 11:04:29 | INFO | tasks.scienceworld | Step 27 - Progress Rate: 0.8571428571428571

Warning: model not found. Using cl100k_base encoding.
2026-09-20 11:04:31 | INFO | tasks.scienceworld | Step 28 - Action: look at solid unknown substance H
2026-09-20 11:04:31 | INFO | tasks.scienceworld | Step 28 - Observation: solid unknown substance H
2026-09-20 11:04:31 | INFO | tasks.scienceworld | Step 28 - Progress Rate: 0.8571428571428571

Warning: model not found. Using cl100k_base encoding.
2026-09-20 11:04:35 | INFO | tasks.scienceworld | Step 29 - Action: look at solid unknown substance H
2026-09-20 11:04:35 | INFO | tasks.scienceworld | Step 29 - Observation: solid unknown substance H
2026-09-20 11:04:35 | INFO | tasks.scienceworld | Step 29 - Progress Rate: 0.8571428571428571

2026-09-20 11:04:35 | FINISH | tasks.scienceworld | [1;33mExample 14 | Success: False , Progress Rate: 0.8571428571428571 , Steps: 30
[0m
2026-09-20 11:04:35 | GOAL | tasks.scienceworld | [1;34mExample 15 | Goal: task_name: use-thermometer, var: 5, Your task is to measure the temperature of sodium chloride, which is located around the bathroom. You should pick up a temperature and sodium chloride for temperature measurement. If the sodium chloride temperature is above 100.0 degrees celsius, place it in the green box. If the sodium chloride temperature is below 100.0 degrees celsius, place it in the blue box. The boxes are located around the bedroom.[0m
2026-09-20 11:04:35 | INFO | scienceworld.scienceworld | Loading: use-thermometer (variation: 5) (simplifications: selfWateringFlowerPots,openContainers,openDoors,noElectricalAction)
2026-09-20 11:04:35 | INFO | tasks.scienceworld | Step 00 - Observation: This room is called the workshop. In it, you see: 
	the agent
	a substance called air
	a table. On the table is: a battery, a black wire, a blue wire, a orange wire, a red light bulb, which is off, a switch, which is off, a violet light bulb, which is off, a yellow light bulb, which is off.
	a ultra low temperature freezer. The ultra low temperature freezer door is closed. 
You also see:
	A door to the hallway (that is open)
In your inventory, you see:
	an orange

Warning: model not found. Using cl100k_base encoding.
2026-09-20 11:04:37 | INFO | tasks.scienceworld | Step 00 - Action: go to hallway
2026-09-20 11:04:37 | INFO | tasks.scienceworld | Step 00 - Observation: You move to the hallway.
2026-09-20 11:04:37 | INFO | tasks.scienceworld | Step 00 - Progress Rate: 0.0

Warning: model not found. Using cl100k_base encoding.
2026-09-20 11:04:38 | INFO | tasks.scienceworld | Step 01 - Action: go to bathroom
2026-09-20 11:04:38 | INFO | tasks.scienceworld | Step 01 - Observation: No known action matches that input.
2026-09-20 11:04:38 | INFO | tasks.scienceworld | Step 01 - Progress Rate: 0.0

Warning: model not found. Using cl100k_base encoding.
2026-09-20 11:04:40 | INFO | tasks.scienceworld | Step 02 - Action: look around
2026-09-20 11:04:40 | INFO | tasks.scienceworld | Step 02 - Observation: This room is called the hallway. In it, you see: 
	the agent
	a substance called air
	a painting
You also see:
	A door to the art studio (that is open)
	A door to the bedroom (that is open)
	A door to the greenhouse (that is open)
	A door to the kitchen (that is open)
	A door to the living room (that is open)
	A door to the workshop (that is open)
2026-09-20 11:04:40 | INFO | tasks.scienceworld | Step 02 - Progress Rate: 0.0

Warning: model not found. Using cl100k_base encoding.
2026-09-20 11:04:43 | INFO | tasks.scienceworld | Step 03 - Action: go to kitchen
2026-09-20 11:04:43 | INFO | tasks.scienceworld | Step 03 - Observation: You move to the kitchen.
2026-09-20 11:04:43 | INFO | tasks.scienceworld | Step 03 - Progress Rate: 0.0

Warning: model not found. Using cl100k_base encoding.
2026-09-20 11:04:44 | INFO | tasks.scienceworld | Step 04 - Action: look around
2026-09-20 11:04:44 | INFO | tasks.scienceworld | Step 04 - Observation: This room is called the kitchen. In it, you see: 
	the agent
	a substance called air
	a chair. On the chair is: nothing.
	a counter. On the counter is: a bowl (containing a red apple, a banana, an orange, a potato), a drawer.
	a cupboard. The cupboard door is closed. 
	a freezer. The freezer door is closed. 
	a fridge. The fridge door is closed. 
	a glass jar (containing a substance called sodium chloride)
	a lighter
	a oven, which is turned off. The oven door is closed. 
	a painting
	a sink, which is turned off. In the sink is: nothing.
	a substance called soap
	a stopwatch, which is deactivated. 
	a stove, which is turned off. On the stove is: nothing.
	a table. On the table is: a glass cup (containing nothing).
	a thermometer, currently reading a temperature of 10 degrees celsius
You also see:
	A door to the bathroom (that is open)
	A door to the hallway (that is open)
	A door to the outside (that is open)
2026-09-20 11:04:44 | INFO | tasks.scienceworld | Step 04 - Progress Rate: 0.0

Warning: model not found. Using cl100k_base encoding.
2026-09-20 11:04:46 | INFO | tasks.scienceworld | Step 05 - Action: pick up thermometer
2026-09-20 11:04:46 | INFO | tasks.scienceworld | Step 05 - Observation: You move the thermometer to the inventory.
2026-09-20 11:04:46 | INFO | tasks.scienceworld | Step 05 - Progress Rate: 0.16666666666666666

Warning: model not found. Using cl100k_base encoding.
2026-09-20 11:04:49 | INFO | tasks.scienceworld | Step 06 - Action: pick up sodium chloride
2026-09-20 11:04:49 | INFO | tasks.scienceworld | Step 06 - Observation: No known action matches that input.
2026-09-20 11:04:49 | INFO | tasks.scienceworld | Step 06 - Progress Rate: 0.16666666666666666

Warning: model not found. Using cl100k_base encoding.
2026-09-20 11:04:53 | INFO | tasks.scienceworld | Step 07 - Action: check valid actions
2026-09-20 11:04:53 | INFO | tasks.scienceworld | Step 07 - Observation: Choose an action from these valid actions: activate OBJ, close OBJ, deactivate OBJ, dunk OBJ in OBJ, eat OBJ, flush OBJ, focus on OBJ, go OBJ, inventory, look around, look at OBJ, look in OBJ, mix OBJ, move OBJ to OBJ, open OBJ, pick up OBJ, pour OBJ in OBJ, put down OBJ, read OBJ, task, use OBJ on OBJ, wait, wait1, check valid actions
2026-09-20 11:04:53 | INFO | tasks.scienceworld | Step 07 - Progress Rate: 0.16666666666666666

Warning: model not found. Using cl100k_base encoding.
2026-09-20 11:04:55 | INFO | tasks.scienceworld | Step 08 - Action: go to bathroom
2026-09-20 11:04:55 | INFO | tasks.scienceworld | Step 08 - Observation: You move to the bathroom.
2026-09-20 11:04:55 | INFO | tasks.scienceworld | Step 08 - Progress Rate: 0.3333333333333333

Warning: model not found. Using cl100k_base encoding.
2026-09-20 11:04:56 | INFO | tasks.scienceworld | Step 09 - Action: look around
2026-09-20 11:04:56 | INFO | tasks.scienceworld | Step 09 - Observation: This room is called the bathroom. In it, you see: 
	the agent
	a substance called air
	a bathtub, which is turned off. In the bathtub is: nothing.
	a finger painting
	a glass cup (containing nothing)
	a sink, which is turned off. In the sink is: nothing.
	a substance called sodium chloride
	a toilet. In the toilet is: A drain, which is closed, a substance called water.
You also see:
	A door to the kitchen (that is open)
2026-09-20 11:04:56 | INFO | tasks.scienceworld | Step 09 - Progress Rate: 0.3333333333333333

Warning: model not found. Using cl100k_base encoding.
2026-09-20 11:04:59 | INFO | tasks.scienceworld | Step 10 - Action: use thermometer on sodium chloride
2026-09-20 11:04:59 | INFO | tasks.scienceworld | Step 10 - Observation: the thermometer measures a temperature of 253 degrees celsius
2026-09-20 11:04:59 | INFO | tasks.scienceworld | Step 10 - Progress Rate: 0.5

Warning: model not found. Using cl100k_base encoding.
2026-09-20 11:05:02 | INFO | tasks.scienceworld | Step 11 - Action: pick up sodium chloride
2026-09-20 11:05:02 | INFO | tasks.scienceworld | Step 11 - Observation: You move the sodium chloride to the inventory.
2026-09-20 11:05:02 | INFO | tasks.scienceworld | Step 11 - Progress Rate: 0.6666666666666666

Warning: model not found. Using cl100k_base encoding.
2026-09-20 11:05:03 | INFO | tasks.scienceworld | Step 12 - Action: go to kitchen
2026-09-20 11:05:03 | INFO | tasks.scienceworld | Step 12 - Observation: You move to the kitchen.
2026-09-20 11:05:03 | INFO | tasks.scienceworld | Step 12 - Progress Rate: 0.6666666666666666

Warning: model not found. Using cl100k_base encoding.
2026-09-20 11:05:04 | INFO | tasks.scienceworld | Step 13 - Action: go to hallway
2026-09-20 11:05:04 | INFO | tasks.scienceworld | Step 13 - Observation: You move to the hallway.
2026-09-20 11:05:04 | INFO | tasks.scienceworld | Step 13 - Progress Rate: 0.6666666666666666

Warning: model not found. Using cl100k_base encoding.
2026-09-20 11:05:05 | INFO | tasks.scienceworld | Step 14 - Action: go to bedroom
2026-09-20 11:05:06 | INFO | tasks.scienceworld | Step 14 - Observation: You move to the bedroom.
2026-09-20 11:05:06 | INFO | tasks.scienceworld | Step 14 - Progress Rate: 0.8333333333333334

Warning: model not found. Using cl100k_base encoding.
2026-09-20 11:05:07 | INFO | tasks.scienceworld | Step 15 - Action: look around
2026-09-20 11:05:07 | INFO | tasks.scienceworld | Step 15 - Observation: This room is called the bedroom. In it, you see: 
	the agent
	a substance called air
	a bed. On the bed is: a mattress. On the mattress is: a white pillow..
	a blue box (containing nothing)
	a closet. The closet door is closed. 
	a green box (containing nothing)
	a painting
	a table. On the table is: nothing.
You also see:
	A door to the hallway (that is open)
2026-09-20 11:05:07 | INFO | tasks.scienceworld | Step 15 - Progress Rate: 0.8333333333333334

Warning: model not found. Using cl100k_base encoding.
2026-09-20 11:05:10 | INFO | tasks.scienceworld | Step 16 - Action: move sodium chloride to green box
2026-09-20 11:05:10 | INFO | tasks.scienceworld | Step 16 - Observation: You move the sodium chloride to the green box.
2026-09-20 11:05:10 | INFO | tasks.scienceworld | Step 16 - Progress Rate: 1.0

2026-09-20 11:05:10 | FINISH | tasks.scienceworld | [1;33mExample 15 | Success: True , Progress Rate: 1.0 , Steps: 17
[0m
2026-09-20 11:05:10 | GOAL | tasks.scienceworld | [1;34mExample 16 | Goal: task_name: use-thermometer, var: 6, Your task is to measure the temperature of unknown substance B, which is located around the living room. You should pick up a temperature and the unknown substance B for temperature measurement. If the unknown substance B temperature is above -50.0 degrees celsius, place it in the orange box. If the unknown substance B temperature is below -50.0 degrees celsius, place it in the yellow box. The boxes are located around the living room.[0m
2026-09-20 11:05:10 | INFO | scienceworld.scienceworld | Loading: use-thermometer (variation: 6) (simplifications: selfWateringFlowerPots,openContainers,openDoors,noElectricalAction)
2026-09-20 11:05:10 | INFO | tasks.scienceworld | Step 00 - Observation: This room is called the greenhouse. In it, you see: 
	the agent
	a substance called air
	a bee hive. The bee hive door is closed. 
	a jug (containing nothing)
	a shovel
	a sink, which is turned off. In the sink is: nothing.
You also see:
	A door to the hallway (that is open)
	A door to the outside (that is open)
In your inventory, you see:
	an orange

Warning: model not found. Using cl100k_base encoding.
2026-09-20 11:05:12 | INFO | tasks.scienceworld | Step 00 - Action: go to hallway
2026-09-20 11:05:12 | INFO | tasks.scienceworld | Step 00 - Observation: You move to the hallway.
2026-09-20 11:05:12 | INFO | tasks.scienceworld | Step 00 - Progress Rate: 0.0

Warning: model not found. Using cl100k_base encoding.
2026-09-20 11:05:14 | INFO | tasks.scienceworld | Step 01 - Action: look around
2026-09-20 11:05:14 | INFO | tasks.scienceworld | Step 01 - Observation: This room is called the hallway. In it, you see: 
	the agent
	a substance called air
	a painting
You also see:
	A door to the art studio (that is open)
	A door to the bedroom (that is open)
	A door to the greenhouse (that is open)
	A door to the kitchen (that is open)
	A door to the living room (that is open)
	A door to the workshop (that is open)
2026-09-20 11:05:14 | INFO | tasks.scienceworld | Step 01 - Progress Rate: 0.0

Warning: model not found. Using cl100k_base encoding.
2026-09-20 11:05:15 | INFO | tasks.scienceworld | Step 02 - Action: go to living room
2026-09-20 11:05:15 | INFO | tasks.scienceworld | Step 02 - Observation: You move to the living room.
2026-09-20 11:05:15 | INFO | tasks.scienceworld | Step 02 - Progress Rate: 0.25

Warning: model not found. Using cl100k_base encoding.
2026-09-20 11:05:16 | INFO | tasks.scienceworld | Step 03 - Action: look around
2026-09-20 11:05:16 | INFO | tasks.scienceworld | Step 03 - Observation: This room is called the living room. In it, you see: 
	the agent
	a substance called air
	a chair. On the chair is: nothing.
	a couch. On the couch is: a white pillow.
	a finger painting
	a orange box (containing nothing)
	a table. On the table is: nothing.
	unknown substance B
	a yellow box (containing nothing)
You also see:
	A door to the hallway (that is open)
2026-09-20 11:05:16 | INFO | tasks.scienceworld | Step 03 - Progress Rate: 0.25

Warning: model not found. Using cl100k_base encoding.
2026-09-20 11:05:17 | INFO | tasks.scienceworld | Step 04 - Action: inventory
2026-09-20 11:05:17 | INFO | tasks.scienceworld | Step 04 - Observation: In your inventory, you see:
	an orange
2026-09-20 11:05:17 | INFO | tasks.scienceworld | Step 04 - Progress Rate: 0.25

Warning: model not found. Using cl100k_base encoding.
2026-09-20 11:05:19 | INFO | tasks.scienceworld | Step 05 - Action: pick up unknown substance B
2026-09-20 11:05:19 | INFO | tasks.scienceworld | Step 05 - Observation: You move the unknown substance B to the inventory.
2026-09-20 11:05:19 | INFO | tasks.scienceworld | Step 05 - Progress Rate: 0.25

Warning: model not found. Using cl100k_base encoding.
2026-09-20 11:05:20 | INFO | tasks.scienceworld | Step 06 - Action: go to kitchen
2026-09-20 11:05:21 | INFO | tasks.scienceworld | Step 06 - Observation: No known action matches that input.
2026-09-20 11:05:21 | INFO | tasks.scienceworld | Step 06 - Progress Rate: 0.25

Warning: model not found. Using cl100k_base encoding.
2026-09-20 11:05:23 | INFO | tasks.scienceworld | Step 07 - Action: check valid actions
2026-09-20 11:05:23 | INFO | tasks.scienceworld | Step 07 - Observation: Choose an action from these valid actions: activate OBJ, close OBJ, deactivate OBJ, dunk OBJ in OBJ, eat OBJ, flush OBJ, focus on OBJ, go OBJ, inventory, look around, look at OBJ, look in OBJ, mix OBJ, move OBJ to OBJ, open OBJ, pick up OBJ, pour OBJ in OBJ, put down OBJ, read OBJ, task, use OBJ on OBJ, wait, wait1, check valid actions
2026-09-20 11:05:23 | INFO | tasks.scienceworld | Step 07 - Progress Rate: 0.25

Warning: model not found. Using cl100k_base encoding.
2026-09-20 11:05:24 | INFO | tasks.scienceworld | Step 08 - Action: go to hallway
2026-09-20 11:05:24 | INFO | tasks.scienceworld | Step 08 - Observation: You move to the hallway.
2026-09-20 11:05:24 | INFO | tasks.scienceworld | Step 08 - Progress Rate: 0.25

Warning: model not found. Using cl100k_base encoding.
2026-09-20 11:05:26 | INFO | tasks.scienceworld | Step 09 - Action: go to living room
2026-09-20 11:05:26 | INFO | tasks.scienceworld | Step 09 - Observation: You move to the living room.
2026-09-20 11:05:26 | INFO | tasks.scienceworld | Step 09 - Progress Rate: 0.25

Warning: model not found. Using cl100k_base encoding.
2026-09-20 11:05:27 | INFO | tasks.scienceworld | Step 10 - Action: go to hallway
2026-09-20 11:05:27 | INFO | tasks.scienceworld | Step 10 - Observation: You move to the hallway.
2026-09-20 11:05:27 | INFO | tasks.scienceworld | Step 10 - Progress Rate: 0.25

Warning: model not found. Using cl100k_base encoding.
2026-09-20 11:05:29 | INFO | tasks.scienceworld | Step 11 - Action: go to kitchen
2026-09-20 11:05:29 | INFO | tasks.scienceworld | Step 11 - Observation: You move to the kitchen.
2026-09-20 11:05:29 | INFO | tasks.scienceworld | Step 11 - Progress Rate: 0.25

Warning: model not found. Using cl100k_base encoding.
2026-09-20 11:05:30 | INFO | tasks.scienceworld | Step 12 - Action: look around
2026-09-20 11:05:30 | INFO | tasks.scienceworld | Step 12 - Observation: This room is called the kitchen. In it, you see: 
	the agent
	a substance called air
	a chair. On the chair is: nothing.
	a counter. On the counter is: a bowl (containing a red apple, a banana, an orange, a potato), a drawer.
	a cupboard. The cupboard door is closed. 
	a freezer. The freezer door is closed. 
	a fridge. The fridge door is closed. 
	a glass jar (containing a substance called sodium chloride)
	a lighter
	a oven, which is turned off. The oven door is closed. 
	a painting
	a sink, which is turned off. In the sink is: nothing.
	a substance called soap
	a stopwatch, which is deactivated. 
	a stove, which is turned off. On the stove is: nothing.
	a table. On the table is: a glass cup (containing nothing).
	a thermometer, currently reading a temperature of 10 degrees celsius
You also see:
	A door to the bathroom (that is open)
	A door to the hallway (that is open)
	A door to the outside (that is open)
2026-09-20 11:05:30 | INFO | tasks.scienceworld | Step 12 - Progress Rate: 0.25

Warning: model not found. Using cl100k_base encoding.
2026-09-20 11:05:32 | INFO | tasks.scienceworld | Step 13 - Action: pick up thermometer
2026-09-20 11:05:32 | INFO | tasks.scienceworld | Step 13 - Observation: You move the thermometer to the inventory.
2026-09-20 11:05:32 | INFO | tasks.scienceworld | Step 13 - Progress Rate: 0.5

Warning: model not found. Using cl100k_base encoding.
2026-09-20 11:05:33 | INFO | tasks.scienceworld | Step 14 - Action: use thermometer on unknown substance B
2026-09-20 11:05:33 | INFO | tasks.scienceworld | Step 14 - Observation: the thermometer measures a temperature of -5 degrees celsius
2026-09-20 11:05:33 | INFO | tasks.scienceworld | Step 14 - Progress Rate: 0.75

Warning: model not found. Using cl100k_base encoding.
2026-09-20 11:05:35 | INFO | tasks.scienceworld | Step 15 - Action: go to hallway
2026-09-20 11:05:35 | INFO | tasks.scienceworld | Step 15 - Observation: You move to the hallway.
2026-09-20 11:05:35 | INFO | tasks.scienceworld | Step 15 - Progress Rate: 0.75

Warning: model not found. Using cl100k_base encoding.
2026-09-20 11:05:37 | INFO | tasks.scienceworld | Step 16 - Action: go to living room
2026-09-20 11:05:37 | INFO | tasks.scienceworld | Step 16 - Observation: You move to the living room.
2026-09-20 11:05:37 | INFO | tasks.scienceworld | Step 16 - Progress Rate: 0.75

Warning: model not found. Using cl100k_base encoding.
2026-09-20 11:05:38 | INFO | tasks.scienceworld | Step 17 - Action: move unknown substance B to orange box
2026-09-20 11:05:38 | INFO | tasks.scienceworld | Step 17 - Observation: You move the unknown substance B to the orange box.
2026-09-20 11:05:38 | INFO | tasks.scienceworld | Step 17 - Progress Rate: 1.0

2026-09-20 11:05:38 | FINISH | tasks.scienceworld | [1;33mExample 16 | Success: True , Progress Rate: 1.0 , Steps: 18
[0m
2026-09-20 11:05:38 | GOAL | tasks.scienceworld | [1;34mExample 17 | Goal: task_name: use-thermometer, var: 7, Your task is to measure the temperature of unknown substance B, which is located around the bedroom. You should pick up a temperature and the unknown substance B for temperature measurement. If the unknown substance B temperature is above 200.0 degrees celsius, place it in the orange box. If the unknown substance B temperature is below 200.0 degrees celsius, place it in the yellow box. The boxes are located around the living room.[0m
2026-09-20 11:05:38 | INFO | scienceworld.scienceworld | Loading: use-thermometer (variation: 7) (simplifications: selfWateringFlowerPots,openContainers,openDoors,noElectricalAction)
2026-09-20 11:05:38 | INFO | tasks.scienceworld | Step 00 - Observation: This room is called the hallway. In it, you see: 
	the agent
	a substance called air
	a drawing
You also see:
	A door to the art studio (that is open)
	A door to the bedroom (that is open)
	A door to the greenhouse (that is open)
	A door to the kitchen (that is open)
	A door to the living room (that is open)
	A door to the workshop (that is open)
In your inventory, you see:
	an orange

Warning: model not found. Using cl100k_base encoding.
2026-09-20 11:05:39 | INFO | tasks.scienceworld | Step 00 - Action: go to bedroom
2026-09-20 11:05:40 | INFO | tasks.scienceworld | Step 00 - Observation: You move to the bedroom.
2026-09-20 11:05:40 | INFO | tasks.scienceworld | Step 00 - Progress Rate: 0.2

Warning: model not found. Using cl100k_base encoding.
2026-09-20 11:05:41 | INFO | tasks.scienceworld | Step 01 - Action: look around
2026-09-20 11:05:41 | INFO | tasks.scienceworld | Step 01 - Observation: This room is called the bedroom. In it, you see: 
	the agent
	a substance called air
	a bed. On the bed is: a mattress. On the mattress is: a white pillow..
	a book shelf (containing A book (Frankenstein) titled Frankenstein by Mary Wollstonecraft Shelley, A book (Sherlock Holmes) titled Sherlock Holmes by Arthur Conan Doyle)
	a closet. The closet door is closed. 
	a finger painting
	a table. On the table is: nothing.
	unknown substance B
You also see:
	A door to the hallway (that is open)
2026-09-20 11:05:41 | INFO | tasks.scienceworld | Step 01 - Progress Rate: 0.2

Warning: model not found. Using cl100k_base encoding.
2026-09-20 11:05:42 | INFO | tasks.scienceworld | Step 02 - Action: pick up unknown substance B
2026-09-20 11:05:42 | INFO | tasks.scienceworld | Step 02 - Observation: You move the unknown substance B to the inventory.
2026-09-20 11:05:42 | INFO | tasks.scienceworld | Step 02 - Progress Rate: 0.4

Warning: model not found. Using cl100k_base encoding.
2026-09-20 11:05:44 | INFO | tasks.scienceworld | Step 03 - Action: go to kitchen
2026-09-20 11:05:44 | INFO | tasks.scienceworld | Step 03 - Observation: No known action matches that input.
2026-09-20 11:05:44 | INFO | tasks.scienceworld | Step 03 - Progress Rate: 0.4

Warning: model not found. Using cl100k_base encoding.
2026-09-20 11:05:46 | INFO | tasks.scienceworld | Step 04 - Action: go to hallway
2026-09-20 11:05:46 | INFO | tasks.scienceworld | Step 04 - Observation: You move to the hallway.
2026-09-20 11:05:46 | INFO | tasks.scienceworld | Step 04 - Progress Rate: 0.4

Warning: model not found. Using cl100k_base encoding.
2026-09-20 11:05:48 | INFO | tasks.scienceworld | Step 05 - Action: go to kitchen
2026-09-20 11:05:48 | INFO | tasks.scienceworld | Step 05 - Observation: You move to the kitchen.
2026-09-20 11:05:48 | INFO | tasks.scienceworld | Step 05 - Progress Rate: 0.4

Warning: model not found. Using cl100k_base encoding.
2026-09-20 11:05:49 | INFO | tasks.scienceworld | Step 06 - Action: look around
2026-09-20 11:05:49 | INFO | tasks.scienceworld | Step 06 - Observation: This room is called the kitchen. In it, you see: 
	the agent
	a substance called air
	a chair. On the chair is: nothing.
	a counter. On the counter is: a bowl (containing a red apple, a banana, an orange, a potato), a drawer.
	a cupboard. The cupboard door is closed. 
	a freezer. The freezer door is closed. 
	a fridge. The fridge door is closed. 
	a glass jar (containing a substance called sodium chloride)
	a lighter
	a oven, which is turned off. The oven door is closed. 
	a painting
	a sink, which is turned off. In the sink is: nothing.
	a substance called soap
	a stopwatch, which is deactivated. 
	a stove, which is turned off. On the stove is: nothing.
	a table. On the table is: a glass cup (containing nothing).
	a thermometer, currently reading a temperature of 10 degrees celsius
You also see:
	A door to the bathroom (that is open)
	A door to the hallway (that is open)
	A door to the outside (that is open)
2026-09-20 11:05:49 | INFO | tasks.scienceworld | Step 06 - Progress Rate: 0.4

Warning: model not found. Using cl100k_base encoding.
2026-09-20 11:05:50 | INFO | tasks.scienceworld | Step 07 - Action: pick up thermometer
2026-09-20 11:05:50 | INFO | tasks.scienceworld | Step 07 - Observation: You move the thermometer to the inventory.
2026-09-20 11:05:50 | INFO | tasks.scienceworld | Step 07 - Progress Rate: 0.4

Warning: model not found. Using cl100k_base encoding.
2026-09-20 11:05:53 | INFO | tasks.scienceworld | Step 08 - Action: use thermometer on unknown substance B
2026-09-20 11:05:53 | INFO | tasks.scienceworld | Step 08 - Observation: the thermometer measures a temperature of 48 degrees celsius
2026-09-20 11:05:53 | INFO | tasks.scienceworld | Step 08 - Progress Rate: 0.6

Warning: model not found. Using cl100k_base encoding.
2026-09-20 11:05:54 | INFO | tasks.scienceworld | Step 09 - Action: go to living room
2026-09-20 11:05:54 | INFO | tasks.scienceworld | Step 09 - Observation: No known action matches that input.
2026-09-20 11:05:54 | INFO | tasks.scienceworld | Step 09 - Progress Rate: 0.6

Warning: model not found. Using cl100k_base encoding.
2026-09-20 11:05:55 | INFO | tasks.scienceworld | Step 10 - Action: go to hallway
2026-09-20 11:05:55 | INFO | tasks.scienceworld | Step 10 - Observation: You move to the hallway.
2026-09-20 11:05:55 | INFO | tasks.scienceworld | Step 10 - Progress Rate: 0.6

Warning: model not found. Using cl100k_base encoding.
2026-09-20 11:05:56 | INFO | tasks.scienceworld | Step 11 - Action: go to living room
2026-09-20 11:05:57 | INFO | tasks.scienceworld | Step 11 - Observation: You move to the living room.
2026-09-20 11:05:57 | INFO | tasks.scienceworld | Step 11 - Progress Rate: 0.6

Warning: model not found. Using cl100k_base encoding.
2026-09-20 11:05:58 | INFO | tasks.scienceworld | Step 12 - Action: look around
2026-09-20 11:05:58 | INFO | tasks.scienceworld | Step 12 - Observation: This room is called the living room. In it, you see: 
	the agent
	a substance called air
	a book shelf (containing A book (Beowulf) titled Beowulf by Beowulf poet, A book (Moby Dick) titled Moby Dick by Herman Melville)
	a chair. On the chair is: nothing.
	a couch. On the couch is: a white pillow.
	a drawing
	a orange box (containing nothing)
	a table. On the table is: nothing.
	a yellow box (containing nothing)
You also see:
	A door to the hallway (that is open)
2026-09-20 11:05:58 | INFO | tasks.scienceworld | Step 12 - Progress Rate: 0.6

Warning: model not found. Using cl100k_base encoding.
2026-09-20 11:05:59 | INFO | tasks.scienceworld | Step 13 - Action: move unknown substance B to yellow box
2026-09-20 11:05:59 | INFO | tasks.scienceworld | Step 13 - Observation: You move the unknown substance B to the yellow box.
2026-09-20 11:05:59 | INFO | tasks.scienceworld | Step 13 - Progress Rate: 0.8

Warning: model not found. Using cl100k_base encoding.
2026-09-20 11:06:05 | INFO | tasks.scienceworld | Step 14 - Action: look around
2026-09-20 11:06:05 | INFO | tasks.scienceworld | Step 14 - Observation: This room is called the living room. In it, you see: 
	the agent
	a substance called air
	a book shelf (containing A book (Beowulf) titled Beowulf by Beowulf poet, A book (Moby Dick) titled Moby Dick by Herman Melville)
	a chair. On the chair is: nothing.
	a couch. On the couch is: a white pillow.
	a drawing
	a orange box (containing nothing)
	a table. On the table is: nothing.
	a yellow box (containing unknown substance B)
You also see:
	A door to the hallway (that is open)
2026-09-20 11:06:05 | INFO | tasks.scienceworld | Step 14 - Progress Rate: 0.8

Warning: model not found. Using cl100k_base encoding.
2026-09-20 11:06:07 | INFO | tasks.scienceworld | Step 15 - Action: look at yellow box
2026-09-20 11:06:07 | INFO | tasks.scienceworld | Step 15 - Observation: a yellow box (containing unknown substance B)
2026-09-20 11:06:07 | INFO | tasks.scienceworld | Step 15 - Progress Rate: 0.8

Warning: model not found. Using cl100k_base encoding.
2026-09-20 11:06:10 | INFO | tasks.scienceworld | Step 16 - Action: look at unknown substance B
2026-09-20 11:06:10 | INFO | tasks.scienceworld | Step 16 - Observation: unknown substance B
2026-09-20 11:06:10 | INFO | tasks.scienceworld | Step 16 - Progress Rate: 0.8

Warning: model not found. Using cl100k_base encoding.
2026-09-20 11:06:14 | INFO | tasks.scienceworld | Step 17 - Action: look around
2026-09-20 11:06:14 | INFO | tasks.scienceworld | Step 17 - Observation: This room is called the living room. In it, you see: 
	the agent
	a substance called air
	a book shelf (containing A book (Beowulf) titled Beowulf by Beowulf poet, A book (Moby Dick) titled Moby Dick by Herman Melville)
	a chair. On the chair is: nothing.
	a couch. On the couch is: a white pillow.
	a drawing
	a orange box (containing nothing)
	a table. On the table is: nothing.
	a yellow box (containing unknown substance B)
You also see:
	A door to the hallway (that is open)
2026-09-20 11:06:14 | INFO | tasks.scienceworld | Step 17 - Progress Rate: 0.8

Warning: model not found. Using cl100k_base encoding.
2026-09-20 11:06:16 | INFO | tasks.scienceworld | Step 18 - Action: task
2026-09-20 11:06:16 | INFO | tasks.scienceworld | Step 18 - Observation: Task description:
Your task is to measure the temperature of unknown substance B, which is located around the bedroom. First, focus on the thermometer. Next, focus on the unknown substance B. If the unknown substance B temperature is above 200.0 degrees celsius, place it in the orange box. If the unknown substance B temperature is below 200.0 degrees celsius, place it in the yellow box. The boxes are located around the living room.
2026-09-20 11:06:16 | INFO | tasks.scienceworld | Step 18 - Progress Rate: 0.8

Warning: model not found. Using cl100k_base encoding.
2026-09-20 11:06:18 | INFO | tasks.scienceworld | Step 19 - Action: wait1
2026-09-20 11:06:18 | INFO | tasks.scienceworld | Step 19 - Observation: You decide to wait for 1 iterations.
2026-09-20 11:06:18 | INFO | tasks.scienceworld | Step 19 - Progress Rate: 0.8

Warning: model not found. Using cl100k_base encoding.
2026-09-20 11:06:20 | INFO | tasks.scienceworld | Step 20 - Action: focus on unknown substance B
2026-09-20 11:06:21 | INFO | tasks.scienceworld | Step 20 - Observation: You focus on the unknown substance B.
2026-09-20 11:06:21 | INFO | tasks.scienceworld | Step 20 - Progress Rate: 0.8

Warning: model not found. Using cl100k_base encoding.
2026-09-20 11:06:22 | INFO | tasks.scienceworld | Step 21 - Action: focus on thermometer
2026-09-20 11:06:22 | INFO | tasks.scienceworld | Step 21 - Observation: You focus on the thermometer.
2026-09-20 11:06:22 | INFO | tasks.scienceworld | Step 21 - Progress Rate: 0.8

Warning: model not found. Using cl100k_base encoding.
2026-09-20 11:06:25 | INFO | tasks.scienceworld | Step 22 - Action: wait1
2026-09-20 11:06:25 | INFO | tasks.scienceworld | Step 22 - Observation: You decide to wait for 1 iterations.
2026-09-20 11:06:25 | INFO | tasks.scienceworld | Step 22 - Progress Rate: 0.8

Warning: model not found. Using cl100k_base encoding.
2026-09-20 11:06:27 | INFO | tasks.scienceworld | Step 23 - Action: look at yellow box
2026-09-20 11:06:27 | INFO | tasks.scienceworld | Step 23 - Observation: a yellow box (containing unknown substance B)
2026-09-20 11:06:27 | INFO | tasks.scienceworld | Step 23 - Progress Rate: 0.8

Warning: model not found. Using cl100k_base encoding.
2026-09-20 11:06:30 | INFO | tasks.scienceworld | Step 24 - Action: wait
2026-09-20 11:06:30 | INFO | tasks.scienceworld | Step 24 - Observation: You decide to wait for 10 iterations.
2026-09-20 11:06:30 | INFO | tasks.scienceworld | Step 24 - Progress Rate: 0.8

Warning: model not found. Using cl100k_base encoding.
2026-09-20 11:06:32 | INFO | tasks.scienceworld | Step 25 - Action: task
2026-09-20 11:06:32 | INFO | tasks.scienceworld | Step 25 - Observation: Task description:
Your task is to measure the temperature of unknown substance B, which is located around the bedroom. First, focus on the thermometer. Next, focus on the unknown substance B. If the unknown substance B temperature is above 200.0 degrees celsius, place it in the orange box. If the unknown substance B temperature is below 200.0 degrees celsius, place it in the yellow box. The boxes are located around the living room.
2026-09-20 11:06:32 | INFO | tasks.scienceworld | Step 25 - Progress Rate: 0.8

Warning: model not found. Using cl100k_base encoding.
2026-09-20 11:06:37 | INFO | tasks.scienceworld | Step 26 - Action: focus on thermometer
2026-09-20 11:06:37 | INFO | tasks.scienceworld | Step 26 - Observation: You focus on the thermometer.
2026-09-20 11:06:37 | INFO | tasks.scienceworld | Step 26 - Progress Rate: 0.8

Warning: model not found. Using cl100k_base encoding.
2026-09-20 11:06:39 | INFO | tasks.scienceworld | Step 27 - Action: focus on unknown substance B
2026-09-20 11:06:39 | INFO | tasks.scienceworld | Step 27 - Observation: You focus on the unknown substance B.
2026-09-20 11:06:39 | INFO | tasks.scienceworld | Step 27 - Progress Rate: 0.8

Warning: model not found. Using cl100k_base encoding.
2026-09-20 11:06:44 | INFO | tasks.scienceworld | Step 28 - Action: look in yellow box
2026-09-20 11:06:44 | INFO | tasks.scienceworld | Step 28 - Observation: Inside the yellow box is: 
	unknown substance B
2026-09-20 11:06:44 | INFO | tasks.scienceworld | Step 28 - Progress Rate: 0.8

Warning: model not found. Using cl100k_base encoding.
2026-09-20 11:06:46 | INFO | tasks.scienceworld | Step 29 - Action: look around
2026-09-20 11:06:46 | INFO | tasks.scienceworld | Step 29 - Observation: This room is called the living room. In it, you see: 
	the agent
	a substance called air
	a book shelf (containing A book (Beowulf) titled Beowulf by Beowulf poet, A book (Moby Dick) titled Moby Dick by Herman Melville)
	a chair. On the chair is: nothing.
	a couch. On the couch is: a white pillow.
	a drawing
	a orange box (containing nothing)
	a table. On the table is: nothing.
	a yellow box (containing unknown substance B)
You also see:
	A door to the hallway (that is open)
2026-09-20 11:06:46 | INFO | tasks.scienceworld | Step 29 - Progress Rate: 0.8

2026-09-20 11:06:46 | FINISH | tasks.scienceworld | [1;33mExample 17 | Success: False , Progress Rate: 0.8 , Steps: 30
[0m
2026-09-20 11:06:46 | GOAL | tasks.scienceworld | [1;34mExample 18 | Goal: task_name: freeze, var: 6, Your task is to freeze orange juice in the kitchen. The objects you can use are a metal pot, a freezer, a thermometer, and a fridge. You should pick up thermometer for temperature measurement. Take actions that will cause it to change its state of matter to a solid state. Finally, examine its altered state. You should wait and monitor the temperature of the water until it changes its state.[0m
2026-09-20 11:06:46 | INFO | scienceworld.scienceworld | Loading: freeze (variation: 6) (simplifications: selfWateringFlowerPots,openContainers,openDoors,noElectricalAction)
2026-09-20 11:06:46 | INFO | tasks.scienceworld | Step 00 - Observation: This room is called the greenhouse. In it, you see: 
	the agent
	a substance called air
	a bee hive. The bee hive door is closed. 
	a jug (containing nothing)
	a shovel
	a sink, which is turned off. In the sink is: nothing.
You also see:
	A door to the hallway (that is open)
	A door to the outside (that is open)
In your inventory, you see:
	an orange

Warning: model not found. Using cl100k_base encoding.
2026-09-20 11:06:48 | INFO | tasks.scienceworld | Step 00 - Action: go to hallway
2026-09-20 11:06:48 | INFO | tasks.scienceworld | Step 00 - Observation: You move to the hallway.
2026-09-20 11:06:48 | INFO | tasks.scienceworld | Step 00 - Progress Rate: 0.0

Warning: model not found. Using cl100k_base encoding.
2026-09-20 11:06:50 | INFO | tasks.scienceworld | Step 01 - Action: go to kitchen
2026-09-20 11:06:50 | INFO | tasks.scienceworld | Step 01 - Observation: You move to the kitchen.
2026-09-20 11:06:50 | INFO | tasks.scienceworld | Step 01 - Progress Rate: 0.16666666666666666

Warning: model not found. Using cl100k_base encoding.
2026-09-20 11:06:51 | INFO | tasks.scienceworld | Step 02 - Action: look around
2026-09-20 11:06:52 | INFO | tasks.scienceworld | Step 02 - Observation: This room is called the kitchen. In it, you see: 
	the agent
	a substance called air
	a chair. On the chair is: nothing.
	a counter. On the counter is: a bowl (containing a red apple, a banana, an orange, a potato), a drawer.
	a cupboard. The cupboard door is closed. 
	a freezer. The freezer door is closed. 
	a fridge. The fridge door is closed. 
	a glass jar (containing a substance called sodium chloride)
	a lighter
	a oven, which is turned off. The oven door is closed. 
	a painting
	a sink, which is turned off. In the sink is: nothing.
	a substance called soap
	a stopwatch, which is deactivated. 
	a stove, which is turned off. On the stove is: nothing.
	a table. On the table is: a glass cup (containing nothing).
	a thermometer, currently reading a temperature of 10 degrees celsius
You also see:
	A door to the bathroom (that is open)
	A door to the hallway (that is open)
	A door to the outside (that is open)
2026-09-20 11:06:52 | INFO | tasks.scienceworld | Step 02 - Progress Rate: 0.16666666666666666

Warning: model not found. Using cl100k_base encoding.
2026-09-20 11:06:54 | INFO | tasks.scienceworld | Step 03 - Action: check valid actions
2026-09-20 11:06:54 | INFO | tasks.scienceworld | Step 03 - Observation: Choose an action from these valid actions: activate OBJ, close OBJ, deactivate OBJ, dunk OBJ in OBJ, eat OBJ, flush OBJ, focus on OBJ, go OBJ, inventory, look around, look at OBJ, look in OBJ, mix OBJ, move OBJ to OBJ, open OBJ, pick up OBJ, pour OBJ in OBJ, put down OBJ, read OBJ, task, use OBJ on OBJ, wait, wait1, check valid actions
2026-09-20 11:06:54 | INFO | tasks.scienceworld | Step 03 - Progress Rate: 0.16666666666666666

Warning: model not found. Using cl100k_base encoding.
2026-09-20 11:06:56 | INFO | tasks.scienceworld | Step 04 - Action: pick up thermometer
2026-09-20 11:06:56 | INFO | tasks.scienceworld | Step 04 - Observation: You move the thermometer to the inventory.
2026-09-20 11:06:56 | INFO | tasks.scienceworld | Step 04 - Progress Rate: 0.3333333333333333

Warning: model not found. Using cl100k_base encoding.
2026-09-20 11:06:58 | INFO | tasks.scienceworld | Step 05 - Action: open fridge
2026-09-20 11:06:58 | INFO | tasks.scienceworld | Step 05 - Observation: The fridge is now open.
2026-09-20 11:06:58 | INFO | tasks.scienceworld | Step 05 - Progress Rate: 0.5

Warning: model not found. Using cl100k_base encoding.
2026-09-20 11:07:00 | INFO | tasks.scienceworld | Step 06 - Action: look in fridge
2026-09-20 11:07:00 | INFO | tasks.scienceworld | Step 06 - Observation: Inside the fridge is: 
	a wood cup (containing orange juice)
2026-09-20 11:07:00 | INFO | tasks.scienceworld | Step 06 - Progress Rate: 0.5

Warning: model not found. Using cl100k_base encoding.
2026-09-20 11:07:02 | INFO | tasks.scienceworld | Step 07 - Action: pick up wood cup
2026-09-20 11:07:03 | INFO | tasks.scienceworld | Step 07 - Observation: You move the wood cup to the inventory.
2026-09-20 11:07:03 | INFO | tasks.scienceworld | Step 07 - Progress Rate: 0.5

Warning: model not found. Using cl100k_base encoding.
2026-09-20 11:07:04 | INFO | tasks.scienceworld | Step 08 - Action: open freezer
2026-09-20 11:07:04 | INFO | tasks.scienceworld | Step 08 - Observation: The freezer is now open.
2026-09-20 11:07:04 | INFO | tasks.scienceworld | Step 08 - Progress Rate: 0.6666666666666666

Warning: model not found. Using cl100k_base encoding.
2026-09-20 11:07:05 | INFO | tasks.scienceworld | Step 09 - Action: move wood cup to freezer
2026-09-20 11:07:06 | INFO | tasks.scienceworld | Step 09 - Observation: You move the wood cup to the freezer.
2026-09-20 11:07:06 | INFO | tasks.scienceworld | Step 09 - Progress Rate: 0.6666666666666666

Warning: model not found. Using cl100k_base encoding.
2026-09-20 11:07:07 | INFO | tasks.scienceworld | Step 10 - Action: close freezer
2026-09-20 11:07:07 | INFO | tasks.scienceworld | Step 10 - Observation: The freezer is now closed.
2026-09-20 11:07:07 | INFO | tasks.scienceworld | Step 10 - Progress Rate: 0.6666666666666666

Warning: model not found. Using cl100k_base encoding.
2026-09-20 11:07:09 | INFO | tasks.scienceworld | Step 11 - Action: wait1
2026-09-20 11:07:09 | INFO | tasks.scienceworld | Step 11 - Observation: You decide to wait for 1 iterations.
2026-09-20 11:07:09 | INFO | tasks.scienceworld | Step 11 - Progress Rate: 0.6666666666666666

Warning: model not found. Using cl100k_base encoding.
2026-09-20 11:07:10 | INFO | tasks.scienceworld | Step 12 - Action: look at wood cup
2026-09-20 11:07:10 | INFO | tasks.scienceworld | Step 12 - Observation: No known action matches that input.
2026-09-20 11:07:10 | INFO | tasks.scienceworld | Step 12 - Progress Rate: 0.6666666666666666

Warning: model not found. Using cl100k_base encoding.
2026-09-20 11:07:13 | INFO | tasks.scienceworld | Step 13 - Action: open freezer
2026-09-20 11:07:13 | INFO | tasks.scienceworld | Step 13 - Observation: The freezer is now open.
2026-09-20 11:07:13 | INFO | tasks.scienceworld | Step 13 - Progress Rate: 0.6666666666666666

Warning: model not found. Using cl100k_base encoding.
2026-09-20 11:07:15 | INFO | tasks.scienceworld | Step 14 - Action: look in freezer
2026-09-20 11:07:15 | INFO | tasks.scienceworld | Step 14 - Observation: Inside the freezer is: 
	a wood cup (containing orange juice)
2026-09-20 11:07:15 | INFO | tasks.scienceworld | Step 14 - Progress Rate: 0.6666666666666666

Warning: model not found. Using cl100k_base encoding.
2026-09-20 11:07:17 | INFO | tasks.scienceworld | Step 15 - Action: close freezer
2026-09-20 11:07:17 | INFO | tasks.scienceworld | Step 15 - Observation: The freezer is now closed.
2026-09-20 11:07:17 | INFO | tasks.scienceworld | Step 15 - Progress Rate: 0.6666666666666666

Warning: model not found. Using cl100k_base encoding.
2026-09-20 11:07:19 | INFO | tasks.scienceworld | Step 16 - Action: wait
2026-09-20 11:07:19 | INFO | tasks.scienceworld | Step 16 - Observation: You decide to wait for 10 iterations.
2026-09-20 11:07:19 | INFO | tasks.scienceworld | Step 16 - Progress Rate: 0.6666666666666666

Warning: model not found. Using cl100k_base encoding.
2026-09-20 11:07:22 | INFO | tasks.scienceworld | Step 17 - Action: open freezer
2026-09-20 11:07:22 | INFO | tasks.scienceworld | Step 17 - Observation: The freezer is now open.
2026-09-20 11:07:22 | INFO | tasks.scienceworld | Step 17 - Progress Rate: 0.6666666666666666

Warning: model not found. Using cl100k_base encoding.
2026-09-20 11:07:23 | INFO | tasks.scienceworld | Step 18 - Action: look in freezer
2026-09-20 11:07:24 | INFO | tasks.scienceworld | Step 18 - Observation: Inside the freezer is: 
	a wood cup (containing solid orange juice)
2026-09-20 11:07:24 | INFO | tasks.scienceworld | Step 18 - Progress Rate: 0.8333333333333334

Warning: model not found. Using cl100k_base encoding.
2026-09-20 11:07:25 | INFO | tasks.scienceworld | Step 19 - Action: focus on substance in wood cup
2026-09-20 11:07:26 | INFO | tasks.scienceworld | Step 19 - Observation: No known action matches that input.
2026-09-20 11:07:26 | INFO | tasks.scienceworld | Step 19 - Progress Rate: 0.8333333333333334

Warning: model not found. Using cl100k_base encoding.
2026-09-20 11:07:29 | INFO | tasks.scienceworld | Step 20 - Action: look at wood cup
2026-09-20 11:07:29 | INFO | tasks.scienceworld | Step 20 - Observation: a wood cup (containing solid orange juice)
2026-09-20 11:07:29 | INFO | tasks.scienceworld | Step 20 - Progress Rate: 0.8333333333333334

Warning: model not found. Using cl100k_base encoding.
2026-09-20 11:07:30 | INFO | tasks.scienceworld | Step 21 - Action: look at solid orange juice
2026-09-20 11:07:31 | INFO | tasks.scienceworld | Step 21 - Observation: solid orange juice
2026-09-20 11:07:31 | INFO | tasks.scienceworld | Step 21 - Progress Rate: 0.8333333333333334

Warning: model not found. Using cl100k_base encoding.
2026-09-20 11:07:32 | INFO | tasks.scienceworld | Step 22 - Action: focus on solid orange juice
2026-09-20 11:07:32 | INFO | tasks.scienceworld | Step 22 - Observation: You focus on the solid orange juice.
2026-09-20 11:07:32 | INFO | tasks.scienceworld | Step 22 - Progress Rate: 0.8333333333333334

Warning: model not found. Using cl100k_base encoding.
2026-09-20 11:07:35 | INFO | tasks.scienceworld | Step 23 - Action: look at solid orange juice
2026-09-20 11:07:35 | INFO | tasks.scienceworld | Step 23 - Observation: solid orange juice
2026-09-20 11:07:35 | INFO | tasks.scienceworld | Step 23 - Progress Rate: 0.8333333333333334

Warning: model not found. Using cl100k_base encoding.
2026-09-20 11:07:36 | INFO | tasks.scienceworld | Step 24 - Action: look at solid orange juice
2026-09-20 11:07:37 | INFO | tasks.scienceworld | Step 24 - Observation: solid orange juice
2026-09-20 11:07:37 | INFO | tasks.scienceworld | Step 24 - Progress Rate: 0.8333333333333334

Warning: model not found. Using cl100k_base encoding.
2026-09-20 11:07:38 | INFO | tasks.scienceworld | Step 25 - Action: look at solid orange juice
2026-09-20 11:07:38 | INFO | tasks.scienceworld | Step 25 - Observation: solid orange juice
2026-09-20 11:07:38 | INFO | tasks.scienceworld | Step 25 - Progress Rate: 0.8333333333333334

Warning: model not found. Using cl100k_base encoding.
2026-09-20 11:07:40 | INFO | tasks.scienceworld | Step 26 - Action: look at solid orange juice
2026-09-20 11:07:40 | INFO | tasks.scienceworld | Step 26 - Observation: solid orange juice
2026-09-20 11:07:40 | INFO | tasks.scienceworld | Step 26 - Progress Rate: 0.8333333333333334

Warning: model not found. Using cl100k_base encoding.
2026-09-20 11:07:56 | INFO | tasks.scienceworld | Step 27 - Action: 
2026-09-20 11:07:56 | INFO | tasks.scienceworld | Step 27 - Observation: No known action matches that input.
2026-09-20 11:07:56 | INFO | tasks.scienceworld | Step 27 - Progress Rate: 0.8333333333333334

Warning: model not found. Using cl100k_base encoding.
2026-09-20 11:07:59 | INFO | tasks.scienceworld | Step 28 - Action: look at solid orange juice
2026-09-20 11:07:59 | INFO | tasks.scienceworld | Step 28 - Observation: solid orange juice
2026-09-20 11:07:59 | INFO | tasks.scienceworld | Step 28 - Progress Rate: 0.8333333333333334

Warning: model not found. Using cl100k_base encoding.
2026-09-20 11:08:13 | INFO | tasks.scienceworld | Step 29 - Action: task
2026-09-20 11:08:13 | INFO | tasks.scienceworld | Step 29 - Observation: Task description:
Your task is to freeze orange juice. First, focus on the substance. Then, take actions that will cause it to change its state of matter.
2026-09-20 11:08:13 | INFO | tasks.scienceworld | Step 29 - Progress Rate: 0.8333333333333334

2026-09-20 11:08:13 | FINISH | tasks.scienceworld | [1;33mExample 18 | Success: False , Progress Rate: 0.8333333333333334 , Steps: 30
[0m
2026-09-20 11:08:13 | GOAL | tasks.scienceworld | [1;34mExample 19 | Goal: task_name: identify-life-stages-1, var: 6, Your task is to focus on the four life stages of the moth in the outside, starting from the earliest to the latest. You should repeat the wait action for some iterations until it moving on to the next stage, then focus on it. Continue this process until you have covered all four stages.[0m
2026-09-20 11:08:13 | INFO | scienceworld.scienceworld | Loading: identify-life-stages-1 (variation: 6) (simplifications: selfWateringFlowerPots,openContainers,openDoors,noElectricalAction)
2026-09-20 11:08:13 | INFO | tasks.scienceworld | Step 00 - Observation: This room is called the greenhouse. In it, you see: 
	the agent
	a substance called air
	a bee hive. The bee hive door is closed. 
	a jug (containing nothing)
	a shovel
	a sink, which is turned off. In the sink is: nothing.
You also see:
	A door to the hallway (that is open)
	A door to the outside (that is open)
In your inventory, you see:
	an orange

Warning: model not found. Using cl100k_base encoding.
2026-09-20 11:08:14 | INFO | tasks.scienceworld | Step 00 - Action: go to outside
2026-09-20 11:08:14 | INFO | tasks.scienceworld | Step 00 - Observation: You move to the outside.
2026-09-20 11:08:14 | INFO | tasks.scienceworld | Step 00 - Progress Rate: 0.2

Warning: model not found. Using cl100k_base encoding.
2026-09-20 11:08:15 | INFO | tasks.scienceworld | Step 01 - Action: look around
2026-09-20 11:08:16 | INFO | tasks.scienceworld | Step 01 - Observation: This outside location is called the outside. Here you see: 
	the agent
	a substance called air
	an axe
	a baby beaver
	a frog egg
	a crocodile egg
	a fire pit (containing nothing)
	a fountain (containing a substance called water)
	the ground
	a butterfly egg
	a turtle egg
	a baby wolf
	a substance called wood
You also see:
	A door to the foundry (that is open)
	A door to the greenhouse (that is open)
	A door to the kitchen (that is open)
2026-09-20 11:08:16 | INFO | tasks.scienceworld | Step 01 - Progress Rate: 0.2

Warning: model not found. Using cl100k_base encoding.
2026-09-20 11:08:18 | INFO | tasks.scienceworld | Step 02 - Action: check valid actions
2026-09-20 11:08:18 | INFO | tasks.scienceworld | Step 02 - Observation: Choose an action from these valid actions: activate OBJ, close OBJ, deactivate OBJ, dunk OBJ in OBJ, eat OBJ, flush OBJ, focus on OBJ, go OBJ, inventory, look around, look at OBJ, look in OBJ, mix OBJ, move OBJ to OBJ, open OBJ, pick up OBJ, pour OBJ in OBJ, put down OBJ, read OBJ, task, use OBJ on OBJ, wait, wait1, check valid actions
2026-09-20 11:08:18 | INFO | tasks.scienceworld | Step 02 - Progress Rate: 0.2

Warning: model not found. Using cl100k_base encoding.
2026-09-20 11:08:27 | INFO | tasks.scienceworld | Step 03 - Action: look at butterfly egg
2026-09-20 11:08:27 | INFO | tasks.scienceworld | Step 03 - Observation: a butterfly egg
2026-09-20 11:08:27 | INFO | tasks.scienceworld | Step 03 - Progress Rate: 0.2

Warning: model not found. Using cl100k_base encoding.
2026-09-20 11:08:33 | INFO | tasks.scienceworld | Step 04 - Action: look at frog egg
2026-09-20 11:08:33 | INFO | tasks.scienceworld | Step 04 - Observation: a frog egg
2026-09-20 11:08:33 | INFO | tasks.scienceworld | Step 04 - Progress Rate: 0.2

Warning: model not found. Using cl100k_base encoding.
2026-09-20 11:08:41 | INFO | tasks.scienceworld | Step 05 - Action: I need to find the moth's life stages. Let me explore the rooms. First, let me check the greenhouse.
2026-09-20 11:08:41 | INFO | tasks.scienceworld | Step 05 - Observation: No known action matches that input.
2026-09-20 11:08:41 | INFO | tasks.scienceworld | Step 05 - Progress Rate: 0.2

Warning: model not found. Using cl100k_base encoding.
2026-09-20 11:08:56 | INFO | tasks.scienceworld | Step 06 - Action: go to foundry
2026-09-20 11:08:56 | INFO | tasks.scienceworld | Step 06 - Observation: You move to the foundry.
2026-09-20 11:08:56 | INFO | tasks.scienceworld | Step 06 - Progress Rate: 0.2

Warning: model not found. Using cl100k_base encoding.
2026-09-20 11:08:58 | INFO | tasks.scienceworld | Step 07 - Action: go to outside
2026-09-20 11:08:58 | INFO | tasks.scienceworld | Step 07 - Observation: You move to the outside.
2026-09-20 11:08:58 | INFO | tasks.scienceworld | Step 07 - Progress Rate: 0.2

Warning: model not found. Using cl100k_base encoding.
2026-09-20 11:09:01 | INFO | tasks.scienceworld | Step 08 - Action: look around
2026-09-20 11:09:01 | INFO | tasks.scienceworld | Step 08 - Observation: This outside location is called the outside. Here you see: 
	the agent
	a substance called air
	an axe
	a baby beaver
	a frog egg
	a crocodile egg
	a fire pit (containing nothing)
	a fountain (containing a substance called water)
	the ground
	a butterfly egg
	a turtle egg
	a baby wolf
	a substance called wood
You also see:
	A door to the foundry (that is open)
	A door to the greenhouse (that is open)
	A door to the kitchen (that is open)
2026-09-20 11:09:01 | INFO | tasks.scienceworld | Step 08 - Progress Rate: 0.2

Warning: model not found. Using cl100k_base encoding.
2026-09-20 11:09:02 | INFO | tasks.scienceworld | Step 09 - Action: go to foundry
2026-09-20 11:09:02 | INFO | tasks.scienceworld | Step 09 - Observation: You move to the foundry.
2026-09-20 11:09:02 | INFO | tasks.scienceworld | Step 09 - Progress Rate: 0.2

Warning: model not found. Using cl100k_base encoding.
2026-09-20 11:09:10 | INFO | tasks.scienceworld | Step 10 - Action: look around
2026-09-20 11:09:10 | INFO | tasks.scienceworld | Step 10 - Observation: This room is called the foundry. In it, you see: 
	the agent
	a substance called air
	a blast furnace, which is turned off. The blast furnace door is closed. 
	a sink, which is turned off. In the sink is: nothing.
	a table. On the table is: nothing.
You also see:
	A door to the outside (that is open)
2026-09-20 11:09:10 | INFO | tasks.scienceworld | Step 10 - Progress Rate: 0.2

Warning: model not found. Using cl100k_base encoding.
2026-09-20 11:09:21 | INFO | tasks.scienceworld | Step 11 - Action: go to outside
2026-09-20 11:09:21 | INFO | tasks.scienceworld | Step 11 - Observation: You move to the outside.
2026-09-20 11:09:21 | INFO | tasks.scienceworld | Step 11 - Progress Rate: 0.2

Warning: model not found. Using cl100k_base encoding.
2026-09-20 11:09:31 | INFO | tasks.scienceworld | Step 12 - Action: look at moth
2026-09-20 11:09:31 | INFO | tasks.scienceworld | Step 12 - Observation: a butterfly egg
2026-09-20 11:09:31 | INFO | tasks.scienceworld | Step 12 - Progress Rate: 0.2

Warning: model not found. Using cl100k_base encoding.
2026-09-20 11:09:34 | INFO | tasks.scienceworld | Step 13 - Action: focus on butterfly egg
2026-09-20 11:09:34 | INFO | tasks.scienceworld | Step 13 - Observation: You focus on the butterfly egg.
2026-09-20 11:09:34 | INFO | tasks.scienceworld | Step 13 - Progress Rate: 0.4

Warning: model not found. Using cl100k_base encoding.
2026-09-20 11:09:37 | INFO | tasks.scienceworld | Step 14 - Action: wait
2026-09-20 11:09:37 | INFO | tasks.scienceworld | Step 14 - Observation: You decide to wait for 10 iterations.
2026-09-20 11:09:37 | INFO | tasks.scienceworld | Step 14 - Progress Rate: 0.4

Warning: model not found. Using cl100k_base encoding.
2026-09-20 11:09:40 | INFO | tasks.scienceworld | Step 15 - Action: look around
2026-09-20 11:09:40 | INFO | tasks.scienceworld | Step 15 - Observation: This outside location is called the outside. Here you see: 
	the agent
	a substance called air
	an axe
	a juvenile beaver
	a tadpole
	a hatchling crocodile
	a fire pit (containing nothing)
	a fountain (containing a substance called water)
	the ground
	a caterpillar
	a hatchling turtle
	a juvenile wolf
	a substance called wood
You also see:
	A door to the foundry (that is open)
	A door to the greenhouse (that is open)
	A door to the kitchen (that is open)
2026-09-20 11:09:40 | INFO | tasks.scienceworld | Step 15 - Progress Rate: 0.4

Warning: model not found. Using cl100k_base encoding.
2026-09-20 11:09:46 | INFO | tasks.scienceworld | Step 16 - Action: focus on caterpillar
2026-09-20 11:09:46 | INFO | tasks.scienceworld | Step 16 - Observation: You focus on the caterpillar.
2026-09-20 11:09:46 | INFO | tasks.scienceworld | Step 16 - Progress Rate: 0.6

Warning: model not found. Using cl100k_base encoding.
2026-09-20 11:09:48 | INFO | tasks.scienceworld | Step 17 - Action: wait
2026-09-20 11:09:48 | INFO | tasks.scienceworld | Step 17 - Observation: You decide to wait for 10 iterations.
2026-09-20 11:09:48 | INFO | tasks.scienceworld | Step 17 - Progress Rate: 0.6

Warning: model not found. Using cl100k_base encoding.
2026-09-20 11:09:54 | INFO | tasks.scienceworld | Step 18 - Action: look around
2026-09-20 11:09:54 | INFO | tasks.scienceworld | Step 18 - Observation: This outside location is called the outside. Here you see: 
	the agent
	a substance called air
	an axe
	a juvenile beaver
	a tadpole
	a hatchling crocodile
	a fire pit (containing nothing)
	a fountain (containing a substance called water)
	the ground
	a caterpillar
	a hatchling turtle
	a juvenile wolf
	a substance called wood
You also see:
	A door to the foundry (that is open)
	A door to the greenhouse (that is open)
	A door to the kitchen (that is open)
2026-09-20 11:09:54 | INFO | tasks.scienceworld | Step 18 - Progress Rate: 0.6

Warning: model not found. Using cl100k_base encoding.
2026-09-20 11:09:59 | INFO | tasks.scienceworld | Step 19 - Action: wait
2026-09-20 11:09:59 | INFO | tasks.scienceworld | Step 19 - Observation: You decide to wait for 10 iterations.
2026-09-20 11:09:59 | INFO | tasks.scienceworld | Step 19 - Progress Rate: 0.6

Warning: model not found. Using cl100k_base encoding.
2026-09-20 11:10:13 | INFO | tasks.scienceworld | Step 20 - Action: look around
2026-09-20 11:10:13 | INFO | tasks.scienceworld | Step 20 - Observation: This outside location is called the outside. Here you see: 
	the agent
	a substance called air
	an axe
	a adult beaver
	a adult frog
	a juvenile crocodile
	a fire pit (containing nothing)
	a fountain (containing a substance called water)
	the ground
	a butterfly pupa
	a juvenile turtle
	a adult wolf
	a substance called wood
You also see:
	A door to the foundry (that is open)
	A door to the greenhouse (that is open)
	A door to the kitchen (that is open)
2026-09-20 11:10:13 | INFO | tasks.scienceworld | Step 20 - Progress Rate: 0.6

Warning: model not found. Using cl100k_base encoding.
2026-09-20 11:10:15 | INFO | tasks.scienceworld | Step 21 - Action: focus on butterfly pupa
2026-09-20 11:10:15 | INFO | tasks.scienceworld | Step 21 - Observation: You focus on the butterfly pupa.
2026-09-20 11:10:15 | INFO | tasks.scienceworld | Step 21 - Progress Rate: 0.8

Warning: model not found. Using cl100k_base encoding.
2026-09-20 11:10:17 | INFO | tasks.scienceworld | Step 22 - Action: wait
2026-09-20 11:10:17 | INFO | tasks.scienceworld | Step 22 - Observation: You decide to wait for 10 iterations.
2026-09-20 11:10:17 | INFO | tasks.scienceworld | Step 22 - Progress Rate: 0.8

Warning: model not found. Using cl100k_base encoding.
2026-09-20 11:10:32 | INFO | tasks.scienceworld | Step 23 - Action: 
2026-09-20 11:10:33 | INFO | tasks.scienceworld | Step 23 - Observation: No known action matches that input.
2026-09-20 11:10:33 | INFO | tasks.scienceworld | Step 23 - Progress Rate: 0.8

Warning: model not found. Using cl100k_base encoding.
2026-09-20 11:10:47 | INFO | tasks.scienceworld | Step 24 - Action: 
2026-09-20 11:10:47 | INFO | tasks.scienceworld | Step 24 - Observation: No known action matches that input.
2026-09-20 11:10:47 | INFO | tasks.scienceworld | Step 24 - Progress Rate: 0.8

Warning: model not found. Using cl100k_base encoding.
2026-09-20 11:11:01 | INFO | tasks.scienceworld | Step 25 - Action: 
2026-09-20 11:11:01 | INFO | tasks.scienceworld | Step 25 - Observation: No known action matches that input.
2026-09-20 11:11:01 | INFO | tasks.scienceworld | Step 25 - Progress Rate: 0.8

Warning: model not found. Using cl100k_base encoding.
2026-09-20 11:11:03 | INFO | tasks.scienceworld | Step 26 - Action: wait
2026-09-20 11:11:03 | INFO | tasks.scienceworld | Step 26 - Observation: You decide to wait for 10 iterations.
2026-09-20 11:11:03 | INFO | tasks.scienceworld | Step 26 - Progress Rate: 0.8

Warning: model not found. Using cl100k_base encoding.
2026-09-20 11:11:07 | INFO | tasks.scienceworld | Step 27 - Action: look around
2026-09-20 11:11:08 | INFO | tasks.scienceworld | Step 27 - Observation: This outside location is called the outside. Here you see: 
	the agent
	a substance called air
	an axe
	a adult beaver
	a adult frog
	a adult crocodile
	a fire pit (containing nothing)
	a fountain (containing a substance called water)
	the ground
	a adult butterfly
	a adult turtle
	a adult wolf
	a substance called wood
You also see:
	A door to the foundry (that is open)
	A door to the greenhouse (that is open)
	A door to the kitchen (that is open)
2026-09-20 11:11:08 | INFO | tasks.scienceworld | Step 27 - Progress Rate: 0.8

Warning: model not found. Using cl100k_base encoding.
2026-09-20 11:11:09 | INFO | tasks.scienceworld | Step 28 - Action: focus on adult butterfly
2026-09-20 11:11:10 | INFO | tasks.scienceworld | Step 28 - Observation: You focus on the adult butterfly.
2026-09-20 11:11:10 | INFO | tasks.scienceworld | Step 28 - Progress Rate: 1.0

2026-09-20 11:11:10 | FINISH | tasks.scienceworld | [1;33mExample 19 | Success: True , Progress Rate: 1.0 , Steps: 29
[0m
2026-09-20 11:11:10 | GOAL | tasks.scienceworld | [1;34mExample 20 | Goal: task_name: identify-life-stages-1, var: 7, Your task is to focus on the three life stages of the frog in the outside, starting from the earliest to the latest. You should repeat the wait action for some iterations until it moving on to the next stage, then focus on it. Continue this process until you have covered all three stages.[0m
2026-09-20 11:11:10 | INFO | scienceworld.scienceworld | Loading: identify-life-stages-1 (variation: 7) (simplifications: selfWateringFlowerPots,openContainers,openDoors,noElectricalAction)
2026-09-20 11:11:10 | INFO | tasks.scienceworld | Step 00 - Observation: This room is called the hallway. In it, you see: 
	the agent
	a substance called air
	a drawing
You also see:
	A door to the art studio (that is open)
	A door to the bedroom (that is open)
	A door to the greenhouse (that is open)
	A door to the kitchen (that is open)
	A door to the living room (that is open)
	A door to the workshop (that is open)
In your inventory, you see:
	an orange

Warning: model not found. Using cl100k_base encoding.
2026-09-20 11:11:11 | INFO | tasks.scienceworld | Step 00 - Action: go to kitchen
2026-09-20 11:11:11 | INFO | tasks.scienceworld | Step 00 - Observation: You move to the kitchen.
2026-09-20 11:11:11 | INFO | tasks.scienceworld | Step 00 - Progress Rate: 0.0

Warning: model not found. Using cl100k_base encoding.
2026-09-20 11:11:13 | INFO | tasks.scienceworld | Step 01 - Action: look around
2026-09-20 11:11:13 | INFO | tasks.scienceworld | Step 01 - Observation: This room is called the kitchen. In it, you see: 
	the agent
	a substance called air
	a chair. On the chair is: nothing.
	a counter. On the counter is: a bowl (containing a red apple, a banana, an orange, a potato), a drawer.
	a cupboard. The cupboard door is closed. 
	a freezer. The freezer door is closed. 
	a fridge. The fridge door is closed. 
	a glass jar (containing a substance called sodium chloride)
	a lighter
	a oven, which is turned off. The oven door is closed. 
	a painting
	a sink, which is turned off. In the sink is: nothing.
	a substance called soap
	a stopwatch, which is deactivated. 
	a stove, which is turned off. On the stove is: nothing.
	a table. On the table is: a glass cup (containing nothing).
	a thermometer, currently reading a temperature of 10 degrees celsius
You also see:
	A door to the bathroom (that is open)
	A door to the hallway (that is open)
	A door to the outside (that is open)
2026-09-20 11:11:13 | INFO | tasks.scienceworld | Step 01 - Progress Rate: 0.0

Warning: model not found. Using cl100k_base encoding.
2026-09-20 11:11:14 | INFO | tasks.scienceworld | Step 02 - Action: go to outside
2026-09-20 11:11:14 | INFO | tasks.scienceworld | Step 02 - Observation: You move to the outside.
2026-09-20 11:11:14 | INFO | tasks.scienceworld | Step 02 - Progress Rate: 0.25

Warning: model not found. Using cl100k_base encoding.
2026-09-20 11:11:15 | INFO | tasks.scienceworld | Step 03 - Action: look around
2026-09-20 11:11:15 | INFO | tasks.scienceworld | Step 03 - Observation: This outside location is called the outside. Here you see: 
	the agent
	a substance called air
	an axe
	a butterfly egg
	a baby elephant
	a fire pit (containing nothing)
	a fountain (containing a substance called water)
	a frog egg
	a giant tortoise egg
	the ground
	a turtle egg
	a substance called wood
You also see:
	A door to the foundry (that is open)
	A door to the greenhouse (that is open)
	A door to the kitchen (that is open)
2026-09-20 11:11:15 | INFO | tasks.scienceworld | Step 03 - Progress Rate: 0.25

Warning: model not found. Using cl100k_base encoding.
2026-09-20 11:11:16 | INFO | tasks.scienceworld | Step 04 - Action: focus on frog egg
2026-09-20 11:11:16 | INFO | tasks.scienceworld | Step 04 - Observation: You focus on the frog egg.
2026-09-20 11:11:16 | INFO | tasks.scienceworld | Step 04 - Progress Rate: 0.5

Warning: model not found. Using cl100k_base encoding.
2026-09-20 11:11:17 | INFO | tasks.scienceworld | Step 05 - Action: wait
2026-09-20 11:11:17 | INFO | tasks.scienceworld | Step 05 - Observation: You decide to wait for 10 iterations.
2026-09-20 11:11:17 | INFO | tasks.scienceworld | Step 05 - Progress Rate: 0.5

Warning: model not found. Using cl100k_base encoding.
2026-09-20 11:11:21 | INFO | tasks.scienceworld | Step 06 - Action: look around
2026-09-20 11:11:21 | INFO | tasks.scienceworld | Step 06 - Observation: This outside location is called the outside. Here you see: 
	the agent
	a substance called air
	an axe
	a butterfly egg
	a baby elephant
	a fire pit (containing nothing)
	a fountain (containing a substance called water)
	a frog egg
	a giant tortoise egg
	the ground
	a turtle egg
	a substance called wood
You also see:
	A door to the foundry (that is open)
	A door to the greenhouse (that is open)
	A door to the kitchen (that is open)
2026-09-20 11:11:21 | INFO | tasks.scienceworld | Step 06 - Progress Rate: 0.5

Warning: model not found. Using cl100k_base encoding.
2026-09-20 11:11:22 | INFO | tasks.scienceworld | Step 07 - Action: wait
2026-09-20 11:11:23 | INFO | tasks.scienceworld | Step 07 - Observation: You decide to wait for 10 iterations.
2026-09-20 11:11:23 | INFO | tasks.scienceworld | Step 07 - Progress Rate: 0.5

Warning: model not found. Using cl100k_base encoding.
2026-09-20 11:11:24 | INFO | tasks.scienceworld | Step 08 - Action: wait
2026-09-20 11:11:24 | INFO | tasks.scienceworld | Step 08 - Observation: You decide to wait for 10 iterations.
2026-09-20 11:11:24 | INFO | tasks.scienceworld | Step 08 - Progress Rate: 0.5

Warning: model not found. Using cl100k_base encoding.
2026-09-20 11:11:26 | INFO | tasks.scienceworld | Step 09 - Action: wait
2026-09-20 11:11:26 | INFO | tasks.scienceworld | Step 09 - Observation: You decide to wait for 10 iterations.
2026-09-20 11:11:26 | INFO | tasks.scienceworld | Step 09 - Progress Rate: 0.5

Warning: model not found. Using cl100k_base encoding.
2026-09-20 11:11:28 | INFO | tasks.scienceworld | Step 10 - Action: wait
2026-09-20 11:11:28 | INFO | tasks.scienceworld | Step 10 - Observation: You decide to wait for 10 iterations.
2026-09-20 11:11:28 | INFO | tasks.scienceworld | Step 10 - Progress Rate: 0.5

Warning: model not found. Using cl100k_base encoding.
2026-09-20 11:11:30 | INFO | tasks.scienceworld | Step 11 - Action: look around
2026-09-20 11:11:30 | INFO | tasks.scienceworld | Step 11 - Observation: This outside location is called the outside. Here you see: 
	the agent
	a substance called air
	an axe
	a butterfly pupa
	a adult elephant
	a fire pit (containing nothing)
	a fountain (containing a substance called water)
	a adult frog
	a juvenile giant tortoise
	the ground
	a juvenile turtle
	a substance called wood
You also see:
	A door to the foundry (that is open)
	A door to the greenhouse (that is open)
	A door to the kitchen (that is open)
2026-09-20 11:11:30 | INFO | tasks.scienceworld | Step 11 - Progress Rate: 0.5

Warning: model not found. Using cl100k_base encoding.
2026-09-20 11:11:45 | INFO | tasks.scienceworld | Step 12 - Action: 
2026-09-20 11:11:45 | INFO | tasks.scienceworld | Step 12 - Observation: No known action matches that input.
2026-09-20 11:11:45 | INFO | tasks.scienceworld | Step 12 - Progress Rate: 0.5

Warning: model not found. Using cl100k_base encoding.
2026-09-20 11:12:00 | INFO | tasks.scienceworld | Step 13 - Action: 
2026-09-20 11:12:00 | INFO | tasks.scienceworld | Step 13 - Observation: No known action matches that input.
2026-09-20 11:12:00 | INFO | tasks.scienceworld | Step 13 - Progress Rate: 0.5

Warning: model not found. Using cl100k_base encoding.
2026-09-20 11:12:16 | INFO | tasks.scienceworld | Step 14 - Action: 
2026-09-20 11:12:16 | INFO | tasks.scienceworld | Step 14 - Observation: No known action matches that input.
2026-09-20 11:12:16 | INFO | tasks.scienceworld | Step 14 - Progress Rate: 0.5

Warning: model not found. Using cl100k_base encoding.
2026-09-20 11:12:31 | INFO | tasks.scienceworld | Step 15 - Action: 
2026-09-20 11:12:32 | INFO | tasks.scienceworld | Step 15 - Observation: No known action matches that input.
2026-09-20 11:12:32 | INFO | tasks.scienceworld | Step 15 - Progress Rate: 0.5

Warning: model not found. Using cl100k_base encoding.
2026-09-20 11:12:47 | INFO | tasks.scienceworld | Step 16 - Action: 
2026-09-20 11:12:47 | INFO | tasks.scienceworld | Step 16 - Observation: No known action matches that input.
2026-09-20 11:12:47 | INFO | tasks.scienceworld | Step 16 - Progress Rate: 0.5

Warning: model not found. Using cl100k_base encoding.
2026-09-20 11:13:03 | INFO | tasks.scienceworld | Step 17 - Action: Action:
2026-09-20 11:13:03 | INFO | tasks.scienceworld | Step 17 - Observation: No known action matches that input.
2026-09-20 11:13:03 | INFO | tasks.scienceworld | Step 17 - Progress Rate: 0.5

Warning: model not found. Using cl100k_base encoding.
2026-09-20 11:13:19 | INFO | tasks.scienceworld | Step 18 - Action: 
2026-09-20 11:13:19 | INFO | tasks.scienceworld | Step 18 - Observation: No known action matches that input.
2026-09-20 11:13:19 | INFO | tasks.scienceworld | Step 18 - Progress Rate: 0.5

Warning: model not found. Using cl100k_base encoding.
2026-09-20 11:13:34 | INFO | tasks.scienceworld | Step 19 - Action: 
2026-09-20 11:13:34 | INFO | tasks.scienceworld | Step 19 - Observation: No known action matches that input.
2026-09-20 11:13:34 | INFO | tasks.scienceworld | Step 19 - Progress Rate: 0.5

Warning: model not found. Using cl100k_base encoding.
2026-09-20 11:13:49 | INFO | tasks.scienceworld | Step 20 - Action: 
2026-09-20 11:13:49 | INFO | tasks.scienceworld | Step 20 - Observation: No known action matches that input.
2026-09-20 11:13:49 | INFO | tasks.scienceworld | Step 20 - Progress Rate: 0.5

Warning: model not found. Using cl100k_base encoding.
2026-09-20 11:14:04 | INFO | tasks.scienceworld | Step 21 - Action: 
2026-09-20 11:14:04 | INFO | tasks.scienceworld | Step 21 - Observation: No known action matches that input.
2026-09-20 11:14:04 | INFO | tasks.scienceworld | Step 21 - Progress Rate: 0.5

Warning: model not found. Using cl100k_base encoding.
2026-09-20 11:14:19 | INFO | tasks.scienceworld | Step 22 - Action: 
2026-09-20 11:14:19 | INFO | tasks.scienceworld | Step 22 - Observation: No known action matches that input.
2026-09-20 11:14:19 | INFO | tasks.scienceworld | Step 22 - Progress Rate: 0.5

Warning: model not found. Using cl100k_base encoding.
2026-09-20 11:14:34 | INFO | tasks.scienceworld | Step 23 - Action: 
2026-09-20 11:14:34 | INFO | tasks.scienceworld | Step 23 - Observation: No known action matches that input.
2026-09-20 11:14:34 | INFO | tasks.scienceworld | Step 23 - Progress Rate: 0.5

Warning: model not found. Using cl100k_base encoding.
2026-09-20 11:14:37 | INFO | tasks.scienceworld | Step 24 - Action: focus on adult frog
2026-09-20 11:14:37 | INFO | tasks.scienceworld | Step 24 - Observation: You focus on the adult frog.
2026-09-20 11:14:37 | INFO | tasks.scienceworld | Step 24 - Progress Rate: 0.75

Warning: model not found. Using cl100k_base encoding.
2026-09-20 11:14:52 | INFO | tasks.scienceworld | Step 25 - Action: 
2026-09-20 11:14:52 | INFO | tasks.scienceworld | Step 25 - Observation: No known action matches that input.
2026-09-20 11:14:52 | INFO | tasks.scienceworld | Step 25 - Progress Rate: 0.75

Warning: model not found. Using cl100k_base encoding.
2026-09-20 11:15:06 | INFO | tasks.scienceworld | Step 26 - Action: 
2026-09-20 11:15:06 | INFO | tasks.scienceworld | Step 26 - Observation: No known action matches that input.
2026-09-20 11:15:06 | INFO | tasks.scienceworld | Step 26 - Progress Rate: 0.75

Warning: model not found. Using cl100k_base encoding.
2026-09-20 11:15:20 | INFO | tasks.scienceworld | Step 27 - Action: 
2026-09-20 11:15:20 | INFO | tasks.scienceworld | Step 27 - Observation: No known action matches that input.
2026-09-20 11:15:20 | INFO | tasks.scienceworld | Step 27 - Progress Rate: 0.75

Warning: model not found. Using cl100k_base encoding.
2026-09-20 11:15:35 | INFO | tasks.scienceworld | Step 28 - Action: 
2026-09-20 11:15:35 | INFO | tasks.scienceworld | Step 28 - Observation: No known action matches that input.
2026-09-20 11:15:35 | INFO | tasks.scienceworld | Step 28 - Progress Rate: 0.75

Warning: model not found. Using cl100k_base encoding.
2026-09-20 11:15:50 | INFO | tasks.scienceworld | Step 29 - Action: 
2026-09-20 11:15:50 | INFO | tasks.scienceworld | Step 29 - Observation: No known action matches that input.
2026-09-20 11:15:50 | INFO | tasks.scienceworld | Step 29 - Progress Rate: 0.75

2026-09-20 11:15:50 | FINISH | tasks.scienceworld | [1;33mExample 20 | Success: False , Progress Rate: 0.75 , Steps: 30
[0m
2026-09-20 11:15:50 | GOAL | tasks.scienceworld | [1;34mExample 21 | Goal: task_name: chemistry-mix-paint-tertiary-color, var: 5, Your task is to use chemistry to create green-blue paint. You should create green paint in a bowl in the workshop firstly. Then you should create green-blue paint in a bowl in the art studio. The objects you can use are a bowl, tin cups in the workshop and the wood cups in the art studio.[0m
2026-09-20 11:15:50 | INFO | scienceworld.scienceworld | Loading: chemistry-mix-paint-tertiary-color (variation: 5) (simplifications: selfWateringFlowerPots,openContainers,openDoors,noElectricalAction)
2026-09-20 11:15:50 | INFO | tasks.scienceworld | Step 00 - Observation: This room is called the workshop. In it, you see: 
	the agent
	a substance called air
	a bowl (containing nothing)
	a desk. On the desk is: a drawer, a tin cup (containing blue paint), a tin cup (containing yellow paint), a tin cup (containing red paint).
	a table. On the table is: a battery, a black wire, a blue wire, a orange wire, a red light bulb, which is off, a switch, which is off, a violet light bulb, which is off, a yellow light bulb, which is off.
	a ultra low temperature freezer. The ultra low temperature freezer door is closed. 
You also see:
	A door to the hallway (that is open)
In your inventory, you see:
	an orange

Warning: model not found. Using cl100k_base encoding.
2026-09-20 11:15:52 | INFO | tasks.scienceworld | Step 00 - Action: look around
2026-09-20 11:15:52 | INFO | tasks.scienceworld | Step 00 - Observation: This room is called the workshop. In it, you see: 
	the agent
	a substance called air
	a bowl (containing nothing)
	a desk. On the desk is: a drawer, a tin cup (containing blue paint), a tin cup (containing yellow paint), a tin cup (containing red paint).
	a table. On the table is: a battery, a black wire, a blue wire, a orange wire, a red light bulb, which is off, a switch, which is off, a violet light bulb, which is off, a yellow light bulb, which is off.
	a ultra low temperature freezer. The ultra low temperature freezer door is closed. 
You also see:
	A door to the hallway (that is open)
2026-09-20 11:15:52 | INFO | tasks.scienceworld | Step 00 - Progress Rate: 0.0

Warning: model not found. Using cl100k_base encoding.
2026-09-20 11:15:54 | INFO | tasks.scienceworld | Step 01 - Action: pick up bowl
2026-09-20 11:15:54 | INFO | tasks.scienceworld | Step 01 - Observation: You move the bowl to the inventory.
2026-09-20 11:15:54 | INFO | tasks.scienceworld | Step 01 - Progress Rate: 0.0

Warning: model not found. Using cl100k_base encoding.
2026-09-20 11:15:59 | INFO | tasks.scienceworld | Step 02 - Action: pick up tin cup containing blue paint
2026-09-20 11:15:59 | INFO | tasks.scienceworld | Step 02 - Observation: You move the tin cup to the inventory.
2026-09-20 11:15:59 | INFO | tasks.scienceworld | Step 02 - Progress Rate: 0.0

Warning: model not found. Using cl100k_base encoding.
2026-09-20 11:16:05 | INFO | tasks.scienceworld | Step 03 - Action: pick up tin cup containing yellow paint
2026-09-20 11:16:05 | INFO | tasks.scienceworld | Step 03 - Observation: You move the tin cup to the inventory.
2026-09-20 11:16:05 | INFO | tasks.scienceworld | Step 03 - Progress Rate: 0.0

Warning: model not found. Using cl100k_base encoding.
2026-09-20 11:16:07 | INFO | tasks.scienceworld | Step 04 - Action: pour tin cup containing blue paint into bowl
2026-09-20 11:16:07 | INFO | tasks.scienceworld | Step 04 - Observation: You pour the contents of the tin cup into the bowl.
2026-09-20 11:16:07 | INFO | tasks.scienceworld | Step 04 - Progress Rate: 0.2

Warning: model not found. Using cl100k_base encoding.
2026-09-20 11:16:08 | INFO | tasks.scienceworld | Step 05 - Action: pour tin cup containing yellow paint into bowl
2026-09-20 11:16:09 | INFO | tasks.scienceworld | Step 05 - Observation: You pour the contents of the tin cup into the bowl.
2026-09-20 11:16:09 | INFO | tasks.scienceworld | Step 05 - Progress Rate: 0.2

Warning: model not found. Using cl100k_base encoding.
2026-09-20 11:16:13 | INFO | tasks.scienceworld | Step 06 - Action: mix bowl
2026-09-20 11:16:13 | INFO | tasks.scienceworld | Step 06 - Observation: Blue and yellow paint mix to produce green paint.
2026-09-20 11:16:13 | INFO | tasks.scienceworld | Step 06 - Progress Rate: 0.4

Warning: model not found. Using cl100k_base encoding.
2026-09-20 11:16:17 | INFO | tasks.scienceworld | Step 07 - Action: go to hallway
2026-09-20 11:16:17 | INFO | tasks.scienceworld | Step 07 - Observation: You move to the hallway.
2026-09-20 11:16:17 | INFO | tasks.scienceworld | Step 07 - Progress Rate: 0.4

Warning: model not found. Using cl100k_base encoding.
2026-09-20 11:16:18 | INFO | tasks.scienceworld | Step 08 - Action: go to art studio
2026-09-20 11:16:18 | INFO | tasks.scienceworld | Step 08 - Observation: You move to the art studio.
2026-09-20 11:16:18 | INFO | tasks.scienceworld | Step 08 - Progress Rate: 0.6

Warning: model not found. Using cl100k_base encoding.
2026-09-20 11:16:20 | INFO | tasks.scienceworld | Step 09 - Action: look around
2026-09-20 11:16:20 | INFO | tasks.scienceworld | Step 09 - Observation: This room is called the art studio. In it, you see: 
	the agent
	a substance called air
	a large cupboard. The large cupboard door is closed. 
	a table. On the table is: a bowl (containing nothing).
	a wood cup (containing blue paint)
	a wood cup (containing yellow paint)
	a wood cup (containing red paint)
You also see:
	A door to the hallway (that is open)
2026-09-20 11:16:20 | INFO | tasks.scienceworld | Step 09 - Progress Rate: 0.6

Warning: model not found. Using cl100k_base encoding.
2026-09-20 11:16:34 | INFO | tasks.scienceworld | Step 10 - Action: inventory
2026-09-20 11:16:34 | INFO | tasks.scienceworld | Step 10 - Observation: In your inventory, you see:
	a bowl (containing green paint)
	an orange
	a tin cup (containing nothing)
	a tin cup (containing nothing)
2026-09-20 11:16:34 | INFO | tasks.scienceworld | Step 10 - Progress Rate: 0.6

Warning: model not found. Using cl100k_base encoding.
2026-09-20 11:16:36 | INFO | tasks.scienceworld | Step 11 - Action: pour wood cup containing blue paint into bowl
2026-09-20 11:16:36 | INFO | tasks.scienceworld | Step 11 - Observation: Ambiguous request: Please enter the number for the action you intended (or blank to cancel):
0:	pour wood cup (in art studio) in bowl (in table, in art studio)
1:	pour wood cup (in art studio) in bowl (in inventory, in agent, in art studio)

2026-09-20 11:16:36 | INFO | tasks.scienceworld | Step 11 - Progress Rate: 0.6

Warning: model not found. Using cl100k_base encoding.
2026-09-20 11:16:39 | INFO | tasks.scienceworld | Step 12 - Action: 1
2026-09-20 11:16:39 | INFO | tasks.scienceworld | Step 12 - Observation: You pour the contents of the wood cup into the bowl.
2026-09-20 11:16:39 | INFO | tasks.scienceworld | Step 12 - Progress Rate: 0.8

Warning: model not found. Using cl100k_base encoding.
2026-09-20 11:16:44 | INFO | tasks.scienceworld | Step 13 - Action: mix bowl in inventory
2026-09-20 11:16:44 | INFO | tasks.scienceworld | Step 13 - Observation: Blue and green paint mix to produce blue green paint.
2026-09-20 11:16:44 | INFO | tasks.scienceworld | Step 13 - Progress Rate: 1.0

2026-09-20 11:16:44 | FINISH | tasks.scienceworld | [1;33mExample 21 | Success: True , Progress Rate: 1.0 , Steps: 14
[0m
2026-09-20 11:16:44 | GOAL | tasks.scienceworld | [1;34mExample 22 | Goal: task_name: chemistry-mix-paint-tertiary-color, var: 6, Your task is to use chemistry to create yellow-green paint. You should create green paint in a jug in the art studio firstly. Then you should create yellow-green paint in a jug in the art studio. The objects you can use are a jug, wood cups in the art studio.[0m
2026-09-20 11:16:44 | INFO | scienceworld.scienceworld | Loading: chemistry-mix-paint-tertiary-color (variation: 6) (simplifications: selfWateringFlowerPots,openContainers,openDoors,noElectricalAction)
2026-09-20 11:16:44 | INFO | tasks.scienceworld | Step 00 - Observation: This room is called the greenhouse. In it, you see: 
	the agent
	a substance called air
	a bee hive. The bee hive door is closed. 
	a jug (containing nothing)
	a shovel
	a sink, which is turned off. In the sink is: nothing.
You also see:
	A door to the hallway (that is open)
	A door to the outside (that is open)
In your inventory, you see:
	an orange

Warning: model not found. Using cl100k_base encoding.
2026-09-20 11:16:45 | INFO | tasks.scienceworld | Step 00 - Action: look around
2026-09-20 11:16:45 | INFO | tasks.scienceworld | Step 00 - Observation: This room is called the greenhouse. In it, you see: 
	the agent
	a substance called air
	a bee hive. The bee hive door is closed. 
	a jug (containing nothing)
	a shovel
	a sink, which is turned off. In the sink is: nothing.
You also see:
	A door to the hallway (that is open)
	A door to the outside (that is open)
2026-09-20 11:16:45 | INFO | tasks.scienceworld | Step 00 - Progress Rate: 0.0

Warning: model not found. Using cl100k_base encoding.
2026-09-20 11:16:47 | INFO | tasks.scienceworld | Step 01 - Action: task
2026-09-20 11:16:47 | INFO | tasks.scienceworld | Step 01 - Observation: Task description:
Your task is to use chemistry to create yellow-green paint. When you are part-way done, focus on the intermediate (secondary color) paint you created.  When you are completely done, focus on the green paint.
2026-09-20 11:16:47 | INFO | tasks.scienceworld | Step 01 - Progress Rate: 0.0

Warning: model not found. Using cl100k_base encoding.
2026-09-20 11:16:49 | INFO | tasks.scienceworld | Step 02 - Action: go to hallway
2026-09-20 11:16:49 | INFO | tasks.scienceworld | Step 02 - Observation: You move to the hallway.
2026-09-20 11:16:49 | INFO | tasks.scienceworld | Step 02 - Progress Rate: 0.0

Warning: model not found. Using cl100k_base encoding.
2026-09-20 11:16:51 | INFO | tasks.scienceworld | Step 03 - Action: go to art studio
2026-09-20 11:16:51 | INFO | tasks.scienceworld | Step 03 - Observation: You move to the art studio.
2026-09-20 11:16:51 | INFO | tasks.scienceworld | Step 03 - Progress Rate: 0.25

Warning: model not found. Using cl100k_base encoding.
2026-09-20 11:16:53 | INFO | tasks.scienceworld | Step 04 - Action: look around
2026-09-20 11:16:53 | INFO | tasks.scienceworld | Step 04 - Observation: This room is called the art studio. In it, you see: 
	the agent
	a substance called air
	a large cupboard. The large cupboard door is closed. 
	a paint cupboard. The paint cupboard door is closed. 
	a table. On the table is: a jug (containing nothing).
	a wood cup (containing yellow paint)
	a wood cup (containing red paint)
	a wood cup (containing blue paint)
You also see:
	A door to the hallway (that is open)
2026-09-20 11:16:53 | INFO | tasks.scienceworld | Step 04 - Progress Rate: 0.25

Warning: model not found. Using cl100k_base encoding.
2026-09-20 11:16:55 | INFO | tasks.scienceworld | Step 05 - Action: pick up jug
2026-09-20 11:16:55 | INFO | tasks.scienceworld | Step 05 - Observation: You move the jug to the inventory.
2026-09-20 11:16:55 | INFO | tasks.scienceworld | Step 05 - Progress Rate: 0.25

Warning: model not found. Using cl100k_base encoding.
2026-09-20 11:17:00 | INFO | tasks.scienceworld | Step 06 - Action: check valid actions
2026-09-20 11:17:01 | INFO | tasks.scienceworld | Step 06 - Observation: Choose an action from these valid actions: activate OBJ, close OBJ, deactivate OBJ, dunk OBJ in OBJ, eat OBJ, flush OBJ, focus on OBJ, go OBJ, inventory, look around, look at OBJ, look in OBJ, mix OBJ, move OBJ to OBJ, open OBJ, pick up OBJ, pour OBJ in OBJ, put down OBJ, read OBJ, task, use OBJ on OBJ, wait, wait1, check valid actions
2026-09-20 11:17:01 | INFO | tasks.scienceworld | Step 06 - Progress Rate: 0.25

Warning: model not found. Using cl100k_base encoding.
2026-09-20 11:17:05 | INFO | tasks.scienceworld | Step 07 - Action: pour wood cup containing yellow paint into jug
2026-09-20 11:17:05 | INFO | tasks.scienceworld | Step 07 - Observation: You pour the contents of the wood cup into the jug.
2026-09-20 11:17:05 | INFO | tasks.scienceworld | Step 07 - Progress Rate: 0.5

Warning: model not found. Using cl100k_base encoding.
2026-09-20 11:17:08 | INFO | tasks.scienceworld | Step 08 - Action: look around
2026-09-20 11:17:08 | INFO | tasks.scienceworld | Step 08 - Observation: This room is called the art studio. In it, you see: 
	the agent
	a substance called air
	a large cupboard. The large cupboard door is closed. 
	a paint cupboard. The paint cupboard door is closed. 
	a table. On the table is: nothing.
	a wood cup (containing nothing)
	a wood cup (containing red paint)
	a wood cup (containing blue paint)
You also see:
	A door to the hallway (that is open)
2026-09-20 11:17:08 | INFO | tasks.scienceworld | Step 08 - Progress Rate: 0.5

Warning: model not found. Using cl100k_base encoding.
2026-09-20 11:17:12 | INFO | tasks.scienceworld | Step 09 - Action: open paint cupboard
2026-09-20 11:17:12 | INFO | tasks.scienceworld | Step 09 - Observation: The paint cupboard is now open.
2026-09-20 11:17:12 | INFO | tasks.scienceworld | Step 09 - Progress Rate: 0.5

Warning: model not found. Using cl100k_base encoding.
2026-09-20 11:17:14 | INFO | tasks.scienceworld | Step 10 - Action: look around
2026-09-20 11:17:14 | INFO | tasks.scienceworld | Step 10 - Observation: This room is called the art studio. In it, you see: 
	the agent
	a substance called air
	a large cupboard. The large cupboard door is closed. 
	a paint cupboard. The paint cupboard door is open. In the paint cupboard is: a drawer, a wood cup (containing nothing), a wood cup (containing nothing), a wood cup (containing nothing).
	a table. On the table is: nothing.
	a wood cup (containing nothing)
	a wood cup (containing red paint)
	a wood cup (containing blue paint)
You also see:
	A door to the hallway (that is open)
2026-09-20 11:17:14 | INFO | tasks.scienceworld | Step 10 - Progress Rate: 0.5

Warning: model not found. Using cl100k_base encoding.
2026-09-20 11:17:21 | INFO | tasks.scienceworld | Step 11 - Action: pour wood cup containing blue paint into jug
2026-09-20 11:17:21 | INFO | tasks.scienceworld | Step 11 - Observation: You pour the contents of the wood cup into the jug.
2026-09-20 11:17:21 | INFO | tasks.scienceworld | Step 11 - Progress Rate: 0.5

Warning: model not found. Using cl100k_base encoding.
2026-09-20 11:17:24 | INFO | tasks.scienceworld | Step 12 - Action: mix jug
2026-09-20 11:17:24 | INFO | tasks.scienceworld | Step 12 - Observation: Blue and yellow paint mix to produce green paint.
2026-09-20 11:17:24 | INFO | tasks.scienceworld | Step 12 - Progress Rate: 0.75

Warning: model not found. Using cl100k_base encoding.
2026-09-20 11:17:35 | INFO | tasks.scienceworld | Step 13 - Action: focus on jug
2026-09-20 11:17:35 | INFO | tasks.scienceworld | Step 13 - Observation: You focus on the jug.
2026-09-20 11:17:35 | INFO | tasks.scienceworld | Step 13 - Progress Rate: 0.75

Warning: model not found. Using cl100k_base encoding.
2026-09-20 11:17:44 | INFO | tasks.scienceworld | Step 14 - Action: open large cupboard
2026-09-20 11:17:44 | INFO | tasks.scienceworld | Step 14 - Observation: The large cupboard is now open.
2026-09-20 11:17:44 | INFO | tasks.scienceworld | Step 14 - Progress Rate: 0.75

Warning: model not found. Using cl100k_base encoding.
2026-09-20 11:17:50 | INFO | tasks.scienceworld | Step 15 - Action: look around
2026-09-20 11:17:50 | INFO | tasks.scienceworld | Step 15 - Observation: This room is called the art studio. In it, you see: 
	the agent
	a substance called air
	a large cupboard. The large cupboard door is open. In the large cupboard is: a drawer, a wood cup (containing blue paint), a wood cup (containing red paint), a wood cup (containing yellow paint).
	a paint cupboard. The paint cupboard door is open. In the paint cupboard is: a drawer, a wood cup (containing nothing), a wood cup (containing nothing), a wood cup (containing nothing).
	a table. On the table is: nothing.
	a wood cup (containing nothing)
	a wood cup (containing red paint)
	a wood cup (containing nothing)
You also see:
	A door to the hallway (that is open)
2026-09-20 11:17:50 | INFO | tasks.scienceworld | Step 15 - Progress Rate: 0.75

Warning: model not found. Using cl100k_base encoding.
2026-09-20 11:17:55 | INFO | tasks.scienceworld | Step 16 - Action: pour wood cup containing yellow paint into jug
2026-09-20 11:17:55 | INFO | tasks.scienceworld | Step 16 - Observation: You pour the contents of the wood cup into the jug.
2026-09-20 11:17:55 | INFO | tasks.scienceworld | Step 16 - Progress Rate: 0.75

Warning: model not found. Using cl100k_base encoding.
2026-09-20 11:18:06 | INFO | tasks.scienceworld | Step 17 - Action: mix jug
2026-09-20 11:18:07 | INFO | tasks.scienceworld | Step 17 - Observation: Green and yellow paint mix to produce yellow-green paint.
2026-09-20 11:18:07 | INFO | tasks.scienceworld | Step 17 - Progress Rate: 1.0

2026-09-20 11:18:07 | FINISH | tasks.scienceworld | [1;33mExample 22 | Success: True , Progress Rate: 1.0 , Steps: 18
[0m
2026-09-20 11:18:07 | GOAL | tasks.scienceworld | [1;34mExample 23 | Goal: task_name: chemistry-mix-paint-tertiary-color, var: 7, Your task is to use chemistry to create yellow-green paint. You should create green paint in a jug in the art studio firstly. Then you should create yellow-green paint in a jug in the art studio. The objects you can use are a jug, wood cups in the art studio.[0m
2026-09-20 11:18:07 | INFO | scienceworld.scienceworld | Loading: chemistry-mix-paint-tertiary-color (variation: 7) (simplifications: selfWateringFlowerPots,openContainers,openDoors,noElectricalAction)
2026-09-20 11:18:07 | INFO | tasks.scienceworld | Step 00 - Observation: This room is called the hallway. In it, you see: 
	the agent
	a substance called air
	a drawing
You also see:
	A door to the art studio (that is open)
	A door to the bedroom (that is open)
	A door to the greenhouse (that is open)
	A door to the kitchen (that is open)
	A door to the living room (that is open)
	A door to the workshop (that is open)
In your inventory, you see:
	an orange

Warning: model not found. Using cl100k_base encoding.
2026-09-20 11:18:07 | INFO | tasks.scienceworld | Step 00 - Action: go to art studio
2026-09-20 11:18:08 | INFO | tasks.scienceworld | Step 00 - Observation: You move to the art studio.
2026-09-20 11:18:08 | INFO | tasks.scienceworld | Step 00 - Progress Rate: 0.25

Warning: model not found. Using cl100k_base encoding.
2026-09-20 11:18:09 | INFO | tasks.scienceworld | Step 01 - Action: look around
2026-09-20 11:18:09 | INFO | tasks.scienceworld | Step 01 - Observation: This room is called the art studio. In it, you see: 
	the agent
	a substance called air
	a large cupboard. The large cupboard door is closed. 
	a paint closet. The paint closet door is closed. 
	a table. On the table is: a jug (containing nothing).
	a wood cup (containing red paint)
	a wood cup (containing blue paint)
	a wood cup (containing yellow paint)
You also see:
	A door to the hallway (that is open)
2026-09-20 11:18:09 | INFO | tasks.scienceworld | Step 01 - Progress Rate: 0.25

Warning: model not found. Using cl100k_base encoding.
2026-09-20 11:18:10 | INFO | tasks.scienceworld | Step 02 - Action: pick up jug
2026-09-20 11:18:10 | INFO | tasks.scienceworld | Step 02 - Observation: You move the jug to the inventory.
2026-09-20 11:18:10 | INFO | tasks.scienceworld | Step 02 - Progress Rate: 0.25

Warning: model not found. Using cl100k_base encoding.
2026-09-20 11:18:12 | INFO | tasks.scienceworld | Step 03 - Action: pick up wood cup
2026-09-20 11:18:12 | INFO | tasks.scienceworld | Step 03 - Observation: Ambiguous request: Please enter the number for the action you intended (or blank to cancel):
0:	pick up wood cup (in art studio)
1:	pick up wood cup (in art studio)
2:	pick up wood cup (in art studio)

2026-09-20 11:18:12 | INFO | tasks.scienceworld | Step 03 - Progress Rate: 0.25

Warning: model not found. Using cl100k_base encoding.
2026-09-20 11:18:23 | INFO | tasks.scienceworld | Step 04 - Action: 1
2026-09-20 11:18:23 | INFO | tasks.scienceworld | Step 04 - Observation: You move the wood cup to the inventory.
2026-09-20 11:18:23 | INFO | tasks.scienceworld | Step 04 - Progress Rate: 0.25

Warning: model not found. Using cl100k_base encoding.
2026-09-20 11:18:25 | INFO | tasks.scienceworld | Step 05 - Action: look around
2026-09-20 11:18:25 | INFO | tasks.scienceworld | Step 05 - Observation: This room is called the art studio. In it, you see: 
	the agent
	a substance called air
	a large cupboard. The large cupboard door is closed. 
	a paint closet. The paint closet door is closed. 
	a table. On the table is: nothing.
	a wood cup (containing blue paint)
	a wood cup (containing yellow paint)
You also see:
	A door to the hallway (that is open)
2026-09-20 11:18:25 | INFO | tasks.scienceworld | Step 05 - Progress Rate: 0.25

Warning: model not found. Using cl100k_base encoding.
2026-09-20 11:18:29 | INFO | tasks.scienceworld | Step 06 - Action: put down wood cup
2026-09-20 11:18:29 | INFO | tasks.scienceworld | Step 06 - Observation: Ambiguous request: Please enter the number for the action you intended (or blank to cancel):
0:	put down wood cup (in art studio)
1:	put down wood cup (in inventory, in agent, in art studio)
2:	put down wood cup (in art studio)

2026-09-20 11:18:29 | INFO | tasks.scienceworld | Step 06 - Progress Rate: 0.25

Warning: model not found. Using cl100k_base encoding.
2026-09-20 11:18:44 | INFO | tasks.scienceworld | Step 07 - Action: 
2026-09-20 11:18:44 | INFO | tasks.scienceworld | Step 07 - Observation: Unknown action.  Type 'help' for a list of actions, and 'objects' for a list of possible object referents. 
2026-09-20 11:18:44 | INFO | tasks.scienceworld | Step 07 - Progress Rate: 0.25

Warning: model not found. Using cl100k_base encoding.
2026-09-20 11:18:47 | INFO | tasks.scienceworld | Step 08 - Action: inventory
2026-09-20 11:18:47 | INFO | tasks.scienceworld | Step 08 - Observation: In your inventory, you see:
	a jug (containing nothing)
	an orange
	a wood cup (containing red paint)
2026-09-20 11:18:47 | INFO | tasks.scienceworld | Step 08 - Progress Rate: 0.25

Warning: model not found. Using cl100k_base encoding.
2026-09-20 11:18:56 | INFO | tasks.scienceworld | Step 09 - Action: put down wood cup
2026-09-20 11:18:56 | INFO | tasks.scienceworld | Step 09 - Observation: Ambiguous request: Please enter the number for the action you intended (or blank to cancel):
0:	put down wood cup (in art studio)
1:	put down wood cup (in inventory, in agent, in art studio)
2:	put down wood cup (in art studio)

2026-09-20 11:18:56 | INFO | tasks.scienceworld | Step 09 - Progress Rate: 0.25

Warning: model not found. Using cl100k_base encoding.
2026-09-20 11:18:58 | INFO | tasks.scienceworld | Step 10 - Action: 1
2026-09-20 11:18:58 | INFO | tasks.scienceworld | Step 10 - Observation: You move the wood cup to the art studio.
2026-09-20 11:18:58 | INFO | tasks.scienceworld | Step 10 - Progress Rate: 0.25

Warning: model not found. Using cl100k_base encoding.
2026-09-20 11:19:01 | INFO | tasks.scienceworld | Step 11 - Action: look around
2026-09-20 11:19:01 | INFO | tasks.scienceworld | Step 11 - Observation: This room is called the art studio. In it, you see: 
	the agent
	a substance called air
	a large cupboard. The large cupboard door is closed. 
	a paint closet. The paint closet door is closed. 
	a table. On the table is: nothing.
	a wood cup (containing red paint)
	a wood cup (containing blue paint)
	a wood cup (containing yellow paint)
You also see:
	A door to the hallway (that is open)
2026-09-20 11:19:01 | INFO | tasks.scienceworld | Step 11 - Progress Rate: 0.25

Warning: model not found. Using cl100k_base encoding.
2026-09-20 11:19:04 | INFO | tasks.scienceworld | Step 12 - Action: put down jug
2026-09-20 11:19:04 | INFO | tasks.scienceworld | Step 12 - Observation: You move the jug to the art studio.
2026-09-20 11:19:04 | INFO | tasks.scienceworld | Step 12 - Progress Rate: 0.25

Warning: model not found. Using cl100k_base encoding.
2026-09-20 11:19:07 | INFO | tasks.scienceworld | Step 13 - Action: pick up jug
2026-09-20 11:19:07 | INFO | tasks.scienceworld | Step 13 - Observation: You move the jug to the inventory.
2026-09-20 11:19:07 | INFO | tasks.scienceworld | Step 13 - Progress Rate: 0.25

Warning: model not found. Using cl100k_base encoding.
2026-09-20 11:19:11 | INFO | tasks.scienceworld | Step 14 - Action: check valid actions
2026-09-20 11:19:11 | INFO | tasks.scienceworld | Step 14 - Observation: Choose an action from these valid actions: activate OBJ, close OBJ, deactivate OBJ, dunk OBJ in OBJ, eat OBJ, flush OBJ, focus on OBJ, go OBJ, inventory, look around, look at OBJ, look in OBJ, mix OBJ, move OBJ to OBJ, open OBJ, pick up OBJ, pour OBJ in OBJ, put down OBJ, read OBJ, task, use OBJ on OBJ, wait, wait1, check valid actions
2026-09-20 11:19:11 | INFO | tasks.scienceworld | Step 14 - Progress Rate: 0.25

Warning: model not found. Using cl100k_base encoding.
2026-09-20 11:19:25 | INFO | tasks.scienceworld | Step 15 - Action: 
2026-09-20 11:19:26 | INFO | tasks.scienceworld | Step 15 - Observation: No known action matches that input.
2026-09-20 11:19:26 | INFO | tasks.scienceworld | Step 15 - Progress Rate: 0.25

Warning: model not found. Using cl100k_base encoding.
2026-09-20 11:19:30 | INFO | tasks.scienceworld | Step 16 - Action: inventory
2026-09-20 11:19:30 | INFO | tasks.scienceworld | Step 16 - Observation: In your inventory, you see:
	a jug (containing nothing)
	an orange
2026-09-20 11:19:30 | INFO | tasks.scienceworld | Step 16 - Progress Rate: 0.25

Warning: model not found. Using cl100k_base encoding.
2026-09-20 11:19:36 | INFO | tasks.scienceworld | Step 17 - Action: pour wood cup in jug
2026-09-20 11:19:36 | INFO | tasks.scienceworld | Step 17 - Observation: Ambiguous request: Please enter the number for the action you intended (or blank to cancel):
0:	pour wood cup (in art studio) in jug (in inventory, in agent, in art studio)
1:	pour wood cup (in art studio) in jug (in inventory, in agent, in art studio)
2:	pour wood cup (in art studio) in jug (in inventory, in agent, in art studio)

2026-09-20 11:19:36 | INFO | tasks.scienceworld | Step 17 - Progress Rate: 0.25

Warning: model not found. Using cl100k_base encoding.
2026-09-20 11:19:38 | INFO | tasks.scienceworld | Step 18 - Action: 0
2026-09-20 11:19:39 | INFO | tasks.scienceworld | Step 18 - Observation: You pour the contents of the wood cup into the jug.
2026-09-20 11:19:39 | INFO | tasks.scienceworld | Step 18 - Progress Rate: 0.5

Warning: model not found. Using cl100k_base encoding.
2026-09-20 11:19:41 | INFO | tasks.scienceworld | Step 19 - Action: look around
2026-09-20 11:19:42 | INFO | tasks.scienceworld | Step 19 - Observation: This room is called the art studio. In it, you see: 
	the agent
	a substance called air
	a large cupboard. The large cupboard door is closed. 
	a paint closet. The paint closet door is closed. 
	a table. On the table is: nothing.
	a wood cup (containing red paint)
	a wood cup (containing nothing)
	a wood cup (containing yellow paint)
You also see:
	A door to the hallway (that is open)
2026-09-20 11:19:42 | INFO | tasks.scienceworld | Step 19 - Progress Rate: 0.5

Warning: model not found. Using cl100k_base encoding.
2026-09-20 11:19:57 | INFO | tasks.scienceworld | Step 20 - Action: 
2026-09-20 11:19:57 | INFO | tasks.scienceworld | Step 20 - Observation: No known action matches that input.
2026-09-20 11:19:57 | INFO | tasks.scienceworld | Step 20 - Progress Rate: 0.5

Warning: model not found. Using cl100k_base encoding.
2026-09-20 11:20:03 | INFO | tasks.scienceworld | Step 21 - Action: inventory
2026-09-20 11:20:03 | INFO | tasks.scienceworld | Step 21 - Observation: In your inventory, you see:
	a jug (containing blue paint)
	an orange
2026-09-20 11:20:03 | INFO | tasks.scienceworld | Step 21 - Progress Rate: 0.5

Warning: model not found. Using cl100k_base encoding.
2026-09-20 11:20:06 | INFO | tasks.scienceworld | Step 22 - Action: look around
2026-09-20 11:20:06 | INFO | tasks.scienceworld | Step 22 - Observation: This room is called the art studio. In it, you see: 
	the agent
	a substance called air
	a large cupboard. The large cupboard door is closed. 
	a paint closet. The paint closet door is closed. 
	a table. On the table is: nothing.
	a wood cup (containing red paint)
	a wood cup (containing nothing)
	a wood cup (containing yellow paint)
You also see:
	A door to the hallway (that is open)
2026-09-20 11:20:06 | INFO | tasks.scienceworld | Step 22 - Progress Rate: 0.5

Warning: model not found. Using cl100k_base encoding.
2026-09-20 11:20:09 | INFO | tasks.scienceworld | Step 23 - Action: pour wood cup in jug
2026-09-20 11:20:09 | INFO | tasks.scienceworld | Step 23 - Observation: Ambiguous request: Please enter the number for the action you intended (or blank to cancel):
0:	pour wood cup (in art studio) in jug (in inventory, in agent, in art studio)
1:	pour wood cup (in art studio) in jug (in inventory, in agent, in art studio)
2:	pour wood cup (in art studio) in jug (in inventory, in agent, in art studio)

2026-09-20 11:20:09 | INFO | tasks.scienceworld | Step 23 - Progress Rate: 0.5

Warning: model not found. Using cl100k_base encoding.
2026-09-20 11:20:12 | INFO | tasks.scienceworld | Step 24 - Action: pour wood cup containing yellow paint in jug
2026-09-20 11:20:12 | INFO | tasks.scienceworld | Step 24 - Observation: Unknown action.  Type 'help' for a list of actions, and 'objects' for a list of possible object referents. 
2026-09-20 11:20:12 | INFO | tasks.scienceworld | Step 24 - Progress Rate: 0.5

Warning: model not found. Using cl100k_base encoding.
2026-09-20 11:20:15 | INFO | tasks.scienceworld | Step 25 - Action: pick up wood cup
2026-09-20 11:20:15 | INFO | tasks.scienceworld | Step 25 - Observation: Ambiguous request: Please enter the number for the action you intended (or blank to cancel):
0:	pick up wood cup (in art studio)
1:	pick up wood cup (in art studio)
2:	pick up wood cup (in art studio)

2026-09-20 11:20:15 | INFO | tasks.scienceworld | Step 25 - Progress Rate: 0.5

Warning: model not found. Using cl100k_base encoding.
2026-09-20 11:20:20 | INFO | tasks.scienceworld | Step 26 - Action: 2
2026-09-20 11:20:20 | INFO | tasks.scienceworld | Step 26 - Observation: You move the wood cup to the inventory.
2026-09-20 11:20:20 | INFO | tasks.scienceworld | Step 26 - Progress Rate: 0.5

Warning: model not found. Using cl100k_base encoding.
2026-09-20 11:20:22 | INFO | tasks.scienceworld | Step 27 - Action: inventory
2026-09-20 11:20:22 | INFO | tasks.scienceworld | Step 27 - Observation: In your inventory, you see:
	a jug (containing blue paint)
	an orange
	a wood cup (containing yellow paint)
2026-09-20 11:20:22 | INFO | tasks.scienceworld | Step 27 - Progress Rate: 0.5

Warning: model not found. Using cl100k_base encoding.
2026-09-20 11:20:24 | INFO | tasks.scienceworld | Step 28 - Action: pour wood cup in jug
2026-09-20 11:20:24 | INFO | tasks.scienceworld | Step 28 - Observation: Ambiguous request: Please enter the number for the action you intended (or blank to cancel):
0:	pour wood cup (in art studio) in jug (in inventory, in agent, in art studio)
1:	pour wood cup (in art studio) in jug (in inventory, in agent, in art studio)
2:	pour wood cup (in inventory, in agent, in art studio) in jug (in inventory, in agent, in art studio)

2026-09-20 11:20:24 | INFO | tasks.scienceworld | Step 28 - Progress Rate: 0.5

Warning: model not found. Using cl100k_base encoding.
2026-09-20 11:20:27 | INFO | tasks.scienceworld | Step 29 - Action: 2
2026-09-20 11:20:27 | INFO | tasks.scienceworld | Step 29 - Observation: You pour the contents of the wood cup into the jug.
2026-09-20 11:20:27 | INFO | tasks.scienceworld | Step 29 - Progress Rate: 0.5

2026-09-20 11:20:27 | FINISH | tasks.scienceworld | [1;33mExample 23 | Success: False , Progress Rate: 0.5 , Steps: 30
[0m
2026-09-20 11:20:27 | GOAL | tasks.scienceworld | [1;34mExample 24 | Goal: task_name: find-animal, var: 5, Your task is to find a blue jay egg in the outside. First, focus on it. Then, move it to the purple box in the kitchen.[0m
2026-09-20 11:20:27 | INFO | scienceworld.scienceworld | Loading: find-animal (variation: 5) (simplifications: selfWateringFlowerPots,openContainers,openDoors,noElectricalAction)
2026-09-20 11:20:28 | INFO | tasks.scienceworld | Step 00 - Observation: This room is called the workshop. In it, you see: 
	the agent
	a substance called air
	a table. On the table is: a battery, a black wire, a blue wire, a orange wire, a red light bulb, which is off, a switch, which is off, a violet light bulb, which is off, a yellow light bulb, which is off.
	a ultra low temperature freezer. The ultra low temperature freezer door is closed. 
You also see:
	A door to the hallway (that is open)
In your inventory, you see:
	an orange

Warning: model not found. Using cl100k_base encoding.
2026-09-20 11:20:29 | INFO | tasks.scienceworld | Step 00 - Action: go to hallway
2026-09-20 11:20:29 | INFO | tasks.scienceworld | Step 00 - Observation: You move to the hallway.
2026-09-20 11:20:29 | INFO | tasks.scienceworld | Step 00 - Progress Rate: 0.0

Warning: model not found. Using cl100k_base encoding.
2026-09-20 11:20:30 | INFO | tasks.scienceworld | Step 01 - Action: go to kitchen
2026-09-20 11:20:30 | INFO | tasks.scienceworld | Step 01 - Observation: You move to the kitchen.
2026-09-20 11:20:30 | INFO | tasks.scienceworld | Step 01 - Progress Rate: 0.2

Warning: model not found. Using cl100k_base encoding.
2026-09-20 11:20:31 | INFO | tasks.scienceworld | Step 02 - Action: look around
2026-09-20 11:20:31 | INFO | tasks.scienceworld | Step 02 - Observation: This room is called the kitchen. In it, you see: 
	the agent
	a substance called air
	a chair. On the chair is: nothing.
	a counter. On the counter is: a bowl (containing a red apple, a banana, an orange, a potato), a drawer.
	a cupboard. The cupboard door is closed. 
	a freezer. The freezer door is closed. 
	a fridge. The fridge door is closed. 
	a glass jar (containing a substance called sodium chloride)
	a lighter
	a oven, which is turned off. The oven door is closed. 
	a painting
	a purple box (containing nothing)
	a sink, which is turned off. In the sink is: nothing.
	a substance called soap
	a stopwatch, which is deactivated. 
	a stove, which is turned off. On the stove is: nothing.
	a table. On the table is: a glass cup (containing nothing).
	a thermometer, currently reading a temperature of 10 degrees celsius
You also see:
	A door to the bathroom (that is open)
	A door to the hallway (that is open)
	A door to the outside (that is open)
2026-09-20 11:20:31 | INFO | tasks.scienceworld | Step 02 - Progress Rate: 0.2

Warning: model not found. Using cl100k_base encoding.
2026-09-20 11:20:32 | INFO | tasks.scienceworld | Step 03 - Action: go to outside
2026-09-20 11:20:33 | INFO | tasks.scienceworld | Step 03 - Observation: You move to the outside.
2026-09-20 11:20:33 | INFO | tasks.scienceworld | Step 03 - Progress Rate: 0.4

Warning: model not found. Using cl100k_base encoding.
2026-09-20 11:20:33 | INFO | tasks.scienceworld | Step 04 - Action: look around
2026-09-20 11:20:34 | INFO | tasks.scienceworld | Step 04 - Observation: This outside location is called the outside. Here you see: 
	the agent
	a substance called air
	an axe
	a blue jay egg
	a butterfly egg
	a dove egg
	a fire pit (containing nothing)
	a fountain (containing a substance called water)
	the ground
	a substance called wood
You also see:
	A door to the foundry (that is open)
	A door to the greenhouse (that is open)
	A door to the kitchen (that is open)
2026-09-20 11:20:34 | INFO | tasks.scienceworld | Step 04 - Progress Rate: 0.4

Warning: model not found. Using cl100k_base encoding.
2026-09-20 11:20:34 | INFO | tasks.scienceworld | Step 05 - Action: focus on blue jay egg
2026-09-20 11:20:34 | INFO | tasks.scienceworld | Step 05 - Observation: You focus on the blue jay egg.
2026-09-20 11:20:34 | INFO | tasks.scienceworld | Step 05 - Progress Rate: 0.6

Warning: model not found. Using cl100k_base encoding.
2026-09-20 11:20:36 | INFO | tasks.scienceworld | Step 06 - Action: pick up blue jay egg
2026-09-20 11:20:36 | INFO | tasks.scienceworld | Step 06 - Observation: You move the blue jay to the inventory.
2026-09-20 11:20:36 | INFO | tasks.scienceworld | Step 06 - Progress Rate: 0.8

Warning: model not found. Using cl100k_base encoding.
2026-09-20 11:20:36 | INFO | tasks.scienceworld | Step 07 - Action: go to kitchen
2026-09-20 11:20:37 | INFO | tasks.scienceworld | Step 07 - Observation: You move to the kitchen.
2026-09-20 11:20:37 | INFO | tasks.scienceworld | Step 07 - Progress Rate: 0.8

Warning: model not found. Using cl100k_base encoding.
2026-09-20 11:20:38 | INFO | tasks.scienceworld | Step 08 - Action: move blue jay egg to purple box
2026-09-20 11:20:38 | INFO | tasks.scienceworld | Step 08 - Observation: You move the blue jay to the purple box.
2026-09-20 11:20:38 | INFO | tasks.scienceworld | Step 08 - Progress Rate: 1.0

2026-09-20 11:20:38 | FINISH | tasks.scienceworld | [1;33mExample 24 | Success: True , Progress Rate: 1.0 , Steps: 9
[0m
2026-09-20 11:20:38 | GOAL | tasks.scienceworld | [1;34mExample 25 | Goal: task_name: find-animal, var: 6, Your task is to find a dove egg in the outside. First, focus on the thing. Then, move it to the red box in the bathroom.[0m
2026-09-20 11:20:38 | INFO | scienceworld.scienceworld | Loading: find-animal (variation: 6) (simplifications: selfWateringFlowerPots,openContainers,openDoors,noElectricalAction)
2026-09-20 11:20:38 | INFO | tasks.scienceworld | Step 00 - Observation: This room is called the greenhouse. In it, you see: 
	the agent
	a substance called air
	a bee hive. The bee hive door is closed. 
	a flower pot 2 (containing a pea plant in the adult stage with a tall height, soil)
	a flower pot 5 (containing nothing)
	a flower pot 7 (containing a cherry tree in the adult stage, soil)
	a flower pot 8 (containing a apple tree in the adult stage, soil)
	a flower pot 9 (containing nothing)
	a jug (containing nothing)
	a shovel
	a sink, which is turned off. In the sink is: nothing.
You also see:
	A door to the hallway (that is open)
	A door to the outside (that is open)
In your inventory, you see:
	an orange

Warning: model not found. Using cl100k_base encoding.
2026-09-20 11:20:39 | INFO | tasks.scienceworld | Step 00 - Action: go to outside
2026-09-20 11:20:39 | INFO | tasks.scienceworld | Step 00 - Observation: You move to the outside.
2026-09-20 11:20:39 | INFO | tasks.scienceworld | Step 00 - Progress Rate: 0.2

Warning: model not found. Using cl100k_base encoding.
2026-09-20 11:20:40 | INFO | tasks.scienceworld | Step 01 - Action: look around
2026-09-20 11:20:40 | INFO | tasks.scienceworld | Step 01 - Observation: This outside location is called the outside. Here you see: 
	the agent
	a substance called air
	an axe
	a blue jay egg
	a butterfly egg
	a dove egg
	a fire pit (containing nothing)
	a fountain (containing a substance called water)
	the ground
	a substance called wood
You also see:
	A door to the foundry (that is open)
	A door to the greenhouse (that is open)
	A door to the kitchen (that is open)
2026-09-20 11:20:40 | INFO | tasks.scienceworld | Step 01 - Progress Rate: 0.2

Warning: model not found. Using cl100k_base encoding.
2026-09-20 11:20:41 | INFO | tasks.scienceworld | Step 02 - Action: focus on dove egg
2026-09-20 11:20:41 | INFO | tasks.scienceworld | Step 02 - Observation: You focus on the dove egg.
2026-09-20 11:20:41 | INFO | tasks.scienceworld | Step 02 - Progress Rate: 0.4

Warning: model not found. Using cl100k_base encoding.
2026-09-20 11:20:42 | INFO | tasks.scienceworld | Step 03 - Action: pick up dove egg
2026-09-20 11:20:42 | INFO | tasks.scienceworld | Step 03 - Observation: You move the dove to the inventory.
2026-09-20 11:20:42 | INFO | tasks.scienceworld | Step 03 - Progress Rate: 0.6

Warning: model not found. Using cl100k_base encoding.
2026-09-20 11:20:44 | INFO | tasks.scienceworld | Step 04 - Action: go to kitchen
2026-09-20 11:20:44 | INFO | tasks.scienceworld | Step 04 - Observation: You move to the kitchen.
2026-09-20 11:20:44 | INFO | tasks.scienceworld | Step 04 - Progress Rate: 0.6

Warning: model not found. Using cl100k_base encoding.
2026-09-20 11:20:45 | INFO | tasks.scienceworld | Step 05 - Action: go to bathroom
2026-09-20 11:20:45 | INFO | tasks.scienceworld | Step 05 - Observation: You move to the bathroom.
2026-09-20 11:20:45 | INFO | tasks.scienceworld | Step 05 - Progress Rate: 0.8

Warning: model not found. Using cl100k_base encoding.
2026-09-20 11:20:46 | INFO | tasks.scienceworld | Step 06 - Action: look around
2026-09-20 11:20:46 | INFO | tasks.scienceworld | Step 06 - Observation: This room is called the bathroom. In it, you see: 
	the agent
	a substance called air
	a bathtub, which is turned off. In the bathtub is: nothing.
	a glass cup (containing nothing)
	a painting
	a red box (containing nothing)
	a sink, which is turned off. In the sink is: nothing.
	a toilet. In the toilet is: A drain, which is closed, a substance called water.
You also see:
	A door to the kitchen (that is open)
2026-09-20 11:20:46 | INFO | tasks.scienceworld | Step 06 - Progress Rate: 0.8

Warning: model not found. Using cl100k_base encoding.
2026-09-20 11:20:48 | INFO | tasks.scienceworld | Step 07 - Action: move dove egg to red box
2026-09-20 11:20:48 | INFO | tasks.scienceworld | Step 07 - Observation: You move the dove to the red box.
2026-09-20 11:20:48 | INFO | tasks.scienceworld | Step 07 - Progress Rate: 1.0

2026-09-20 11:20:48 | FINISH | tasks.scienceworld | [1;33mExample 25 | Success: True , Progress Rate: 1.0 , Steps: 8
[0m
2026-09-20 11:20:48 | GOAL | tasks.scienceworld | [1;34mExample 26 | Goal: task_name: find-animal, var: 7, Your task is to find a butterfly egg in the outside. First, focus on the thing. Then, move it to the green box in the bathroom.[0m
2026-09-20 11:20:48 | INFO | scienceworld.scienceworld | Loading: find-animal (variation: 7) (simplifications: selfWateringFlowerPots,openContainers,openDoors,noElectricalAction)
2026-09-20 11:20:48 | INFO | tasks.scienceworld | Step 00 - Observation: This room is called the hallway. In it, you see: 
	the agent
	a substance called air
	a drawing
You also see:
	A door to the art studio (that is open)
	A door to the bedroom (that is open)
	A door to the greenhouse (that is open)
	A door to the kitchen (that is open)
	A door to the living room (that is open)
	A door to the workshop (that is open)
In your inventory, you see:
	an orange

Warning: model not found. Using cl100k_base encoding.
2026-09-20 11:20:49 | INFO | tasks.scienceworld | Step 00 - Action: go to kitchen
2026-09-20 11:20:50 | INFO | tasks.scienceworld | Step 00 - Observation: You move to the kitchen.
2026-09-20 11:20:50 | INFO | tasks.scienceworld | Step 00 - Progress Rate: 0.0

Warning: model not found. Using cl100k_base encoding.
2026-09-20 11:20:51 | INFO | tasks.scienceworld | Step 01 - Action: look around
2026-09-20 11:20:51 | INFO | tasks.scienceworld | Step 01 - Observation: This room is called the kitchen. In it, you see: 
	the agent
	a substance called air
	a chair. On the chair is: nothing.
	a counter. On the counter is: a bowl (containing a red apple, a banana, an orange, a potato), a drawer.
	a cupboard. The cupboard door is closed. 
	a freezer. The freezer door is closed. 
	a fridge. The fridge door is closed. 
	a glass jar (containing a substance called sodium chloride)
	a lighter
	a oven, which is turned off. The oven door is closed. 
	a painting
	a sink, which is turned off. In the sink is: nothing.
	a substance called soap
	a stopwatch, which is deactivated. 
	a stove, which is turned off. On the stove is: nothing.
	a table. On the table is: a glass cup (containing nothing).
	a thermometer, currently reading a temperature of 10 degrees celsius
You also see:
	A door to the bathroom (that is open)
	A door to the hallway (that is open)
	A door to the outside (that is open)
2026-09-20 11:20:51 | INFO | tasks.scienceworld | Step 01 - Progress Rate: 0.0

Warning: model not found. Using cl100k_base encoding.
2026-09-20 11:20:52 | INFO | tasks.scienceworld | Step 02 - Action: go to outside
2026-09-20 11:20:52 | INFO | tasks.scienceworld | Step 02 - Observation: You move to the outside.
2026-09-20 11:20:52 | INFO | tasks.scienceworld | Step 02 - Progress Rate: 0.2

Warning: model not found. Using cl100k_base encoding.
2026-09-20 11:20:53 | INFO | tasks.scienceworld | Step 03 - Action: look around
2026-09-20 11:20:53 | INFO | tasks.scienceworld | Step 03 - Observation: This outside location is called the outside. Here you see: 
	the agent
	a substance called air
	an axe
	a blue jay egg
	a butterfly egg
	a dove egg
	a fire pit (containing nothing)
	a fountain (containing a substance called water)
	the ground
	a substance called wood
You also see:
	A door to the foundry (that is open)
	A door to the greenhouse (that is open)
	A door to the kitchen (that is open)
2026-09-20 11:20:53 | INFO | tasks.scienceworld | Step 03 - Progress Rate: 0.2

Warning: model not found. Using cl100k_base encoding.
2026-09-20 11:20:54 | INFO | tasks.scienceworld | Step 04 - Action: focus on butterfly egg
2026-09-20 11:20:54 | INFO | tasks.scienceworld | Step 04 - Observation: You focus on the butterfly egg.
2026-09-20 11:20:54 | INFO | tasks.scienceworld | Step 04 - Progress Rate: 0.4

Warning: model not found. Using cl100k_base encoding.
2026-09-20 11:20:55 | INFO | tasks.scienceworld | Step 05 - Action: pick up butterfly egg
2026-09-20 11:20:55 | INFO | tasks.scienceworld | Step 05 - Observation: You move the butterfly to the inventory.
2026-09-20 11:20:55 | INFO | tasks.scienceworld | Step 05 - Progress Rate: 0.6

Warning: model not found. Using cl100k_base encoding.
2026-09-20 11:20:57 | INFO | tasks.scienceworld | Step 06 - Action: go to kitchen
2026-09-20 11:20:57 | INFO | tasks.scienceworld | Step 06 - Observation: You move to the kitchen.
2026-09-20 11:20:57 | INFO | tasks.scienceworld | Step 06 - Progress Rate: 0.6

Warning: model not found. Using cl100k_base encoding.
2026-09-20 11:20:58 | INFO | tasks.scienceworld | Step 07 - Action: go to bathroom
2026-09-20 11:20:58 | INFO | tasks.scienceworld | Step 07 - Observation: You move to the bathroom.
2026-09-20 11:20:58 | INFO | tasks.scienceworld | Step 07 - Progress Rate: 0.8

Warning: model not found. Using cl100k_base encoding.
2026-09-20 11:20:59 | INFO | tasks.scienceworld | Step 08 - Action: look around
2026-09-20 11:20:59 | INFO | tasks.scienceworld | Step 08 - Observation: This room is called the bathroom. In it, you see: 
	the agent
	a substance called air
	a bathtub, which is turned off. In the bathtub is: nothing.
	a glass cup (containing nothing)
	a green box (containing nothing)
	a picture
	a sink, which is turned off. In the sink is: nothing.
	a toilet. In the toilet is: A drain, which is closed, a substance called water.
You also see:
	A door to the kitchen (that is open)
2026-09-20 11:20:59 | INFO | tasks.scienceworld | Step 08 - Progress Rate: 0.8

Warning: model not found. Using cl100k_base encoding.
2026-09-20 11:21:00 | INFO | tasks.scienceworld | Step 09 - Action: inventory
2026-09-20 11:21:00 | INFO | tasks.scienceworld | Step 09 - Observation: In your inventory, you see:
	a butterfly egg
	an orange
2026-09-20 11:21:00 | INFO | tasks.scienceworld | Step 09 - Progress Rate: 0.8

Warning: model not found. Using cl100k_base encoding.
2026-09-20 11:21:01 | INFO | tasks.scienceworld | Step 10 - Action: move butterfly egg to green box
2026-09-20 11:21:01 | INFO | tasks.scienceworld | Step 10 - Observation: You move the butterfly to the green box.
2026-09-20 11:21:01 | INFO | tasks.scienceworld | Step 10 - Progress Rate: 1.0

2026-09-20 11:21:01 | FINISH | tasks.scienceworld | [1;33mExample 26 | Success: True , Progress Rate: 1.0 , Steps: 11
[0m
2026-09-20 11:21:01 | GOAL | tasks.scienceworld | [1;34mExample 27 | Goal: task_name: find-living-thing, var: 5, Your task is to find a blue jay egg in the outside. First, focus on the thing. Then, move it to the purple box in the kitchen.[0m
2026-09-20 11:21:01 | INFO | scienceworld.scienceworld | Loading: find-living-thing (variation: 5) (simplifications: selfWateringFlowerPots,openContainers,openDoors,noElectricalAction)
2026-09-20 11:21:02 | INFO | tasks.scienceworld | Step 00 - Observation: This room is called the workshop. In it, you see: 
	the agent
	a substance called air
	a table. On the table is: a battery, a black wire, a blue wire, a orange wire, a red light bulb, which is off, a switch, which is off, a violet light bulb, which is off, a yellow light bulb, which is off.
	a ultra low temperature freezer. The ultra low temperature freezer door is closed. 
You also see:
	A door to the hallway (that is open)
In your inventory, you see:
	an orange

Warning: model not found. Using cl100k_base encoding.
2026-09-20 11:21:03 | INFO | tasks.scienceworld | Step 00 - Action: go to hallway
2026-09-20 11:21:03 | INFO | tasks.scienceworld | Step 00 - Observation: You move to the hallway.
2026-09-20 11:21:03 | INFO | tasks.scienceworld | Step 00 - Progress Rate: 0.0

Warning: model not found. Using cl100k_base encoding.
2026-09-20 11:21:04 | INFO | tasks.scienceworld | Step 01 - Action: look around
2026-09-20 11:21:04 | INFO | tasks.scienceworld | Step 01 - Observation: This room is called the hallway. In it, you see: 
	the agent
	a substance called air
	a painting
You also see:
	A door to the art studio (that is open)
	A door to the bedroom (that is open)
	A door to the greenhouse (that is open)
	A door to the kitchen (that is open)
	A door to the living room (that is open)
	A door to the workshop (that is open)
2026-09-20 11:21:04 | INFO | tasks.scienceworld | Step 01 - Progress Rate: 0.0

Warning: model not found. Using cl100k_base encoding.
2026-09-20 11:21:05 | INFO | tasks.scienceworld | Step 02 - Action: go to kitchen
2026-09-20 11:21:05 | INFO | tasks.scienceworld | Step 02 - Observation: You move to the kitchen.
2026-09-20 11:21:05 | INFO | tasks.scienceworld | Step 02 - Progress Rate: 0.2

Warning: model not found. Using cl100k_base encoding.
2026-09-20 11:21:06 | INFO | tasks.scienceworld | Step 03 - Action: look around
2026-09-20 11:21:06 | INFO | tasks.scienceworld | Step 03 - Observation: This room is called the kitchen. In it, you see: 
	the agent
	a substance called air
	a chair. On the chair is: nothing.
	a counter. On the counter is: a bowl (containing a red apple, a banana, an orange, a potato), a drawer.
	a cupboard. The cupboard door is closed. 
	a freezer. The freezer door is closed. 
	a fridge. The fridge door is closed. 
	a glass jar (containing a substance called sodium chloride)
	a lighter
	a oven, which is turned off. The oven door is closed. 
	a painting
	a purple box (containing nothing)
	a sink, which is turned off. In the sink is: nothing.
	a substance called soap
	a stopwatch, which is deactivated. 
	a stove, which is turned off. On the stove is: nothing.
	a table. On the table is: a glass cup (containing nothing).
	a thermometer, currently reading a temperature of 10 degrees celsius
You also see:
	A door to the bathroom (that is open)
	A door to the hallway (that is open)
	A door to the outside (that is open)
2026-09-20 11:21:06 | INFO | tasks.scienceworld | Step 03 - Progress Rate: 0.2

Warning: model not found. Using cl100k_base encoding.
2026-09-20 11:21:07 | INFO | tasks.scienceworld | Step 04 - Action: go to outside
2026-09-20 11:21:07 | INFO | tasks.scienceworld | Step 04 - Observation: You move to the outside.
2026-09-20 11:21:07 | INFO | tasks.scienceworld | Step 04 - Progress Rate: 0.4

Warning: model not found. Using cl100k_base encoding.
2026-09-20 11:21:08 | INFO | tasks.scienceworld | Step 05 - Action: look around
2026-09-20 11:21:08 | INFO | tasks.scienceworld | Step 05 - Observation: This outside location is called the outside. Here you see: 
	the agent
	a substance called air
	an axe
	a blue jay egg
	a butterfly egg
	a dove egg
	a fire pit (containing nothing)
	a fountain (containing a substance called water)
	the ground
	a substance called wood
You also see:
	A door to the foundry (that is open)
	A door to the greenhouse (that is open)
	A door to the kitchen (that is open)
2026-09-20 11:21:08 | INFO | tasks.scienceworld | Step 05 - Progress Rate: 0.4

Warning: model not found. Using cl100k_base encoding.
2026-09-20 11:21:09 | INFO | tasks.scienceworld | Step 06 - Action: focus on blue jay egg
2026-09-20 11:21:09 | INFO | tasks.scienceworld | Step 06 - Observation: You focus on the blue jay egg.
2026-09-20 11:21:09 | INFO | tasks.scienceworld | Step 06 - Progress Rate: 0.6

Warning: model not found. Using cl100k_base encoding.
2026-09-20 11:21:10 | INFO | tasks.scienceworld | Step 07 - Action: pick up blue jay egg
2026-09-20 11:21:10 | INFO | tasks.scienceworld | Step 07 - Observation: You move the blue jay to the inventory.
2026-09-20 11:21:10 | INFO | tasks.scienceworld | Step 07 - Progress Rate: 0.8

Warning: model not found. Using cl100k_base encoding.
2026-09-20 11:21:11 | INFO | tasks.scienceworld | Step 08 - Action: go to kitchen
2026-09-20 11:21:11 | INFO | tasks.scienceworld | Step 08 - Observation: You move to the kitchen.
2026-09-20 11:21:11 | INFO | tasks.scienceworld | Step 08 - Progress Rate: 0.8

Warning: model not found. Using cl100k_base encoding.
2026-09-20 11:21:13 | INFO | tasks.scienceworld | Step 09 - Action: move blue jay egg to purple box
2026-09-20 11:21:13 | INFO | tasks.scienceworld | Step 09 - Observation: You move the blue jay to the purple box.
2026-09-20 11:21:13 | INFO | tasks.scienceworld | Step 09 - Progress Rate: 1.0

2026-09-20 11:21:13 | FINISH | tasks.scienceworld | [1;33mExample 27 | Success: True , Progress Rate: 1.0 , Steps: 10
[0m
2026-09-20 11:21:13 | GOAL | tasks.scienceworld | [1;34mExample 28 | Goal: task_name: find-living-thing, var: 6, Your task is to find a dove egg in the outside. First, focus on the thing. Then, move it to the red box in the bathroom.[0m
2026-09-20 11:21:13 | INFO | scienceworld.scienceworld | Loading: find-living-thing (variation: 6) (simplifications: selfWateringFlowerPots,openContainers,openDoors,noElectricalAction)
2026-09-20 11:21:13 | INFO | tasks.scienceworld | Step 00 - Observation: This room is called the greenhouse. In it, you see: 
	the agent
	a substance called air
	a bee hive. The bee hive door is closed. 
	a flower pot 1 (containing a apple tree in the adult stage, soil)
	a flower pot 2 (containing nothing)
	a flower pot 5 (containing a pea plant in the adult stage with a tall height, soil)
	a flower pot 8 (containing nothing)
	a flower pot 9 (containing a cherry tree in the adult stage, soil)
	a jug (containing nothing)
	a shovel
	a sink, which is turned off. In the sink is: nothing.
You also see:
	A door to the hallway (that is open)
	A door to the outside (that is open)
In your inventory, you see:
	an orange

Warning: model not found. Using cl100k_base encoding.
2026-09-20 11:21:14 | INFO | tasks.scienceworld | Step 00 - Action: go to outside
2026-09-20 11:21:14 | INFO | tasks.scienceworld | Step 00 - Observation: You move to the outside.
2026-09-20 11:21:14 | INFO | tasks.scienceworld | Step 00 - Progress Rate: 0.2

Warning: model not found. Using cl100k_base encoding.
2026-09-20 11:21:15 | INFO | tasks.scienceworld | Step 01 - Action: look around
2026-09-20 11:21:15 | INFO | tasks.scienceworld | Step 01 - Observation: This outside location is called the outside. Here you see: 
	the agent
	a substance called air
	an axe
	a blue jay egg
	a butterfly egg
	a dove egg
	a fire pit (containing nothing)
	a fountain (containing a substance called water)
	the ground
	a substance called wood
You also see:
	A door to the foundry (that is open)
	A door to the greenhouse (that is open)
	A door to the kitchen (that is open)
2026-09-20 11:21:15 | INFO | tasks.scienceworld | Step 01 - Progress Rate: 0.2

Warning: model not found. Using cl100k_base encoding.
2026-09-20 11:21:16 | INFO | tasks.scienceworld | Step 02 - Action: focus on dove egg
2026-09-20 11:21:16 | INFO | tasks.scienceworld | Step 02 - Observation: You focus on the dove egg.
2026-09-20 11:21:16 | INFO | tasks.scienceworld | Step 02 - Progress Rate: 0.4

Warning: model not found. Using cl100k_base encoding.
2026-09-20 11:21:17 | INFO | tasks.scienceworld | Step 03 - Action: pick up dove egg
2026-09-20 11:21:17 | INFO | tasks.scienceworld | Step 03 - Observation: You move the dove to the inventory.
2026-09-20 11:21:17 | INFO | tasks.scienceworld | Step 03 - Progress Rate: 0.6

Warning: model not found. Using cl100k_base encoding.
2026-09-20 11:21:18 | INFO | tasks.scienceworld | Step 04 - Action: go to kitchen
2026-09-20 11:21:18 | INFO | tasks.scienceworld | Step 04 - Observation: You move to the kitchen.
2026-09-20 11:21:18 | INFO | tasks.scienceworld | Step 04 - Progress Rate: 0.6

Warning: model not found. Using cl100k_base encoding.
2026-09-20 11:21:19 | INFO | tasks.scienceworld | Step 05 - Action: go to bathroom
2026-09-20 11:21:19 | INFO | tasks.scienceworld | Step 05 - Observation: You move to the bathroom.
2026-09-20 11:21:19 | INFO | tasks.scienceworld | Step 05 - Progress Rate: 0.8

Warning: model not found. Using cl100k_base encoding.
2026-09-20 11:21:22 | INFO | tasks.scienceworld | Step 06 - Action: look around
2026-09-20 11:21:23 | INFO | tasks.scienceworld | Step 06 - Observation: This room is called the bathroom. In it, you see: 
	the agent
	a substance called air
	a bathtub, which is turned off. In the bathtub is: nothing.
	a glass cup (containing nothing)
	a painting
	a red box (containing nothing)
	a sink, which is turned off. In the sink is: nothing.
	a toilet. In the toilet is: A drain, which is closed, a substance called water.
You also see:
	A door to the kitchen (that is open)
2026-09-20 11:21:23 | INFO | tasks.scienceworld | Step 06 - Progress Rate: 0.8

Warning: model not found. Using cl100k_base encoding.
2026-09-20 11:21:24 | INFO | tasks.scienceworld | Step 07 - Action: move dove egg to red box
2026-09-20 11:21:24 | INFO | tasks.scienceworld | Step 07 - Observation: You move the dove to the red box.
2026-09-20 11:21:24 | INFO | tasks.scienceworld | Step 07 - Progress Rate: 1.0

2026-09-20 11:21:24 | FINISH | tasks.scienceworld | [1;33mExample 28 | Success: True , Progress Rate: 1.0 , Steps: 8
[0m
2026-09-20 11:21:24 | GOAL | tasks.scienceworld | [1;34mExample 29 | Goal: task_name: find-living-thing, var: 7, Your task is to find a butterfly egg in the outside. First, focus on the thing. Then, move it to the green box in the bathroom.[0m
2026-09-20 11:21:24 | INFO | scienceworld.scienceworld | Loading: find-living-thing (variation: 7) (simplifications: selfWateringFlowerPots,openContainers,openDoors,noElectricalAction)
2026-09-20 11:21:24 | INFO | tasks.scienceworld | Step 00 - Observation: This room is called the hallway. In it, you see: 
	the agent
	a substance called air
	a drawing
You also see:
	A door to the art studio (that is open)
	A door to the bedroom (that is open)
	A door to the greenhouse (that is open)
	A door to the kitchen (that is open)
	A door to the living room (that is open)
	A door to the workshop (that is open)
In your inventory, you see:
	an orange

Warning: model not found. Using cl100k_base encoding.
2026-09-20 11:21:25 | INFO | tasks.scienceworld | Step 00 - Action: go to kitchen
2026-09-20 11:21:25 | INFO | tasks.scienceworld | Step 00 - Observation: You move to the kitchen.
2026-09-20 11:21:25 | INFO | tasks.scienceworld | Step 00 - Progress Rate: 0.0

Warning: model not found. Using cl100k_base encoding.
2026-09-20 11:21:26 | INFO | tasks.scienceworld | Step 01 - Action: look around
2026-09-20 11:21:26 | INFO | tasks.scienceworld | Step 01 - Observation: This room is called the kitchen. In it, you see: 
	the agent
	a substance called air
	a chair. On the chair is: nothing.
	a counter. On the counter is: a bowl (containing a red apple, a banana, an orange, a potato), a drawer.
	a cupboard. The cupboard door is closed. 
	a freezer. The freezer door is closed. 
	a fridge. The fridge door is closed. 
	a glass jar (containing a substance called sodium chloride)
	a lighter
	a oven, which is turned off. The oven door is closed. 
	a painting
	a sink, which is turned off. In the sink is: nothing.
	a substance called soap
	a stopwatch, which is deactivated. 
	a stove, which is turned off. On the stove is: nothing.
	a table. On the table is: a glass cup (containing nothing).
	a thermometer, currently reading a temperature of 10 degrees celsius
You also see:
	A door to the bathroom (that is open)
	A door to the hallway (that is open)
	A door to the outside (that is open)
2026-09-20 11:21:26 | INFO | tasks.scienceworld | Step 01 - Progress Rate: 0.0

Warning: model not found. Using cl100k_base encoding.
2026-09-20 11:21:27 | INFO | tasks.scienceworld | Step 02 - Action: go to outside
2026-09-20 11:21:28 | INFO | tasks.scienceworld | Step 02 - Observation: You move to the outside.
2026-09-20 11:21:28 | INFO | tasks.scienceworld | Step 02 - Progress Rate: 0.2

Warning: model not found. Using cl100k_base encoding.
2026-09-20 11:21:29 | INFO | tasks.scienceworld | Step 03 - Action: look around
2026-09-20 11:21:29 | INFO | tasks.scienceworld | Step 03 - Observation: This outside location is called the outside. Here you see: 
	the agent
	a substance called air
	an axe
	a blue jay egg
	a butterfly egg
	a dove egg
	a fire pit (containing nothing)
	a fountain (containing a substance called water)
	the ground
	a substance called wood
You also see:
	A door to the foundry (that is open)
	A door to the greenhouse (that is open)
	A door to the kitchen (that is open)
2026-09-20 11:21:29 | INFO | tasks.scienceworld | Step 03 - Progress Rate: 0.2

Warning: model not found. Using cl100k_base encoding.
2026-09-20 11:21:30 | INFO | tasks.scienceworld | Step 04 - Action: focus on butterfly egg
2026-09-20 11:21:30 | INFO | tasks.scienceworld | Step 04 - Observation: You focus on the butterfly egg.
2026-09-20 11:21:30 | INFO | tasks.scienceworld | Step 04 - Progress Rate: 0.4

Warning: model not found. Using cl100k_base encoding.
2026-09-20 11:21:31 | INFO | tasks.scienceworld | Step 05 - Action: pick up butterfly egg
2026-09-20 11:21:31 | INFO | tasks.scienceworld | Step 05 - Observation: You move the butterfly to the inventory.
2026-09-20 11:21:31 | INFO | tasks.scienceworld | Step 05 - Progress Rate: 0.6

Warning: model not found. Using cl100k_base encoding.
2026-09-20 11:21:33 | INFO | tasks.scienceworld | Step 06 - Action: go to kitchen
2026-09-20 11:21:33 | INFO | tasks.scienceworld | Step 06 - Observation: You move to the kitchen.
2026-09-20 11:21:33 | INFO | tasks.scienceworld | Step 06 - Progress Rate: 0.6

Warning: model not found. Using cl100k_base encoding.
2026-09-20 11:21:34 | INFO | tasks.scienceworld | Step 07 - Action: go to bathroom
2026-09-20 11:21:34 | INFO | tasks.scienceworld | Step 07 - Observation: You move to the bathroom.
2026-09-20 11:21:34 | INFO | tasks.scienceworld | Step 07 - Progress Rate: 0.8

Warning: model not found. Using cl100k_base encoding.
2026-09-20 11:21:35 | INFO | tasks.scienceworld | Step 08 - Action: look around
2026-09-20 11:21:35 | INFO | tasks.scienceworld | Step 08 - Observation: This room is called the bathroom. In it, you see: 
	the agent
	a substance called air
	a bathtub, which is turned off. In the bathtub is: nothing.
	a glass cup (containing nothing)
	a green box (containing nothing)
	a picture
	a sink, which is turned off. In the sink is: nothing.
	a toilet. In the toilet is: A drain, which is closed, a substance called water.
You also see:
	A door to the kitchen (that is open)
2026-09-20 11:21:35 | INFO | tasks.scienceworld | Step 08 - Progress Rate: 0.8

Warning: model not found. Using cl100k_base encoding.
2026-09-20 11:21:37 | INFO | tasks.scienceworld | Step 09 - Action: move butterfly egg to green box
2026-09-20 11:21:37 | INFO | tasks.scienceworld | Step 09 - Observation: You move the butterfly to the green box.
2026-09-20 11:21:37 | INFO | tasks.scienceworld | Step 09 - Progress Rate: 1.0

2026-09-20 11:21:37 | FINISH | tasks.scienceworld | [1;33mExample 29 | Success: True , Progress Rate: 1.0 , Steps: 10
[0m
2026-09-20 11:21:38 | FINISH | __main__ | [1;33mTask scienceworld | Success Rate: 0.6666666666666666 , Progress Rate: 0.9195238095238095 , Easy SR: 0.8888888888888888.Hard SR: 0.5714285714285714, Easy PR: 0.9629629629629629, Hard PR: 0.900907029478458, Grounding Accuracy: 0.2895082947292833[0m
2026-09-20 11:21:38 | INFO | __main__ | Finish evaluating all tasks
